
> artbild-migration@0.1.0 prebuild
> node scripts/validate-tracking-config.mjs

Tracking-Konfiguration: production, Anbieter konfiguriert.

> artbild-migration@0.1.0 build
> astro build && npm run social:cards && npm run images:webp && npm run social:cards:validate && npm run schema:files && npm run seo:files

09:05:06 [types] Generated 25ms
09:05:06 [build] output: "static"
09:05:06 [build] mode: "static"
09:05:06 [build] directory: /Volumes/Cache/migra/migra-repo/dist/
09:05:06 [build] Collecting build info...
09:05:06 [build] ✓ Completed in 60ms.
09:05:07 [build] Building static entrypoints...
09:05:07 [vite] ✓ built in 594ms
09:05:08 [vite] ✓ built in 420ms
09:05:08 [build] Rearranging server assets...

 generating static routes
09:05:08   ├─ /404.html (+9ms)
09:05:08   ├─ /about/index.html (+5ms)
09:05:08   ├─ /admin-termine/index.html (+1ms)
09:05:08   ├─ /api/agent-availability/openapi.json (+1ms)
09:05:08   ├─ /blog/index.html (+3ms)
09:05:08   ├─ /braut-fotoshooting-fraser-suites-hamburg/index.html (+6ms)
09:05:08   ├─ /brautpaar-in-zuerich/index.html (+6ms)
09:05:08   ├─ /brautstyling-hamburg/index.html (+2ms)
09:05:08   ├─ /das-perfekte-getting-ready-fuer-deine-hochzeit-in-hamburg/index.html (+11ms)
09:05:08   ├─ /die-perfekte-hotelsuite-am-hochzeitsmorgen/index.html (+3ms)
09:05:08   ├─ /fuer-agenten/index.html (+2ms)
09:05:08   ├─ /fuer-agenten.md (+1ms)
09:05:08   ├─ /gallery/braeutigam-im-barberhouse-hamburg/index.html (+4ms)
09:05:08   ├─ /gallery/brautkleid-editorial-paris/index.html (+7ms)
09:05:08   ├─ /gallery/editorial/index.html (+9ms)
09:05:08   ├─ /gallery/editorial-london/index.html (+5ms)
09:05:08   ├─ /gallery/ella-deck-couture/index.html (+3ms)
09:05:08   ├─ /gallery/elopement-hochzeit-fraser-suites-hamburg/index.html (+6ms)
09:05:08   ├─ /gallery/getting-ready-hamburg/index.html (+6ms)
09:05:08   ├─ /gallery/hochzeit-braut-fotoshooting-hamburg/index.html (+6ms)
09:05:08   ├─ /gallery/hochzeit-jahrhunderhalle-bochum/index.html (+11ms)
09:05:08   ├─ /gallery/hochzeit-valerie-und-tim/index.html (+3ms)
09:05:08   ├─ /gallery/hochzeitsfotograf-niedersachsen/index.html (+4ms)
09:05:08   ├─ /gallery/hochzeitsfotos-hamburg/index.html (+3ms)
09:05:08   ├─ /gallery/lovebirds-am-elbstrand/index.html (+3ms)
09:05:08   ├─ /gallery/paarshooting-mallorca/index.html (+3ms)
09:05:08   ├─ /gallery/standesamtliche-trauung-standesamt-altona-hochzeitsfotograf-hamburg/index.html (+5ms)
09:05:08   ├─ /gallery/steffi-dominik/index.html (+4ms)
09:05:08   ├─ /gallery/traumhochzeit-in-hamburg/index.html (+4ms)
09:05:08   ├─ /gallery/traumhochzeit-in-paris/index.html (+3ms)
09:05:08   ├─ /gallery/visagistin-manja-biebow/index.html (+2ms)
09:05:08   ├─ /gallery/yildiz-duman-werner/index.html (+2ms)
09:05:08   ├─ /gallery/hamburg/index.html (+4ms)
09:05:08   ├─ /gallery/teneriffa/index.html (+2ms)
09:05:08   ├─ /gallery/der-norden-und-die-kueste/index.html (+2ms)
09:05:08   ├─ /gallery/paris/index.html (+3ms)
09:05:08   ├─ /gallery/venedig/index.html (+3ms)
09:05:08   ├─ /gallery/hannover/index.html (+1ms)
09:05:08   ├─ /gallery/mallorca/index.html (+3ms)
09:05:08   ├─ /gallery-category/hochzeit/index.html (+3ms)
09:05:08   ├─ /gallery-category/travel/index.html (+2ms)
09:05:08   ├─ /getting-ready-diese-fehler-solltest-du-unbedingt-vermeiden/index.html (+2ms)
09:05:08   ├─ /hochzeitsfotograf-preise/index.html (+2ms)
09:05:08   ├─ /hochzeitsfotograf-ratgeber/index.html (+2ms)
09:05:08   ├─ /impressum/index.html (+1ms)
09:05:08   ├─ /kontakt/index.html (+2ms)
09:05:08   ├─ /llms.txt (+1ms)
09:05:08   ├─ /newsletter/index.html (+2ms)
09:05:08   ├─ /portfolio/index.html (+3ms)
09:05:08   ├─ /sicherer-kontakt/index.html (+1ms)
09:05:08   ├─ /standesamt-hamburg/index.html (+3ms)
09:05:08   ├─ /trautermin-hamburg-online-reservieren/index.html (+2ms)
09:05:08   ├─ /unterwegs-in-strasbourg/index.html (+3ms)
09:05:08   ├─ /index.html (+7ms)
09:05:08   ├─ /aktionen-in-adobe-photoshop-cc-importieren/index.html (+6ms)
09:05:08   ├─ /bildoptimierung-fuer-wordpress-2025/index.html (+5ms)
09:05:08   ├─ /bildoptimierung-in-wordpress-2025/index.html (+3ms)
09:05:08   ├─ /datenschutz/index.html (+5ms)
09:05:08   ├─ /datenschutzerklaerung/index.html (+3ms)
09:05:08   ├─ /fotobox-fuer-die-hochzeit/index.html (+1ms)
09:05:08   ├─ /gallery/engagement-shooting-in-hamburg/index.html (+1ms)
09:05:08   ├─ /gallery/floral-art/index.html (+1ms)
09:05:08   ├─ /gallery/gallery-getting-ready-2/index.html (+1ms)
09:05:08   ├─ /gallery/gentlemen/index.html (+1ms)
09:05:08   ├─ /gallery/getting_ready_block_1/index.html (+1ms)
09:05:08   ├─ /gallery/getting-ready-hamburg-1/index.html (+1ms)
09:05:08   ├─ /gallery/jga-hamburg/index.html (+1ms)
09:05:08   ├─ /gallery/paarshooting-in-hamburg/index.html (+1ms)
09:05:08   ├─ /gallery/visagistik/index.html (+1ms)
09:05:08   ├─ /guenstig-parken-an-der-elbphilharmonie/index.html (+1ms)
09:05:08   ├─ /hochzeitsfotograf-geld-sparen/index.html (+1ms)
09:05:08   ├─ /hochzeitsfotograf-hochzeit-schessel-hamburg/index.html (+1ms)
09:05:08   ├─ /hochzeitsfotograf-standesamt-hamburg-altona/index.html (+1ms)
09:05:08   ├─ /insta-artbild/index.html (+2ms)
09:05:08   ├─ /instagram-landing/index.html (+1ms)
09:05:08   ├─ /lbgt-hochzeit-mallorca/index.html (+1ms)
09:05:08   ├─ /location-scouting-in-paris/index.html (+1ms)
09:05:08   ├─ /luminanzmasken-photoshop-aktion/index.html (+3ms)
09:05:08   ├─ /nd-filter-tabelle/index.html (+1ms)
09:05:08   ├─ /preisliste/index.html (+1ms)
09:05:08   ├─ /regeln-fuer-hochzeitsfeiern-im-sommer-2020-in-hamburg/index.html (+1ms)
09:05:08   ├─ /sonnenzeiten-hamburg/index.html (+1ms)
09:05:08   ├─ /tfp-shooting-hamburg-2025/index.html (+1ms)
09:05:08   ├─ /tfp-shooting-hamburg-instagram/index.html (+2ms)
09:05:08   ├─ /tfp-shooting-hamburg/index.html (+3ms)
09:05:08   ├─ /tfp-shootings-in-hamburg-und-muenchen/index.html (+1ms)
09:05:08   ├─ /traum-hochzeit-location-hamburg/index.html (+1ms)
09:05:08   ├─ /trauung-im-rathaus-der-hansestadt-hamburg/index.html (+1ms)
09:05:08   ├─ /unterwegs-in-baden-wuerttemberg/index.html (+1ms)
09:05:08   ├─ /vintage-shooting-valentinstag-hamburg/index.html (+1ms)
09:05:08   ├─ /wie-sollte-man-hochzeitsfotos-sichern/index.html (+2ms)
09:05:08 ✓ Completed in 310ms.

 generating optimized images
09:05:08   ▶ /_astro/paarshooting-mallorca.DjtKP9dm_EMiba.webp (reused cache entry) (+2ms) (1/4121)
09:05:08   ▶ /_astro/standesamt-altona.DyaFSHFj_ZFocrM.webp (reused cache entry) (+2ms) (2/4121)
09:05:08   ▶ /_astro/steffi-dominik.BrEhAG58_Z7ey1A.webp (reused cache entry) (+2ms) (3/4121)
09:05:08   ▶ /_astro/traumhochzeit-hamburg.CqkxZiMn_Zvt7k5.webp (reused cache entry) (+2ms) (4/4121)
09:05:08   ▶ /_astro/404-braut-hotel-hamburg.DuscvWoD_OL9HO.webp (reused cache entry) (+2ms) (5/4121)
09:05:08   ▶ /_astro/ff9af8435a08e944.CvBQqyyX_Z2511Pe.webp (reused cache entry) (+2ms) (6/4121)
09:05:08   ▶ /_astro/trautermin-hamburg-rathaus-titel.CtuKTa48_ZnV1CX.webp (reused cache entry) (+2ms) (7/4121)
09:05:08   ▶ /_astro/96bedd5324b86db5.TvhAJsbB_33kQd.webp (reused cache entry) (+2ms) (8/4121)
09:05:08   ▶ /_astro/b7165c174eaf06f9.Bu5fT32x_Z2qpbnG.webp (reused cache entry) (+2ms) (9/4121)
09:05:08   ▶ /_astro/d1d877960c7a66d0.QSfraMJo_1qWs30.webp (reused cache entry) (+3ms) (10/4121)
09:05:08   ▶ /_astro/215d8c71c322e3b0.DkrCDxf__Z2wTwre.webp (reused cache entry) (+3ms) (11/4121)
09:05:08   ▶ /_astro/paarshooting-mallorca.DjtKP9dm_1vR6qT.webp (reused cache entry) (+1ms) (12/4121)
09:05:08   ▶ /_astro/d903b55f3efe9784.CK0zkD55_Z1GvSY4.webp (reused cache entry) (+3ms) (13/4121)
09:05:08   ▶ /_astro/standesamt-altona.DyaFSHFj_ZmuVdl.webp (reused cache entry) (+2ms) (14/4121)
09:05:08   ▶ /_astro/steffi-dominik.BrEhAG58_n8H7j.webp (reused cache entry) (+2ms) (15/4121)
09:05:08   ▶ /_astro/traumhochzeit-hamburg.CqkxZiMn_1LfIYU.webp (reused cache entry) (+1ms) (16/4121)
09:05:08   ▶ /_astro/ff9af8435a08e944.CvBQqyyX_1FdWkT.webp (reused cache entry) (+2ms) (17/4121)
09:05:08   ▶ /_astro/404-braut-hotel-hamburg.DuscvWoD_1SgHgU.webp (reused cache entry) (+2ms) (18/4121)
09:05:08   ▶ /_astro/96bedd5324b86db5.TvhAJsbB_IyjOu.webp (reused cache entry) (+2ms) (19/4121)
09:05:08   ▶ /_astro/b7165c174eaf06f9.Bu5fT32x_trXdo.webp (reused cache entry) (+2ms) (20/4121)
09:05:08   ▶ /_astro/trautermin-hamburg-rathaus-titel.CtuKTa48_17tt0M.webp (reused cache entry) (+2ms) (21/4121)
09:05:08   ▶ /_astro/d1d877960c7a66d0.QSfraMJo_27sr1h.webp (reused cache entry) (+2ms) (22/4121)
09:05:08   ▶ /_astro/paarshooting-mallorca.DjtKP9dm_Otqka.webp (reused cache entry) (+2ms) (23/4121)
09:05:08   ▶ /_astro/215d8c71c322e3b0.DkrCDxf__ywNd3.webp (reused cache entry) (+2ms) (24/4121)
09:05:08   ▶ /_astro/standesamt-altona.DyaFSHFj_Z4hy32.webp (reused cache entry) (+2ms) (25/4121)
09:05:08   ▶ /_astro/d903b55f3efe9784.CK0zkD55_1oUqFd.webp (reused cache entry) (+2ms) (26/4121)
09:05:08   ▶ /_astro/steffi-dominik.BrEhAG58_Z2d4dek.webp (reused cache entry) (+2ms) (27/4121)
09:05:08   ▶ /_astro/ff9af8435a08e944.CvBQqyyX_1ECEPH.webp (reused cache entry) (+2ms) (28/4121)
09:05:08   ▶ /_astro/traumhochzeit-hamburg.CqkxZiMn_1PN3KI.webp (reused cache entry) (+3ms) (29/4121)
09:05:08   ▶ /_astro/96bedd5324b86db5.TvhAJsbB_djWyo.webp (reused cache entry) (+2ms) (30/4121)
09:05:08   ▶ /_astro/b7165c174eaf06f9.Bu5fT32x_2mh8lx.webp (reused cache entry) (+2ms) (31/4121)
09:05:08   ▶ /_astro/404-braut-hotel-hamburg.DuscvWoD_2oEGgc.webp (reused cache entry) (+3ms) (32/4121)
09:05:08   ▶ /_astro/paarshooting-mallorca.DjtKP9dm_Z1V8dT9.webp (reused cache entry) (+2ms) (33/4121)
09:05:08   ▶ /_astro/trautermin-hamburg-rathaus-titel.CtuKTa48_7622l.webp (reused cache entry) (+3ms) (34/4121)
09:05:08   ▶ /_astro/d1d877960c7a66d0.QSfraMJo_1Be4Kb.webp (reused cache entry) (+3ms) (35/4121)
09:05:08   ▶ /_astro/standesamt-altona.DyaFSHFj_Z1AHsnn.webp (reused cache entry) (+3ms) (36/4121)
09:05:08   ▶ /_astro/215d8c71c322e3b0.DkrCDxf__ZKV7pq.webp (reused cache entry) (+3ms) (37/4121)
09:05:08   ▶ /_astro/555b999643b90697.BMdEixia_ZwGXys.webp (reused cache entry) (+3ms) (38/4121)
09:05:08   ▶ /_astro/d903b55f3efe9784.CK0zkD55_4rv2J.webp (reused cache entry) (+3ms) (39/4121)
09:05:08   ▶ /_astro/traumhochzeit-hamburg.CqkxZiMn_Z2dacWp.webp (reused cache entry) (+3ms) (40/4121)
09:05:08   ▶ /_astro/ff9af8435a08e944.CvBQqyyX_Btq76.webp (reused cache entry) (+3ms) (41/4121)
09:05:08   ▶ /_astro/paarshooting-mallorca.DjtKP9dm_ZQId2r.webp (reused cache entry) (+2ms) (42/4121)
09:05:08   ▶ /_astro/b7165c174eaf06f9.Bu5fT32x_JC2Cl.webp (reused cache entry) (+2ms) (43/4121)
09:05:08   ▶ /_astro/96bedd5324b86db5.TvhAJsbB_Z1GwB2I.webp (reused cache entry) (+3ms) (44/4121)
09:05:08   ▶ /_astro/standesamt-altona.DyaFSHFj_CWEFO.webp (reused cache entry) (+2ms) (45/4121)
09:05:08   ▶ /_astro/d1d877960c7a66d0.QSfraMJo_ZiCtPV.webp (reused cache entry) (+2ms) (46/4121)
09:05:08   ▶ /_astro/c527a2e37545a1e4.DwMVTGl3_2wkdil.webp (reused cache entry) (+2ms) (47/4121)
09:05:08   ▶ /_astro/404-braut-hotel-hamburg.DuscvWoD_12xyGh.webp (reused cache entry) (+3ms) (48/4121)
09:05:08   ▶ /_astro/fde30dc54e7f8b96.BzjpQIrS_Pqq6V.webp (reused cache entry) (+2ms) (49/4121)
09:05:08   ▶ /_astro/traumhochzeit-hamburg.CqkxZiMn_Z2uDCHT.webp (reused cache entry) (+2ms) (50/4121)
09:05:08   ▶ /_astro/555b999643b90697.BMdEixia_8N0oO.webp (reused cache entry) (+2ms) (51/4121)
09:05:08   ▶ /_astro/trautermin-hamburg-rathaus-titel.CtuKTa48_ZSA0uL.webp (reused cache entry) (+3ms) (52/4121)
09:05:08   ▶ /_astro/5e02af00ed8dc76f.DMF4Pdsr_Z28suYx.webp (reused cache entry) (+2ms) (53/4121)
09:05:08   ▶ /_astro/47c0bf17b288100a.CYlfI9yy_Z1twUQY.webp (reused cache entry) (+2ms) (54/4121)
09:05:08   ▶ /_astro/f1e9eceb70da709b.ByQLm1hQ_1Uz5JJ.webp (reused cache entry) (+2ms) (55/4121)
09:05:08   ▶ /_astro/b7165c174eaf06f9.Bu5fT32x_ZUkS71.webp (reused cache entry) (+2ms) (56/4121)
09:05:08   ▶ /_astro/823a3be48672cb17.CGTCyg_Q_qLLz2.webp (reused cache entry) (+2ms) (57/4121)
09:05:08   ▶ /_astro/3899e9231061cbe0.DkYlEsiZ_1132V5.webp (reused cache entry) (+2ms) (58/4121)
09:05:08   ▶ /_astro/c527a2e37545a1e4.DwMVTGl3_Z1RlVxj.webp (reused cache entry) (+2ms) (59/4121)
09:05:08   ▶ /_astro/traumhochzeit-hamburg.CqkxZiMn_Z2dn5Og.webp (reused cache entry) (+1ms) (60/4121)
09:05:08   ▶ /_astro/fde30dc54e7f8b96.BzjpQIrS_1vVp5d.webp (reused cache entry) (+2ms) (61/4121)
09:05:08   ▶ /_astro/5e02af00ed8dc76f.DMF4Pdsr_Z2eK7nV.webp (reused cache entry) (+1ms) (62/4121)
09:05:08   ▶ /_astro/555b999643b90697.BMdEixia_ZmqlQh.webp (reused cache entry) (+2ms) (63/4121)
09:05:08   ▶ /_astro/trautermin-hamburg-rathaus-titel.CtuKTa48_ZqYg9m.webp (reused cache entry) (+2ms) (64/4121)
09:05:08   ▶ /_astro/47c0bf17b288100a.CYlfI9yy_ZN1VSH.webp (reused cache entry) (+2ms) (65/4121)
09:05:08   ▶ /_astro/f1e9eceb70da709b.ByQLm1hQ_Z2t745U.webp (reused cache entry) (+2ms) (66/4121)
09:05:08   ▶ /_astro/17a861985849e013.DR8xedDA_7nUzt.webp (reused cache entry) (+2ms) (67/4121)
09:05:08   ▶ /_astro/823a3be48672cb17.CGTCyg_Q_17hKxj.webp (reused cache entry) (+2ms) (68/4121)
09:05:08   ▶ /_astro/b7165c174eaf06f9.Bu5fT32x_2u3Dho.webp (reused cache entry) (+2ms) (69/4121)
09:05:08   ▶ /_astro/3899e9231061cbe0.DkYlEsiZ_1Gy1Tm.webp (reused cache entry) (+2ms) (70/4121)
09:05:08   ▶ /_astro/5e02af00ed8dc76f.DMF4Pdsr_Zf05e5.webp (reused cache entry) (+2ms) (71/4121)
09:05:08   ▶ /_astro/c527a2e37545a1e4.DwMVTGl3_Z2nAiNp.webp (reused cache entry) (+2ms) (72/4121)
09:05:08   ▶ /_astro/traumhochzeit-hamburg.CqkxZiMn_ZiYjqe.webp (reused cache entry) (+2ms) (73/4121)
09:05:08   ▶ /_astro/fde30dc54e7f8b96.BzjpQIrS_10H2O7.webp (reused cache entry) (+2ms) (74/4121)
09:05:08   ▶ /_astro/47c0bf17b288100a.CYlfI9yy_Z1jgj9N.webp (reused cache entry) (+2ms) (75/4121)
09:05:08   ▶ /_astro/555b999643b90697.BMdEixia_Z2hhUso.webp (reused cache entry) (+3ms) (76/4121)
09:05:08   ▶ /_astro/f1e9eceb70da709b.ByQLm1hQ_25PHrU.webp (reused cache entry) (+2ms) (77/4121)
09:05:08   ▶ /_astro/trautermin-hamburg-rathaus-titel.CtuKTa48_14qeuo.webp (reused cache entry) (+3ms) (78/4121)
09:05:08   ▶ /_astro/36ec87e5a79a8d8d.BfbFnBcg_Z1XbNbv.webp (reused cache entry) (+2ms) (79/4121)
09:05:08   ▶ /_astro/17a861985849e013.DR8xedDA_MSTxK.webp (reused cache entry) (+3ms) (80/4121)
09:05:08   ▶ /_astro/3899e9231061cbe0.DkYlEsiZ_1bjEDg.webp (reused cache entry) (+2ms) (81/4121)
09:05:08   ▶ /_astro/823a3be48672cb17.CGTCyg_Q_B3ohd.webp (reused cache entry) (+3ms) (82/4121)
09:05:08   ▶ /_astro/5e02af00ed8dc76f.DMF4Pdsr_2ti8WE.webp (reused cache entry) (+2ms) (83/4121)
09:05:08   ▶ /_astro/c527a2e37545a1e4.DwMVTGl3_LJgop.webp (reused cache entry) (+2ms) (84/4121)
09:05:08   ▶ /_astro/traumhochzeit-hamburg.CqkxZiMn_Zh9nP5.webp (reused cache entry) (+3ms) (85/4121)
09:05:08   ▶ /_astro/47c0bf17b288100a.CYlfI9yy_1Q4g31.webp (reused cache entry) (+2ms) (86/4121)
09:05:08   ▶ /_astro/fde30dc54e7f8b96.BzjpQIrS_ZT9vM0.webp (reused cache entry) (+3ms) (87/4121)
09:05:08   ▶ /_astro/f1c69b8ed66ea780.Vc-X0BB2_Z1GaxvK.webp (reused cache entry) (+2ms) (88/4121)
09:05:08   ▶ /_astro/f1e9eceb70da709b.ByQLm1hQ_aY8PN.webp (reused cache entry) (+2ms) (89/4121)
09:05:08   ▶ /_astro/36ec87e5a79a8d8d.BfbFnBcg_Z1hFOde.webp (reused cache entry) (+2ms) (90/4121)
09:05:08   ▶ /_astro/17a861985849e013.DR8xedDA_hExhE.webp (reused cache entry) (+2ms) (91/4121)
09:05:08   ▶ /_astro/trautermin-hamburg-rathaus-titel.CtuKTa48_1D7k7a.webp (reused cache entry) (+3ms) (92/4121)
09:05:08   ▶ /_astro/3691ac3cba332a72.DDRYabMF_2jpf8E.webp (reused cache entry) (+2ms) (93/4121)
09:05:08   ▶ /_astro/3899e9231061cbe0.DkYlEsiZ_ZIwSWQ.webp (reused cache entry) (+2ms) (94/4121)
09:05:08   ▶ /_astro/2befbf371e08237f.BU7Ifhsi_1Xcbuv.webp (reused cache entry) (+2ms) (95/4121)
09:05:08   ▶ /_astro/823a3be48672cb17.CGTCyg_Q_Z1iNajT.webp (reused cache entry) (+3ms) (96/4121)
09:05:08   ▶ /_astro/277d94e2e9189c16.CZJ0H6GN_1Yntuv.webp (reused cache entry) (+2ms) (97/4121)
09:05:08   ▶ /_astro/80f1e2e5b135c9db.Dysw1k9K_1uKb0w.webp (reused cache entry) (+2ms) (98/4121)
09:05:08   ▶ /_astro/traumhochzeit-hamburg.CqkxZiMn_Zr948J.webp (reused cache entry) (+2ms) (99/4121)
09:05:08   ▶ /_astro/bb7e8e2710a9768f.8aQfLCRa_Z2nXA1z.webp (reused cache entry) (+2ms) (100/4121)
09:05:08   ▶ /_astro/f1c69b8ed66ea780.Vc-X0BB2_Z10Eyxt.webp (reused cache entry) (+2ms) (101/4121)
09:05:08   ▶ /_astro/17a861985849e013.DR8xedDA_Z1Cc1js.webp (reused cache entry) (+2ms) (102/4121)
09:05:08   ▶ /_astro/3691ac3cba332a72.DDRYabMF_Ys5uQ.webp (reused cache entry) (+1ms) (103/4121)
09:05:08   ▶ /_astro/36ec87e5a79a8d8d.BfbFnBcg_Z1MUbtk.webp (reused cache entry) (+2ms) (104/4121)
09:05:08   ▶ /_astro/aeab941d817656e6.BIcB0Hm7_ZTPlVv.webp (reused cache entry) (+2ms) (105/4121)
09:05:08   ▶ /_astro/2befbf371e08237f.BU7Ifhsi_Z2qtXl9.webp (reused cache entry) (+2ms) (106/4121)
09:05:08   ▶ /_astro/436d629024c6eb47.Ca0nSQVG_Z1nwjn.webp (reused cache entry) (+2ms) (107/4121)
09:05:08   ▶ /_astro/1c0c2dd1c328df68.C9xs-68__W0piI.webp (reused cache entry) (+2ms) (108/4121)
09:05:08   ▶ /_astro/trautermin-hamburg-rathaus-titel.CtuKTa48_1ldLb6.webp (reused cache entry) (+3ms) (109/4121)
09:05:08   ▶ /_astro/80f1e2e5b135c9db.Dysw1k9K_2bg9XN.webp (reused cache entry) (+2ms) (110/4121)
09:05:08   ▶ /_astro/277d94e2e9189c16.CZJ0H6GN_Z2piFl9.webp (reused cache entry) (+2ms) (111/4121)
09:05:08   ▶ /_astro/bb7e8e2710a9768f.8aQfLCRa_Z1HsB3i.webp (reused cache entry) (+2ms) (112/4121)
09:05:08   ▶ /_astro/4a1c4be388ee88da.CoOSza_9_12fypW.webp (reused cache entry) (+2ms) (113/4121)
09:05:08   ▶ /_astro/3691ac3cba332a72.DDRYabMF_XQN0E.webp (reused cache entry) (+2ms) (114/4121)
09:05:08   ▶ /_astro/f1c69b8ed66ea780.Vc-X0BB2_Z1vSUNz.webp (reused cache entry) (+2ms) (115/4121)
09:05:08   ▶ /_astro/aeab941d817656e6.BIcB0Hm7_ZekmXe.webp (reused cache entry) (+2ms) (116/4121)
09:05:08   ▶ /_astro/2befbf371e08237f.BU7Ifhsi_28sNcG.webp (reused cache entry) (+2ms) (117/4121)
09:05:08   ▶ /_astro/36ec87e5a79a8d8d.BfbFnBcg_1mpnIu.webp (reused cache entry) (+3ms) (118/4121)
09:05:08   ▶ /_astro/436d629024c6eb47.Ca0nSQVG_E7rDT.webp (reused cache entry) (+2ms) (119/4121)
09:05:08   ▶ /_astro/1c0c2dd1c328df68.C9xs-68__1Cvoh0.webp (reused cache entry) (+2ms) (120/4121)
09:05:08   ▶ /_astro/trautermin-hamburg-rathaus-titel.CtuKTa48_IsQGX.webp (reused cache entry) (+2ms) (121/4121)
09:05:08   ▶ /_astro/80f1e2e5b135c9db.Dysw1k9K_1F1MHH.webp (reused cache entry) (+2ms) (122/4121)
09:05:08   ▶ /_astro/277d94e2e9189c16.CZJ0H6GN_29E6cG.webp (reused cache entry) (+2ms) (123/4121)
09:05:08   ▶ /_astro/3691ac3cba332a72.DDRYabMF_ZgwPxG.webp (reused cache entry) (+2ms) (124/4121)
09:05:08   ▶ /_astro/4a1c4be388ee88da.CoOSza_9_1HKxoe.webp (reused cache entry) (+2ms) (125/4121)
09:05:08   ▶ /_astro/bb7e8e2710a9768f.8aQfLCRa_Z2dGXjo.webp (reused cache entry) (+2ms) (126/4121)
09:05:08   ▶ /_astro/f1c69b8ed66ea780.Vc-X0BB2_1DqDof.webp (reused cache entry) (+2ms) (127/4121)
09:05:08   ▶ /_astro/2cf7ca5fbb071b4d.CzwTHVGR_2hNLSH.webp (reused cache entry) (+2ms) (128/4121)
09:05:08   ▶ /_astro/aeab941d817656e6.BIcB0Hm7_ZJyJek.webp (reused cache entry) (+2ms) (129/4121)
09:05:08   ▶ /_astro/2befbf371e08237f.BU7Ifhsi_dBeAz.webp (reused cache entry) (+2ms) (130/4121)
09:05:08   ▶ /_astro/436d629024c6eb47.Ca0nSQVG_8S5nN.webp (reused cache entry) (+2ms) (131/4121)
09:05:08   ▶ /_astro/1c0c2dd1c328df68.C9xs-68__17h20T.webp (reused cache entry) (+2ms) (132/4121)
09:05:08   ▶ /_astro/80f1e2e5b135c9db.Dysw1k9K_ZeOKSp.webp (reused cache entry) (+2ms) (133/4121)
09:05:08   ▶ /_astro/trautermin-hamburg-rathaus-titel.CtuKTa48_2eSmlI.webp (reused cache entry) (+2ms) (134/4121)
09:05:08   ▶ /_astro/2f89e6a94004dc66.gg8kAuLF_18xKuO.webp (reused cache entry) (+2ms) (135/4121)
09:05:08   ▶ /_astro/277d94e2e9189c16.CZJ0H6GN_eMwAz.webp (reused cache entry) (+2ms) (136/4121)
09:05:08   ▶ /_astro/4a1c4be388ee88da.CoOSza_9_1cwb88.webp (reused cache entry) (+2ms) (137/4121)
09:05:08   ▶ /_astro/bb7e8e2710a9768f.8aQfLCRa_VCASq.webp (reused cache entry) (+2ms) (138/4121)
09:05:08   ▶ /_astro/e67b1f9d22527396.CzF3MB5h_22dt2u.webp (reused cache entry) (+2ms) (139/4121)
09:05:08   ▶ /_astro/2cf7ca5fbb071b4d.CzwTHVGR_Z26RmVW.webp (reused cache entry) (+2ms) (140/4121)
09:05:08   ▶ /_astro/aeab941d817656e6.BIcB0Hm7_2pKOXu.webp (reused cache entry) (+2ms) (141/4121)
09:05:08   ▶ /_astro/ART_8515-Bearbeitet-scaled.BwO2RFIK_ZvEPjq.webp (reused cache entry) (+2ms) (142/4121)
09:05:08   ▶ /_astro/ART_6708-1024x683.8Dm116FU_Zwz2Yx.webp (reused cache entry) (+2ms) (143/4121)
09:05:08   ▶ /_astro/436d629024c6eb47.Ca0nSQVG_Z1KXtdj.webp (reused cache entry) (+2ms) (144/4121)
09:05:08   ▶ /_astro/1c0c2dd1c328df68.C9xs-68__ZMzwAd.webp (reused cache entry) (+2ms) (145/4121)
09:05:08   ▶ /_astro/ART_8601-819x1024.C4CMkqzv_19pCaH.webp (reused cache entry) (+2ms) (146/4121)
09:05:08   ▶ /_astro/ART_8690-Bearbeitet-scaled.UaY_wD3w_ZXnUEn.webp (reused cache entry) (+2ms) (147/4121)
09:05:08   ▶ /_astro/2f89e6a94004dc66.gg8kAuLF_1O3Jt6.webp (reused cache entry) (+2ms) (148/4121)
09:05:08   ▶ /_astro/trautermin-hamburg-rathaus-titel.CtuKTa48_1fHoU2.webp (reused cache entry) (+3ms) (149/4121)
09:05:08   ▶ /_astro/4a1c4be388ee88da.CoOSza_9_ZHknsY.webp (reused cache entry) (+2ms) (150/4121)
09:05:08   ▶ /_astro/ART_8578-Bearbeitet-scaled.BS19r16o_Z7YFWQ.webp (reused cache entry) (+2ms) (151/4121)
09:05:08   ▶ /_astro/ART_6708-1024x683.8Dm116FU_2ggzF.webp (reused cache entry) (+2ms) (152/4121)
09:05:08   ▶ /_astro/ART_8515-Bearbeitet-scaled.BwO2RFIK_ZTDvaW.webp (reused cache entry) (+3ms) (153/4121)
09:05:08   ▶ /_astro/2cf7ca5fbb071b4d.CzwTHVGR_2s5oAS.webp (reused cache entry) (+3ms) (154/4121)
09:05:08   ▶ /_astro/e67b1f9d22527396.CzF3MB5h_Z2msFNa.webp (reused cache entry) (+4ms) (155/4121)
09:05:08   ▶ /_astro/ART_6879-819x1024.Di_xP-JH_1GDJK0.webp (reused cache entry) (+3ms) (156/4121)
09:05:08   ▶ /_astro/ART_8647-Bearbeitet-scaled.CjyUq29c_1lwMht.webp (reused cache entry) (+3ms) (157/4121)
09:05:08   ▶ /_astro/ART_8690-Bearbeitet-scaled.UaY_wD3w_ZaAuqR.webp (reused cache entry) (+2ms) (158/4121)
09:05:08   ▶ /_astro/ART_8601-819x1024.C4CMkqzv_1PkqPe.webp (reused cache entry) (+3ms) (159/4121)
09:05:08   ▶ /_astro/ART_7146-Bearbeitet-2-scaled.DRHQqO2c_ZpHGAE.webp (reused cache entry) (+3ms) (160/4121)
09:05:08   ▶ /_astro/2f89e6a94004dc66.gg8kAuLF_1iOnd0.webp (reused cache entry) (+3ms) (161/4121)
09:05:08   ▶ /_astro/ART_8578-Bearbeitet-scaled.BS19r16o_EMJfE.webp (reused cache entry) (+2ms) (162/4121)
09:05:08   ▶ /_astro/ART_6708-1024x683.8Dm116FU_1LGWYP.webp (reused cache entry) (+2ms) (163/4121)
09:05:08   ▶ /_astro/trautermin-hamburg-rathaus-titel.CtuKTa48_Z1sP5cl.webp (reused cache entry) (+3ms) (164/4121)
09:05:08   ▶ /_astro/ART_8515-Bearbeitet-scaled.BwO2RFIK_IQvmK.webp (reused cache entry) (+2ms) (165/4121)
09:05:08   ▶ /_astro/2cf7ca5fbb071b4d.CzwTHVGR_xdOYL.webp (reused cache entry) (+2ms) (166/4121)
09:05:08   ▶ /_astro/ART_6879-819x1024.Di_xP-JH_2nyypw.webp (reused cache entry) (+2ms) (167/4121)
09:05:08   ▶ /_astro/e67b1f9d22527396.CzF3MB5h_2cu5JF.webp (reused cache entry) (+2ms) (168/4121)
09:05:08   ▶ /_astro/ART_8647-Bearbeitet-scaled.CjyUq29c_29kduY.webp (reused cache entry) (+2ms) (169/4121)
09:05:08   ▶ /_astro/ART_8690-Bearbeitet-scaled.UaY_wD3w_jyE1G.webp (reused cache entry) (+2ms) (170/4121)
09:05:08   ▶ /_astro/ART_8601-819x1024.C4CMkqzv_ZbicoI.webp (reused cache entry) (+2ms) (171/4121)
09:05:08   ▶ /_astro/ART_7146-Bearbeitet-2-scaled.DRHQqO2c_Z2estbs.webp (reused cache entry) (+2ms) (172/4121)
09:05:08   ▶ /_astro/ART_6708-1024x683.8Dm116FU_j9S14.webp (reused cache entry) (+2ms) (173/4121)
09:05:08   ▶ /_astro/2f89e6a94004dc66.gg8kAuLF_ZB2bo7.webp (reused cache entry) (+2ms) (174/4121)
09:05:08   ▶ /_astro/ART_8578-Bearbeitet-scaled.BS19r16o_19WSId.webp (reused cache entry) (+2ms) (175/4121)
09:05:08   ▶ /_astro/2cf7ca5fbb071b4d.CzwTHVGR_Z8jnEd.webp (reused cache entry) (+2ms) (176/4121)
09:05:08   ▶ /_astro/ART_6879-819x1024.Di_xP-JH_lUUaz.webp (reused cache entry) (+2ms) (177/4121)
09:05:08   ▶ /_astro/ART_8515-Bearbeitet-scaled.BwO2RFIK_24AAgf.webp (reused cache entry) (+2ms) (178/4121)
09:05:08   ▶ /_astro/ART_8690-Bearbeitet-scaled.UaY_wD3w_Zv8EVi.webp (reused cache entry) (+2ms) (179/4121)
09:05:08   ▶ /_astro/e67b1f9d22527396.CzF3MB5h_hCw8y.webp (reused cache entry) (+2ms) (180/4121)
09:05:08   ▶ /_astro/ART_8647-Bearbeitet-scaled.CjyUq29c_Z2qGKPo.webp (reused cache entry) (+2ms) (181/4121)
09:05:08   ▶ /_astro/trautermin-hamburg-rathaus-titel.CtuKTa48_Z1IkoAl.webp (reused cache entry) (+3ms) (182/4121)
09:05:08   ▶ /_astro/ART_7275-Bearbeitet-scaled.FnimwPtw_ZWdUax.webp (reused cache entry) (+2ms) (183/4121)
09:05:08   ▶ /_astro/ART_7306-Bearbeitet-819x1024.2XXWEgfx_ZrlE0X.webp (reused cache entry) (+2ms) (184/4121)
09:05:08   ▶ /_astro/ART_7338-Bearbeitet-819x1024.CbDiD10M_Z5JnyK.webp (reused cache entry) (+2ms) (185/4121)
09:05:08   ▶ /_astro/ART_7146-Bearbeitet-2-scaled.DRHQqO2c_ZvsRMt.webp (reused cache entry) (+3ms) (186/4121)
09:05:08   ▶ /_astro/ART_7355-Bearbeitet-819x1024.zQ6d7N2i_UtXs1.webp (reused cache entry) (+2ms) (187/4121)
09:05:08   ▶ /_astro/ART_8578-Bearbeitet-scaled.BS19r16o_kfyKe.webp (reused cache entry) (+2ms) (188/4121)
09:05:08   ▶ /_astro/2cf7ca5fbb071b4d.CzwTHVGR_1JuC5M.webp (reused cache entry) (+2ms) (189/4121)
09:05:08   ▶ /_astro/ART_8515-Bearbeitet-scaled.BwO2RFIK_2azCzz.webp (reused cache entry) (+2ms) (190/4121)
09:05:08   ▶ /_astro/ART_7378-Bearbeitet-1024x683.fPBXa3b__1JTd7m.webp (reused cache entry) (+2ms) (191/4121)
09:05:08   ▶ /_astro/ART_7391-Bearbeitet-scaled.DQev2C64_2rgx02.webp (reused cache entry) (+2ms) (192/4121)
09:05:08   ▶ /_astro/ART_8647-Bearbeitet-scaled.CjyUq29c_1NM30y.webp (reused cache entry) (+2ms) (193/4121)
09:05:08   ▶ /_astro/ART_7538-Bearbeitet-Bearbeitet-scaled.OaHDOl_n_Z1rNHpn.webp (reused cache entry) (+2ms) (194/4121)
09:05:08   ▶ /_astro/ART_7275-Bearbeitet-scaled.FnimwPtw_Z9qtW2.webp (reused cache entry) (+2ms) (195/4121)
09:05:08   ▶ /_astro/ART_7306-Bearbeitet-819x1024.2XXWEgfx_Z11lQ9m.webp (reused cache entry) (+2ms) (196/4121)
09:05:08   ▶ /_astro/ART_7338-Bearbeitet-819x1024.CbDiD10M_ZEJzH9.webp (reused cache entry) (+2ms) (197/4121)
09:05:08   ▶ /_astro/ART_7571-scaled.CeOirrXg_FcdRj.webp (reused cache entry) (+2ms) (198/4121)
09:05:08   ▶ /_astro/ART_7355-Bearbeitet-819x1024.zQ6d7N2i_ltLjC.webp (reused cache entry) (+2ms) (199/4121)
09:05:08   ▶ /_astro/ART_7146-Bearbeitet-2-scaled.DRHQqO2c_Z8Isu1.webp (reused cache entry) (+2ms) (200/4121)
09:05:08   ▶ /_astro/2cf7ca5fbb071b4d.CzwTHVGR_Z21yLyf.webp (reused cache entry) (+2ms) (201/4121)
09:05:08   ▶ /_astro/ART_7378-Bearbeitet-1024x683.fPBXa3b__nhIfm.webp (reused cache entry) (+2ms) (202/4121)
09:05:08   ▶ /_astro/ART_8515-Bearbeitet-scaled.BwO2RFIK_ZMCSTf.webp (reused cache entry) (+2ms) (203/4121)
09:05:08   ▶ /_astro/ART_7711-Bearbeitet-1024x576.CERxt0x6_dmKni.webp (reused cache entry) (+2ms) (204/4121)
09:05:08   ▶ /_astro/ART_7391-Bearbeitet-scaled.DQev2C64_Z1P8aAo.webp (reused cache entry) (+2ms) (205/4121)
09:05:08   ▶ /_astro/ART_7538-Bearbeitet-Bearbeitet-scaled.OaHDOl_n_Z16qbui.webp (reused cache entry) (+2ms) (206/4121)
09:05:08   ▶ /_astro/ART_7275-Bearbeitet-scaled.FnimwPtw_kIEvw.webp (reused cache entry) (+2ms) (207/4121)
09:05:08   ▶ /_astro/ART_7306-Bearbeitet-819x1024.2XXWEgfx_Z2ddiuC.webp (reused cache entry) (+2ms) (208/4121)
09:05:08   ▶ /_astro/ART_7338-Bearbeitet-819x1024.CbDiD10M_Z1QB23p.webp (reused cache entry) (+2ms) (209/4121)
09:05:08   ▶ /_astro/ART_7815-Bearbeitet-2-819x1024.CWw--qQb_1rHzRm.webp (reused cache entry) (+2ms) (210/4121)
09:05:08   ▶ /_astro/ART_7571-scaled.CeOirrXg_2szCu9.webp (reused cache entry) (+2ms) (211/4121)
09:05:08   ▶ /_astro/ART_7355-Bearbeitet-819x1024.zQ6d7N2i_ZPmF1D.webp (reused cache entry) (+2ms) (212/4121)
09:05:08   ▶ /_astro/ART_8515-Bearbeitet-scaled.BwO2RFIK_ZFChCx.webp (reused cache entry) (+2ms) (213/4121)
09:05:08   ▶ /_astro/2cf7ca5fbb071b4d.CzwTHVGR_1J4eVK.webp (reused cache entry) (+2ms) (214/4121)
09:05:08   ▶ /_astro/ART_7378-Bearbeitet-1024x683.fPBXa3b__1dyyHJ.webp (reused cache entry) (+2ms) (215/4121)
09:05:08   ▶ /_astro/ART_7711-Bearbeitet-1024x576.CERxt0x6_JcDvv.webp (reused cache entry) (+2ms) (216/4121)
09:05:08   ▶ /_astro/ART_7890-scaled.Cgr6FNjN_Z1eiXqh.webp (reused cache entry) (+1ms) (217/4121)
09:05:08   ▶ /_astro/ART_7275-Bearbeitet-scaled.FnimwPtw_ZtXErs.webp (reused cache entry) (+2ms) (218/4121)
09:05:08   ▶ /_astro/ART_7391-Bearbeitet-scaled.DQev2C64_Z1kX17P.webp (reused cache entry) (+2ms) (219/4121)
09:05:08   ▶ /_astro/ART_7538-Bearbeitet-Bearbeitet-scaled.OaHDOl_n_1p23qq.webp (reused cache entry) (+2ms) (220/4121)
09:05:08   ▶ /_astro/ART_7922-2-scaled.iamfG-bb_SCBd9.webp (reused cache entry) (+2ms) (221/4121)
09:05:08   ▶ /_astro/ART_7924-Bearbeitet-scaled.Br-JDc7S_Z4Cv51.webp (reused cache entry) (+1ms) (222/4121)
09:05:08   ▶ /_astro/ART_7815-Bearbeitet-2-819x1024.CWw--qQb_1DC552.webp (reused cache entry) (+2ms) (223/4121)
09:05:08   ▶ /_astro/ART_7571-scaled.CeOirrXg_Z2cCwkT.webp (reused cache entry) (+2ms) (224/4121)
09:05:08   ▶ /_astro/ART_8515-Bearbeitet-scaled.BwO2RFIK_1wnrIO.webp (reused cache entry) (+2ms) (225/4121)
09:05:08   ▶ /_astro/ART_7378-Bearbeitet-1024x683.fPBXa3b__Z1DxSuL.webp (reused cache entry) (+2ms) (226/4121)
09:05:08   ▶ /_astro/2cf7ca5fbb071b4d.CzwTHVGR_1Y29tS.webp (reused cache entry) (+2ms) (227/4121)
09:05:08   ▶ /_astro/ART_7890-scaled.Cgr6FNjN_y4qby.webp (reused cache entry) (+1ms) (228/4121)
09:05:08   ▶ /_astro/ART_7711-Bearbeitet-1024x576.CERxt0x6_Z2ugjtb.webp (reused cache entry) (+2ms) (229/4121)
09:05:08   ▶ /_astro/ART_7926-Bearbeitet-819x1024.Bf4MrY0E_Z1Lsltl.webp (reused cache entry) (+2ms) (230/4121)
09:05:08   ▶ /_astro/ART_7922-2-scaled.iamfG-bb_Z2oNz0f.webp (reused cache entry) (+2ms) (231/4121)
09:05:08   ▶ /_astro/ART_7391-Bearbeitet-scaled.DQev2C64_Z2aFl5O.webp (reused cache entry) (+2ms) (232/4121)
09:05:08   ▶ /_astro/ART_7538-Bearbeitet-Bearbeitet-scaled.OaHDOl_n_1Oq1Qz.webp (reused cache entry) (+2ms) (233/4121)
09:05:08   ▶ /_astro/ART_7924-Bearbeitet-scaled.Br-JDc7S_I9U8u.webp (reused cache entry) (+2ms) (234/4121)
09:05:08   ▶ /_astro/ART_7961-Bearbeitet-1024x576.BczQamPL_Z234d2p.webp (reused cache entry) (+1ms) (235/4121)
09:05:08   ▶ /_astro/ART_7815-Bearbeitet-2-819x1024.CWw--qQb_228oWA.webp (reused cache entry) (+2ms) (236/4121)
09:05:08   ▶ /_astro/ART_8515-Bearbeitet-scaled.BwO2RFIK_2vt0rg.webp (reused cache entry) (+2ms) (237/4121)
09:05:08   ▶ /_astro/ART_7571-scaled.CeOirrXg_vWUsS.webp (reused cache entry) (+2ms) (238/4121)
09:05:08   ▶ /_astro/2cf7ca5fbb071b4d.CzwTHVGR_1gipjC.webp (reused cache entry) (+2ms) (239/4121)
09:05:08   ▶ /_astro/ART_7890-scaled.Cgr6FNjN_X3par.webp (reused cache entry) (+2ms) (240/4121)
09:05:08   ▶ /_astro/ART_7711-Bearbeitet-1024x576.CERxt0x6_Z1y9Su3.webp (reused cache entry) (+2ms) (241/4121)
09:05:08   ▶ /_astro/ART_7926-Bearbeitet-819x1024.Bf4MrY0E_Z2lsxBJ.webp (reused cache entry) (+2ms) (242/4121)
09:05:08   ▶ /_astro/ART_7985-Bearbeitet-scaled.1PtkXpi7_g4LkJ.webp (reused cache entry) (+2ms) (243/4121)
09:05:08   ▶ /_astro/ART_7972-Bearbeitet-scaled.VmoeaLga_1saq5e.webp (reused cache entry) (+2ms) (244/4121)
09:05:08   ▶ /_astro/ART_7922-2-scaled.iamfG-bb_ZXCQXe.webp (reused cache entry) (+2ms) (245/4121)
09:05:08   ▶ /_astro/ART_7999-scaled.B3tj6obg_Z1Ya4Xo.webp (reused cache entry) (+1ms) (246/4121)
09:05:08   ▶ /_astro/ART_7924-Bearbeitet-scaled.Br-JDc7S_1dk4B3.webp (reused cache entry) (+2ms) (247/4121)
09:05:08   ▶ /_astro/ART_7961-Bearbeitet-1024x576.BczQamPL_Z1wejTc.webp (reused cache entry) (+2ms) (248/4121)
09:05:08   ▶ /_astro/ART_8515-Bearbeitet-scaled.BwO2RFIK_1wmMI8.webp (reused cache entry) (+2ms) (249/4121)
09:05:08   ▶ /_astro/ART_8090-Bearbeitet-scaled.HNrq80WT_Z1CPr5s.webp (reused cache entry) (+2ms) (250/4121)
09:05:08   ▶ /_astro/ART_8096-Bearbeitet-scaled.Cy-tDVaG_1COnhg.webp (reused cache entry) (+1ms) (251/4121)
09:05:08   ▶ /_astro/ART_8121-819x1024.Dvl7Z2sv_hfsSI.webp (reused cache entry) (+1ms) (252/4121)
09:05:08   ▶ /_astro/ART_7890-scaled.Cgr6FNjN_Z1nxgOH.webp (reused cache entry) (+1ms) (253/4121)
09:05:08   ▶ /_astro/ART_7985-Bearbeitet-scaled.1PtkXpi7_13Rcyf.webp (reused cache entry) (+1ms) (254/4121)
09:05:08   ▶ /_astro/ART_7926-Bearbeitet-819x1024.Bf4MrY0E_1wR8PV.webp (reused cache entry) (+2ms) (255/4121)
09:05:08   ▶ /_astro/ART_7972-Bearbeitet-scaled.VmoeaLga_2fWQiJ.webp (reused cache entry) (+1ms) (256/4121)
09:05:08   ▶ /_astro/ART_7922-2-scaled.iamfG-bb_w21YN.webp (reused cache entry) (+2ms) (257/4121)
09:05:08   ▶ /_astro/ART_7999-scaled.B3tj6obg_ZbLFly.webp (reused cache entry) (+1ms) (258/4121)
09:05:08   ▶ /_astro/ART_7961-Bearbeitet-1024x576.BczQamPL_jtPU3.webp (reused cache entry) (+2ms) (259/4121)
09:05:08   ▶ /_astro/ART_8515-Bearbeitet-scaled.BwO2RFIK_Z1p3SDd.webp (reused cache entry) (+2ms) (260/4121)
09:05:08   ▶ /_astro/ART_8090-Bearbeitet-scaled.HNrq80WT_ZP30QW.webp (reused cache entry) (+1ms) (261/4121)
09:05:08   ▶ /_astro/ART_7924-Bearbeitet-scaled.Br-JDc7S_nBJD4.webp (reused cache entry) (+2ms) (262/4121)
09:05:08   ▶ /_astro/ART_8129-scaled.E2cUOxiE_Z1An6Xq.webp (reused cache entry) (+2ms) (263/4121)
09:05:08   ▶ /_astro/ART_8096-Bearbeitet-scaled.Cy-tDVaG_2qBNuL.webp (reused cache entry) (+2ms) (264/4121)
09:05:08   ▶ /_astro/ART_8121-819x1024.Dvl7Z2sv_Xahyf.webp (reused cache entry) (+2ms) (265/4121)
09:05:08   ▶ /_astro/ART_7985-Bearbeitet-scaled.1PtkXpi7_1y2m1N.webp (reused cache entry) (+2ms) (266/4121)
09:05:08   ▶ /_astro/ART_8155-819x1024.Bc0Gws9L_ZbQhVN.webp (reused cache entry) (+2ms) (267/4121)
09:05:08   ▶ /_astro/ART_8187-scaled.CPl8qWaW_Z1PbtGu.webp (reused cache entry) (+1ms) (268/4121)
09:05:08   ▶ /_astro/ART_7972-Bearbeitet-scaled.VmoeaLga_Z2k482D.webp (reused cache entry) (+2ms) (269/4121)
09:05:08   ▶ /_astro/ART_7999-scaled.B3tj6obg_dciCk.webp (reused cache entry) (+2ms) (270/4121)
09:05:08   ▶ /_astro/ART_8515-Bearbeitet-scaled.BwO2RFIK_1Fz2EO.webp (reused cache entry) (+2ms) (271/4121)
09:05:08   ▶ /_astro/ART_7961-Bearbeitet-1024x576.BczQamPL_ZI545O.webp (reused cache entry) (+2ms) (272/4121)
09:05:08   ▶ /_astro/ART_8278-Bearbeitet-819x1024.CnVIBNx2_Z1w2hFk.webp (reused cache entry) (+2ms) (273/4121)
09:05:08   ▶ /_astro/ART_8090-Bearbeitet-scaled.HNrq80WT_ZkRQoo.webp (reused cache entry) (+2ms) (274/4121)
09:05:08   ▶ /_astro/ART_8129-scaled.E2cUOxiE_c0hDp.webp (reused cache entry) (+2ms) (275/4121)
09:05:08   ▶ /_astro/ART_8096-Bearbeitet-scaled.Cy-tDVaG_Z29paPB.webp (reused cache entry) (+2ms) (276/4121)
09:05:08   ▶ /_astro/ART_8121-819x1024.Dvl7Z2sv_Z13slFH.webp (reused cache entry) (+2ms) (277/4121)
09:05:08   ▶ /_astro/ART_7985-Bearbeitet-scaled.1PtkXpi7_Ik23O.webp (reused cache entry) (+2ms) (278/4121)
09:05:08   ▶ /_astro/ART_8155-819x1024.Bc0Gws9L_u3vHI.webp (reused cache entry) (+2ms) (279/4121)
09:05:08   ▶ /_astro/ART_8187-scaled.CPl8qWaW_Z2N54E.webp (reused cache entry) (+2ms) (280/4121)
09:05:08   ▶ /_astro/ART_8293-Bearbeitet-819x1024.D5VNSJ8T_ZnitmA.webp (reused cache entry) (+2ms) (281/4121)
09:05:08   ▶ /_astro/ART_7999-scaled.B3tj6obg_Z28onmO.webp (reused cache entry) (+2ms) (282/4121)
09:05:08   ▶ /_astro/ART_7972-Bearbeitet-scaled.VmoeaLga_1UpFNj.webp (reused cache entry) (+2ms) (283/4121)
09:05:08   ▶ /_astro/ART_8515-Bearbeitet-scaled.BwO2RFIK_ZGkuG9.webp (reused cache entry) (+2ms) (284/4121)
09:05:08   ▶ /_astro/ART_8278-Bearbeitet-819x1024.CnVIBNx2_Z262tNI.webp (reused cache entry) (+2ms) (285/4121)
09:05:08   ▶ /_astro/ART_8090-Bearbeitet-scaled.HNrq80WT_Z1aAbmn.webp (reused cache entry) (+2ms) (286/4121)
09:05:08   ▶ /_astro/ART_8129-scaled.E2cUOxiE_AYgCi.webp (reused cache entry) (+2ms) (287/4121)
09:05:08   ▶ /_astro/ART_8496-Bearbeitet-scaled.CmGwEDA3_ZlrG0P.webp (reused cache entry) (+2ms) (288/4121)
09:05:08   ▶ /_astro/ART_8096-Bearbeitet-scaled.Cy-tDVaG_264D0l.webp (reused cache entry) (+2ms) (289/4121)
09:05:08   ▶ /_astro/ART_8508-Bearbeitet-819x1024.B7ZDBpd4_1xnuLS.webp (reused cache entry) (+2ms) (290/4121)
09:05:08   ▶ /_astro/ART_8293-Bearbeitet-819x1024.D5VNSJ8T_ZWiFuY.webp (reused cache entry) (+2ms) (291/4121)
09:05:08   ▶ /_astro/ART_8155-819x1024.Bc0Gws9L_Z1wz7we.webp (reused cache entry) (+2ms) (292/4121)
09:05:08   ▶ /_astro/ART_8539-Bearbeitet-scaled.l43DyNxM_1nKcoX.webp (reused cache entry) (+2ms) (293/4121)
09:05:08   ▶ /_astro/ART_8187-scaled.CPl8qWaW_maSTe.webp (reused cache entry) (+2ms) (294/4121)
09:05:08   ▶ /_astro/ART_8551-scaled.CgQqo8y1_ZqHsXx.webp (reused cache entry) (+2ms) (295/4121)
09:05:08   ▶ /_astro/ART_8713-Bearbeitet-819x1024.APemdVC7_Z21oceT.webp (reused cache entry) (+1ms) (296/4121)
09:05:08   ▶ /_astro/ART_8278-Bearbeitet-819x1024.CnVIBNx2_1MicDW.webp (reused cache entry) (+2ms) (297/4121)
09:05:08   ▶ /_astro/ART_8515-Bearbeitet-scaled.BwO2RFIK_qYVXp.webp (reused cache entry) (+2ms) (298/4121)
09:05:08   ▶ /_astro/ART_8803-819x1024.CabU3OSM_Z14nyUq.webp (reused cache entry) (+2ms) (299/4121)
09:05:08   ▶ /_astro/ART_8129-scaled.E2cUOxiE_Z1JBpmQ.webp (reused cache entry) (+2ms) (300/4121)
09:05:08   ▶ /_astro/ART_8496-Bearbeitet-scaled.CmGwEDA3_rkJcF.webp (reused cache entry) (+2ms) (301/4121)
09:05:08   ▶ /_astro/ART_8508-Bearbeitet-819x1024.B7ZDBpd4_XniDu.webp (reused cache entry) (+2ms) (302/4121)
09:05:08   ▶ /_astro/ART_8817-Bearbeitet-819x1024.CPuHrBhw_Z1EhXrd.webp (reused cache entry) (+2ms) (303/4121)
09:05:08   ▶ /_astro/ART_8293-Bearbeitet-819x1024.D5VNSJ8T_Z29a7Qf.webp (reused cache entry) (+2ms) (304/4121)
09:05:08   ▶ /_astro/ART_8539-Bearbeitet-scaled.l43DyNxM_2bxCCt.webp (reused cache entry) (+2ms) (305/4121)
09:05:08   ▶ /_astro/ART_8187-scaled.CPl8qWaW_Z1YpM5U.webp (reused cache entry) (+2ms) (306/4121)
09:05:08   ▶ /_astro/ART_8551-scaled.CgQqo8y1_1lEUDi.webp (reused cache entry) (+2ms) (307/4121)
09:05:08   ▶ /_astro/ART_8713-Bearbeitet-819x1024.APemdVC7_2tMJqD.webp (reused cache entry) (+2ms) (308/4121)
09:05:08   ▶ /_astro/ART_8823-Bearbeitet-scaled.DhdTWqxP_Jf389.webp (reused cache entry) (+2ms) (309/4121)
09:05:08   ▶ /_astro/ART_9040-Bearbeitet-2-819x1024.DOHhK0on_ZUdxU7.webp (reused cache entry) (+2ms) (310/4121)
09:05:08   ▶ /_astro/ART_8803-819x1024.CabU3OSM_ZnsKfT.webp (reused cache entry) (+2ms) (311/4121)
09:05:08   ▶ /_astro/ART_9118-Bearbeitet-scaled.BURDaMMQ_ZgrQxl.webp (reused cache entry) (+2ms) (312/4121)
09:05:08   ▶ /_astro/ART_9153-Bearbeitet-scaled.DbqoKp0I_Z24C1a4.webp (reused cache entry) (+1ms) (313/4121)
09:05:08   ▶ /_astro/ART_8496-Bearbeitet-scaled.CmGwEDA3_VuSFe.webp (reused cache entry) (+2ms) (314/4121)
09:05:08   ▶ /_astro/ART_8508-Bearbeitet-819x1024.B7ZDBpd4_Zdt8GL.webp (reused cache entry) (+2ms) (315/4121)
09:05:08   ▶ /_astro/ART_8817-Bearbeitet-819x1024.CPuHrBhw_Z2eiazB.webp (reused cache entry) (+2ms) (316/4121)
09:05:08   ▶ /_astro/ART_9288-scaled.DiipPtnT_2r6AFC.webp (reused cache entry) (+2ms) (317/4121)
09:05:08   ▶ /_astro/ART_8539-Bearbeitet-scaled.l43DyNxM_Z2otlHT.webp (reused cache entry) (+2ms) (318/4121)
09:05:08   ▶ /_astro/ART_8713-Bearbeitet-819x1024.APemdVC7_1hVi5n.webp (reused cache entry) (+2ms) (319/4121)
09:05:08   ▶ /_astro/ART_8551-scaled.CgQqo8y1_1KDTCb.webp (reused cache entry) (+2ms) (320/4121)
09:05:08   ▶ /_astro/ART_8823-Bearbeitet-scaled.DhdTWqxP_1x2tlE.webp (reused cache entry) (+2ms) (321/4121)
09:05:08   ▶ /_astro/ART_9040-Bearbeitet-2-819x1024.DOHhK0on_ZIj3Hr.webp (reused cache entry) (+2ms) (322/4121)
09:05:08   ▶ /_astro/ART_9118-Bearbeitet-scaled.BURDaMMQ_wkyFa.webp (reused cache entry) (+2ms) (323/4121)
09:05:08   ▶ /_astro/ART_8803-819x1024.CabU3OSM_Z2p6ouQ.webp (reused cache entry) (+2ms) (324/4121)
09:05:08   ▶ /_astro/ART_9153-Bearbeitet-scaled.DbqoKp0I_Z1gOzVy.webp (reused cache entry) (+2ms) (325/4121)
09:05:08   ▶ /_astro/ART_8496-Bearbeitet-scaled.CmGwEDA3_6MyHf.webp (reused cache entry) (+2ms) (326/4121)
09:05:08   ▶ /_astro/ART_9304-Bearbeitet-scaled.bSFJmsTx_Z1PvQcd.webp (reused cache entry) (+2ms) (327/4121)
09:05:08   ▶ /_astro/ART_8817-Bearbeitet-819x1024.CPuHrBhw_1E2vS4.webp (reused cache entry) (+2ms) (328/4121)
09:05:08   ▶ /_astro/ART_9288-scaled.DiipPtnT_ZPH8vt.webp (reused cache entry) (+2ms) (329/4121)
09:05:08   ▶ /_astro/ART_9354-Bearbeitet-scaled.9q3CnNhD_Z1Nn5Yo.webp (reused cache entry) (+2ms) (330/4121)
09:05:08   ▶ /_astro/ART_8539-Bearbeitet-scaled.l43DyNxM_1Q0s83.webp (reused cache entry) (+2ms) (331/4121)
09:05:08   ▶ /_astro/ART_8551-scaled.CgQqo8y1_ZzVLmX.webp (reused cache entry) (+2ms) (332/4121)
09:05:08   ▶ /_astro/ART_8823-Bearbeitet-scaled.DhdTWqxP_22cCOd.webp (reused cache entry) (+2ms) (333/4121)
09:05:08   ▶ /_astro/ART_9040-Bearbeitet-2-819x1024.DOHhK0on_ZkMIOS.webp (reused cache entry) (+2ms) (334/4121)
09:05:08   ▶ /_astro/getting_ready_hochzeitsfotograf_hamburg2385-768x513.BKmdp7sZ_wJ6ju.webp (reused cache entry) (+2ms) (335/4121)
09:05:08   ▶ /_astro/ART_9118-Bearbeitet-scaled.BURDaMMQ_11uI8I.webp (reused cache entry) (+2ms) (336/4121)
09:05:08   ▶ /_astro/manija-biebow-brautstyling-hamburg.9bKAHMhs_1E0zAs.webp (reused cache entry) (+1ms) (337/4121)
09:05:08   ▶ /_astro/brautstyling-paris-balkon.DWBVZEkR_eITUi.webp (reused cache entry) (+2ms) (338/4121)
09:05:08   ▶ /_astro/ART_9153-Bearbeitet-scaled.DbqoKp0I_ZLEqt0.webp (reused cache entry) (+2ms) (339/4121)
09:05:08   ▶ /_astro/ART_9304-Bearbeitet-scaled.bSFJmsTx_Z12IpXH.webp (reused cache entry) (+2ms) (340/4121)
09:05:08   ▶ /_astro/ART_9288-scaled.DiipPtnT_ZqI9wA.webp (reused cache entry) (+2ms) (341/4121)
09:05:08   ▶ /_astro/ella_deck_couture-scaled.CzjqhNKz_ZVkKl2.webp (reused cache entry) (+2ms) (342/4121)
09:05:08   ▶ /_astro/getting_ready_hochzeitsfotograf_hamburg1564-scaled.DF5Ce3VI_O0FYh.webp (reused cache entry) (+1ms) (343/4121)
09:05:08   ▶ /_astro/ART_9354-Bearbeitet-scaled.9q3CnNhD_Z10zEKS.webp (reused cache entry) (+2ms) (344/4121)
09:05:08   ▶ /_astro/getting_ready_hochzeitsfotograf_hamburg1664-scaled.xduhUCo-_GdRuT.webp (reused cache entry) (+1ms) (345/4121)
09:05:08   ▶ /_astro/getting_ready_hochzeitsfotograf_hamburg2385-768x513.BKmdp7sZ_HrpMK.webp (reused cache entry) (+1ms) (346/4121)
09:05:08   ▶ /_astro/ART_8823-Bearbeitet-scaled.DhdTWqxP_1cuiQe.webp (reused cache entry) (+2ms) (347/4121)
09:05:08   ▶ /_astro/ART_9118-Bearbeitet-scaled.BURDaMMQ_bMoaJ.webp (reused cache entry) (+2ms) (348/4121)
09:05:08   ▶ /_astro/manija-biebow-brautstyling-hamburg.9bKAHMhs_1gGsuh.webp (reused cache entry) (+2ms) (349/4121)
09:05:08   ▶ /_astro/brautstyling-paris-balkon.DWBVZEkR_2wTyV7.webp (reused cache entry) (+2ms) (350/4121)
09:05:08   ▶ /_astro/ART_9153-Bearbeitet-scaled.DbqoKp0I_Z1BmKqY.webp (reused cache entry) (+2ms) (351/4121)
09:05:08   ▶ /_astro/ART_9304-Bearbeitet-scaled.bSFJmsTx_Zxygv9.webp (reused cache entry) (+2ms) (352/4121)
09:05:08   ▶ /_astro/ART_9288-scaled.DiipPtnT_2hRihc.webp (reused cache entry) (+2ms) (353/4121)
09:05:08   ▶ /_astro/ella_deck_couture-scaled.CzjqhNKz_2b02yP.webp (reused cache entry) (+2ms) (354/4121)
09:05:08   ▶ /_astro/getting_ready_hochzeitsfotograf_hamburg2385-768x513.BKmdp7sZ_RJ031.webp (reused cache entry) (+2ms) (355/4121)
09:05:08   ▶ /_astro/getting_ready_hochzeitsfotograf_hamburg1564-scaled.DF5Ce3VI_48o0x.webp (reused cache entry) (+2ms) (356/4121)
09:05:08   ▶ /_astro/ART_9354-Bearbeitet-scaled.9q3CnNhD_Zvpvik.webp (reused cache entry) (+2ms) (357/4121)
09:05:08   ▶ /_astro/getting_ready_hochzeitsfotograf_hamburg1664-scaled.xduhUCo-_Z3DpsP.webp (reused cache entry) (+2ms) (358/4121)
09:05:08   ▶ /_astro/getting_ready_hochzeitsfotograf_hamburg1779-683x1024.DC1H__v8_1JyKtl.webp (reused cache entry) (+2ms) (359/4121)
09:05:08   ▶ /_astro/getting_ready_hochzeitsfotograf_hamburg1757-scaled-590x883.LpF63VE2_Z1rpV1U.webp (reused cache entry) (+2ms) (360/4121)
09:05:08   ▶ /_astro/manija-biebow-brautstyling-hamburg.9bKAHMhs_AqLiX.webp (reused cache entry) (+2ms) (361/4121)
09:05:08   ▶ /_astro/getting_ready_hochzeitsfotograf_hamburg2725-768x549.Cm1DlnTo_2f38bx.webp (reused cache entry) (+2ms) (362/4121)
09:05:08   ▶ /_astro/getting_ready_hochzeitsfotograf_hamburg1530-scaled.DGPG_wn1_ZlUepy.webp (reused cache entry) (+1ms) (363/4121)
09:05:08   ▶ /_astro/brautstyling-paris-balkon.DWBVZEkR_N0yVc.webp (reused cache entry) (+2ms) (364/4121)
09:05:08   ▶ /_astro/ART_9304-Bearbeitet-scaled.bSFJmsTx_Z1ngAt8.webp (reused cache entry) (+2ms) (365/4121)
09:05:08   ▶ /_astro/getting_ready_hochzeitsfotograf_hamburg1776-scaled.HZWXou15_Z6406S.webp (reused cache entry) (+1ms) (366/4121)
09:05:08   ▶ /_astro/ella_deck_couture-scaled.CzjqhNKz_fTjzM.webp (reused cache entry) (+2ms) (367/4121)
09:05:08   ▶ /_astro/getting_ready_hochzeitsfotograf_hamburg1564-scaled.DF5Ce3VI_1VCyHm.webp (reused cache entry) (+2ms) (368/4121)
09:05:08   ▶ /_astro/ART_9354-Bearbeitet-scaled.9q3CnNhD_Z1l7Pgj.webp (reused cache entry) (+2ms) (369/4121)
09:05:08   ▶ /_astro/getting_ready_hochzeitsfotograf_hamburg1779-683x1024.DC1H__v8_2rj0Cz.webp (reused cache entry) (+2ms) (370/4121)
09:05:08   ▶ /_astro/getting_ready_hochzeitsfotograf_hamburg1757-scaled-590x883.LpF63VE2_6x6TT.webp (reused cache entry) (+2ms) (371/4121)
09:05:08   ▶ /_astro/getting_ready_hochzeitsfotograf_hamburg1664-scaled.xduhUCo-_1NPKdY.webp (reused cache entry) (+2ms) (372/4121)
09:05:08   ▶ /_astro/manija-biebow-brautstyling-hamburg.9bKAHMhs_dKnk5.webp (reused cache entry) (+2ms) (373/4121)
09:05:08   ▶ /_astro/getting_ready_hochzeitsfotograf_hamburg2725-768x549.Cm1DlnTo_PYh6u.webp (reused cache entry) (+2ms) (374/4121)
09:05:08   ▶ /_astro/getting_ready_hochzeitsfotograf_hamburg1659-scaled.CKtVQHnd_Z2emzF6.webp (reused cache entry) (+2ms) (375/4121)
09:05:08   ▶ /_astro/getting_ready_hochzeitsfotograf_hamburg1530-scaled.DGPG_wn1_1jPpU8.webp (reused cache entry) (+2ms) (376/4121)
09:05:08   ▶ /_astro/getting_ready_hochzeitsfotograf_hamburg1671-2-scaled.BCRT45dR_Zs0Y7f.webp (reused cache entry) (+2ms) (377/4121)
09:05:08   ▶ /_astro/getting_ready_hochzeitsfotograf_hamburg1776-scaled.HZWXou15_1zGEdN.webp (reused cache entry) (+2ms) (378/4121)
09:05:08   ▶ /_astro/getting_ready_hochzeitsfotograf_hamburg1564-scaled.DF5Ce3VI_ZGY44x.webp (reused cache entry) (+2ms) (379/4121)
09:05:08   ▶ /_astro/getting_ready_hochzeitsfotograf_hamburg1737-683x1024.BrtZbzHa_Z1h1D9B.webp (reused cache entry) (+1ms) (380/4121)
09:05:08   ▶ /_astro/ella_deck_couture-scaled.CzjqhNKz_b5FIc.webp (reused cache entry) (+2ms) (381/4121)
09:05:08   ▶ /_astro/getting_ready_hochzeitsfotograf_hamburg1757-scaled-590x883.LpF63VE2_Z1Wu0Bu.webp (reused cache entry) (+1ms) (382/4121)
09:05:08   ▶ /_astro/getting_ready_hochzeitsfotograf_hamburg1779-683x1024.DC1H__v8_ZdJiO9.webp (reused cache entry) (+2ms) (383/4121)
09:05:08   ▶ /_astro/getting_ready_hochzeitsfotograf_hamburg1664-scaled.xduhUCo-_ZOKRxU.webp (reused cache entry) (+2ms) (384/4121)
09:05:08   ▶ /_astro/getting_ready_hochzeitsfotograf_hamburg2725-768x549.Cm1DlnTo_1pmRwx.webp (reused cache entry) (+2ms) (385/4121)
09:05:08   ▶ /_astro/manija-biebow-brautstyling-hamburg.9bKAHMhs_Z1EGYpv.webp (reused cache entry) (+2ms) (386/4121)
09:05:08   ▶ /_astro/getting_ready_hochzeitsfotograf_hamburg1659-scaled.CKtVQHnd_ZxAUkp.webp (reused cache entry) (+2ms) (387/4121)
09:05:08   ▶ /_astro/getting_ready_hochzeitsfotograf_hamburg1530-scaled.DGPG_wn1_1sxYMC.webp (reused cache entry) (+2ms) (388/4121)
09:05:08   ▶ /_astro/getting_ready_hochzeitsfotograf_hamburg1671-2-scaled.BCRT45dR_Z1eRuhN.webp (reused cache entry) (+2ms) (389/4121)
09:05:08   ▶ /_astro/getting_ready_hochzeitsfotograf_hamburg1564-scaled.DF5Ce3VI_XLAg9.webp (reused cache entry) (+2ms) (390/4121)
09:05:08   ▶ /_astro/getting_ready_hochzeitsfotograf_hamburg1776-scaled.HZWXou15_1Ipe6i.webp (reused cache entry) (+2ms) (391/4121)
09:05:08   ▶ /_astro/getting_ready_hochzeitsfotograf_hamburg1737-683x1024.BrtZbzHa_Z23S9ka.webp (reused cache entry) (+2ms) (392/4121)
09:05:08   ▶ /_astro/getting_ready_hochzeitsfotograf_hamburg1757-scaled-590x883.LpF63VE2_1wVFym.webp (reused cache entry) (+2ms) (393/4121)
09:05:08   ▶ /_astro/getting_ready_hochzeitsfotograf_hamburg1779-683x1024.DC1H__v8_Zg6Sg7.webp (reused cache entry) (+2ms) (394/4121)
09:05:08   ▶ /_astro/ella_deck_couture-scaled.CzjqhNKz_Zrl6UF.webp (reused cache entry) (+2ms) (395/4121)
09:05:08   ▶ /_astro/getting_ready_hochzeitsfotograf_hamburg2725-768x549.Cm1DlnTo_IzgXY.webp (reused cache entry) (+2ms) (396/4121)
09:05:08   ▶ /_astro/getting_ready_hochzeitsfotograf_hamburg1664-scaled.xduhUCo-_PYLLL.webp (reused cache entry) (+2ms) (397/4121)
09:05:08   ▶ /_astro/getting_ready_hochzeitsfotograf_hamburg1659-scaled.CKtVQHnd_ZoSlrU.webp (reused cache entry) (+2ms) (398/4121)
09:05:08   ▶ /_astro/manija-biebow-brautstyling-hamburg.9bKAHMhs_Z2lRmLY.webp (reused cache entry) (+2ms) (399/4121)
09:05:08   ▶ /_astro/getting_ready_hochzeitsfotograf_hamburg1530-scaled.DGPG_wn1_Z1gFVUQ.webp (reused cache entry) (+2ms) (400/4121)
09:05:08   ▶ /_astro/getting_ready_hochzeitsfotograf_hamburg1671-2-scaled.BCRT45dR_Z1Qi43a.webp (reused cache entry) (+2ms) (401/4121)
09:05:08   ▶ /_astro/getting_ready_hochzeitsfotograf_hamburg1776-scaled.HZWXou15_Z10OHCb.webp (reused cache entry) (+2ms) (402/4121)
09:05:08   ▶ /_astro/getting_ready_hochzeitsfotograf_hamburg1564-scaled.DF5Ce3VI_17ua8D.webp (reused cache entry) (+2ms) (403/4121)
09:05:08   ▶ /_astro/getting_ready_hochzeitsfotograf_hamburg1686-scaled-590x883.BpkJXRsG_Z1f1xb5.webp (reused cache entry) (+2ms) (404/4121)
09:05:08   ▶ /_astro/getting_ready_hochzeitsfotograf_hamburg1737-683x1024.BrtZbzHa_MU0KG.webp (reused cache entry) (+2ms) (405/4121)
09:05:08   ▶ /_astro/getting_ready_hochzeitsfotograf_hamburg2725-768x549.Cm1DlnTo_Z1eTU4.webp (reused cache entry) (+2ms) (406/4121)
09:05:08   ▶ /_astro/getting_ready_hochzeitsfotograf_hamburg1779-683x1024.DC1H__v8_Z12XoqF.webp (reused cache entry) (+2ms) (407/4121)
09:05:08   ▶ /_astro/getting_ready_hochzeitsfotograf_hamburg1664-scaled.xduhUCo-_YHlEg.webp (reused cache entry) (+2ms) (408/4121)
09:05:08   ▶ /_astro/ella_deck_couture-scaled.CzjqhNKz_ZV60c8.webp (reused cache entry) (+3ms) (409/4121)
09:05:08   ▶ /_astro/getting_ready_hochzeitsfotograf_hamburg1659-scaled.CKtVQHnd_1V3PCx.webp (reused cache entry) (+2ms) (410/4121)
09:05:08   ▶ /_astro/getting_ready_hochzeitsfotograf_hamburg1673-683x1024.DnetAP7__ZNcGdI.webp (reused cache entry) (+2ms) (411/4121)
09:05:08   ▶ /_astro/manija-biebow-brautstyling-hamburg.9bKAHMhs_K4jgG.webp (reused cache entry) (+2ms) (412/4121)
09:05:08   ▶ /_astro/getting_ready_hochzeitsfotograf_hamburg1675-2-683x1024.CZ-xmvc__1g2nbN.webp (reused cache entry) (+1ms) (413/4121)
09:05:08   ▶ /_astro/getting_ready_hochzeitsfotograf_hamburg1671-2-scaled.BCRT45dR_Z1BymF0.webp (reused cache entry) (+2ms) (414/4121)
09:05:08   ▶ /_astro/getting_ready_hochzeitsfotograf_hamburg1686-scaled-590x883.BpkJXRsG_2fp8YL.webp (reused cache entry) (+2ms) (415/4121)
09:05:08   ▶ /_astro/getting_ready_hochzeitsfotograf_hamburg2725-768x549.Cm1DlnTo_18qBxX.webp (reused cache entry) (+1ms) (416/4121)
09:05:08   ▶ /_astro/getting_ready_hochzeitsfotograf_hamburg1759-683x1024.CT-xGpab_CQKPm.webp (reused cache entry) (+2ms) (417/4121)
09:05:08   ▶ /_astro/getting_ready_hochzeitsfotograf_hamburg1564-scaled.DF5Ce3VI_Z1BJLzP.webp (reused cache entry) (+2ms) (418/4121)
09:05:08   ▶ /_astro/getting_ready_hochzeitsfotograf_hamburg1779-683x1024.DC1H__v8_1NOKEb.webp (reused cache entry) (+2ms) (419/4121)
09:05:08   ▶ /_astro/getting_ready_hochzeitsfotograf_hamburg2938-scaled-620x929.SNk4p0E7_Qq3ov.webp (reused cache entry) (+1ms) (420/4121)
09:05:08   ▶ /_astro/getting_ready_hochzeitsfotograf_hamburg1664-scaled.xduhUCo-_Z1JwA4d.webp (reused cache entry) (+2ms) (421/4121)
09:05:08   ▶ /_astro/ella_deck_couture-scaled.CzjqhNKz_HGopv.webp (reused cache entry) (+2ms) (422/4121)
09:05:08   ▶ /_astro/getting_ready_hochzeitsfotograf_hamburg3470-683x1024.CjkNbAut_2qk0yx.webp (reused cache entry) (+2ms) (423/4121)
09:05:08   ▶ /_astro/getting_ready_hochzeitsfotograf_hamburg1673-683x1024.DnetAP7__Z1A4coh.webp (reused cache entry) (+2ms) (424/4121)
09:05:08   ▶ /_astro/getting_ready_hochzeitsfotograf_hamburg2135-683x1024.CjkwGnpq_rqrqD.webp (reused cache entry) (+2ms) (425/4121)
09:05:08   ▶ /_astro/getting_ready_hochzeitsfotograf_hamburg1675-2-683x1024.CZ-xmvc__2iLL3j.webp (reused cache entry) (+2ms) (426/4121)
09:05:08   ▶ /_astro/getting_ready_hochzeitsfotograf_hamburg2128-2-683x1024.C-VC_iPa_3fQWl.webp (reused cache entry) (+1ms) (427/4121)
09:05:08   ▶ /_astro/getting_ready_hochzeitsfotograf_hamburg2122-683x1024.D2rKRInh_22z77F.webp (reused cache entry) (+1ms) (428/4121)
09:05:08   ▶ /_astro/getting_ready_hochzeitsfotograf_hamburg2123-683x1024.CzLmWV8C_1QzFg2.webp (reused cache entry) (+1ms) (429/4121)
09:05:08   ▶ /_astro/getting_ready_hochzeitsfotograf_hamburg2938-scaled-620x929.SNk4p0E7_te29G.webp (reused cache entry) (+1ms) (430/4121)
09:05:08   ▶ /_astro/getting_ready_hochzeitsfotograf_hamburg1759-683x1024.CT-xGpab_Z8YJkc.webp (reused cache entry) (+2ms) (431/4121)
09:05:08   ▶ /_astro/getting_ready_hochzeitsfotograf_hamburg2027-2-768x549.yyuQMp2L_PN8YH.webp (reused cache entry) (+1ms) (432/4121)
09:05:08   ▶ /_astro/getting_ready_hochzeitsfotograf_hamburg1564-scaled.DF5Ce3VI_ZCWzNS.webp (reused cache entry) (+2ms) (433/4121)
09:05:08   ▶ /_astro/getting_ready_hochzeitsfotograf_hamburg1664-scaled.xduhUCo-_ZKJoig.webp (reused cache entry) (+2ms) (434/4121)
09:05:08   ▶ /_astro/getting_ready_hochzeitsfotograf_hamburg3470-683x1024.CjkNbAut_1DsunY.webp (reused cache entry) (+1ms) (435/4121)
09:05:08   ▶ /_astro/getting_ready_hochzeitsfotograf_hamburg2135-683x1024.CjkwGnpq_Zkq3IU.webp (reused cache entry) (+1ms) (436/4121)
09:05:08   ▶ /_astro/getting_ready_hochzeitsfotograf_hamburg1673-683x1024.DnetAP7__1gIWGz.webp (reused cache entry) (+2ms) (437/4121)
09:05:08   ▶ /_astro/getting_ready_hochzeitsfotograf_hamburg2128-2-683x1024.C-VC_iPa_160fNQ.webp (reused cache entry) (+2ms) (438/4121)
09:05:08   ▶ /_astro/getting_ready_hochzeitsfotograf_hamburg2122-683x1024.D2rKRInh_1fHAW7.webp (reused cache entry) (+2ms) (439/4121)
09:05:08   ▶ /_astro/getting_ready_hochzeitsfotograf_hamburg1675-2-683x1024.CZ-xmvc__Z2Sx9o.webp (reused cache entry) (+2ms) (440/4121)
09:05:08   ▶ /_astro/getting_ready_hochzeitsfotograf_hamburg1885-768x513.CdpGl3fR_ZrWAdf.webp (reused cache entry) (+1ms) (441/4121)
09:05:08   ▶ /_astro/getting_ready_hochzeitsfotograf_hamburg2123-683x1024.CzLmWV8C_14Ia5t.webp (reused cache entry) (+2ms) (442/4121)
09:05:08   ▶ /_astro/getting_ready_hochzeitsfotograf_hamburg2027-2-768x549.yyuQMp2L_Z1AlRMW.webp (reused cache entry) (+1ms) (443/4121)
09:05:08   ▶ /_astro/getting_ready_hochzeitsfotograf_hamburg1759-683x1024.CT-xGpab_Z2mnI3h.webp (reused cache entry) (+2ms) (444/4121)
09:05:08   ▶ /_astro/getting_ready_hochzeitsfotograf_hamburg3356-683x1024.BqmKhTW0_QSSz3.webp (reused cache entry) (+2ms) (445/4121)
09:05:08   ▶ /_astro/getting_ready_hochzeitsfotograf_hamburg3143-Bearbeitet-scaled-419x627.CoLLuyBo_1SFVb0.webp (reused cache entry) (+1ms) (446/4121)
09:05:08   ▶ /_astro/getting_ready_hochzeitsfotograf_hamburg3470-683x1024.CjkNbAut_ZyUtk6.webp (reused cache entry) (+2ms) (447/4121)
09:05:08   ▶ /_astro/getting_ready_hochzeitsfotograf_hamburg3444-683x1024.BApC3nBV_Z12BHnD.webp (reused cache entry) (+1ms) (448/4121)
09:05:08   ▶ /_astro/getting_ready_hochzeitsfotograf_hamburg2135-683x1024.CjkwGnpq_2wn6lV.webp (reused cache entry) (+2ms) (449/4121)
09:05:08   ▶ /_astro/getting_ready_hochzeitsfotograf_hamburg2128-2-683x1024.C-VC_iPa_Z1fF3nQ.webp (reused cache entry) (+1ms) (450/4121)
09:05:08   ▶ /_astro/getting_ready_hochzeitsfotograf_hamburg2122-683x1024.D2rKRInh_ZWFmKX.webp (reused cache entry) (+1ms) (451/4121)
09:05:08   ▶ /_astro/getting_ready_hochzeitsfotograf_hamburg1885-768x513.CdpGl3fR_ZMWtVL.webp (reused cache entry) (+1ms) (452/4121)
09:05:08   ▶ /_astro/getting_ready_hochzeitsfotograf_hamburg3472-683x1024.Bqm2xoVT_1QWcCP.webp (reused cache entry) (+1ms) (453/4121)
09:05:08   ▶ /_astro/getting_ready_hochzeitsfotograf_hamburg2123-683x1024.CzLmWV8C_Z18ENCB.webp (reused cache entry) (+1ms) (454/4121)
09:05:08   ▶ /_astro/getting_ready_hochzeitsfotograf_hamburg3356-Bearbeitet-683x1024.Cb8bElV-_Z1Yi9qj.webp (reused cache entry) (+1ms) (455/4121)
09:05:08   ▶ /_astro/getting_ready_hochzeitsfotograf_hamburg2027-2-768x549.yyuQMp2L_b6tm1.webp (reused cache entry) (+1ms) (456/4121)
09:05:08   ▶ /_astro/getting_ready_hochzeitsfotograf_hamburg3143-Bearbeitet-scaled-419x627.CoLLuyBo_ZVMaEC.webp (reused cache entry) (+1ms) (457/4121)
09:05:08   ▶ /_astro/getting_ready_hochzeitsfotograf_hamburg3356-683x1024.BqmKhTW0_52nou.webp (reused cache entry) (+2ms) (458/4121)
09:05:08   ▶ /_astro/getting_ready_hochzeitsfotograf_hamburg3248-683x1024.9IHLDwT0_ZHjMmF.webp (reused cache entry) (+1ms) (459/4121)
09:05:08   ▶ /_astro/getting_ready_hochzeitsfotograf_hamburg2927-683x1024.DXNCkyMs_ZRnFmJ.webp (reused cache entry) (+1ms) (460/4121)
09:05:08   ▶ /_astro/getting_ready_hochzeitsfotograf_hamburg2950-683x1024.C2hhg0sB_Z1TG4tx.webp (reused cache entry) (+1ms) (461/4121)
09:05:08   ▶ /_astro/getting_ready_hochzeitsfotograf_hamburg3444-683x1024.BApC3nBV_Z1Otdyc.webp (reused cache entry) (+1ms) (462/4121)
09:05:08   ▶ /_astro/getting_ready_hochzeitsfotograf_hamburg2921-683x1024.C7XN6iEz_Z1OKqs8.webp (reused cache entry) (+1ms) (463/4121)
09:05:08   ▶ /_astro/getting_ready_hochzeitsfotograf_hamburg1885-768x513.CdpGl3fR_ZCfasv.webp (reused cache entry) (+1ms) (464/4121)
09:05:08   ▶ /_astro/getting_ready_hochzeitsfotograf_hamburg2797-scaled-590x883.Ba1P3NOa_dK0sz.webp (reused cache entry) (+1ms) (465/4121)
09:05:08   ▶ /_astro/getting_ready_hochzeitsfotograf_hamburg3472-683x1024.Bqm2xoVT_155Gsh.webp (reused cache entry) (+1ms) (466/4121)
09:05:08   ▶ /_astro/getting_ready_hochzeitsfotograf_hamburg2900-683x1024.aDH1Qld1_ZkKWT7.webp (reused cache entry) (+1ms) (467/4121)
09:05:08   ▶ /_astro/getting_ready_hochzeitsfotograf_hamburg3458-683x1024.51uV2DWB_Z1lMCRM.webp (reused cache entry) (+1ms) (468/4121)
09:05:08   ▶ /_astro/getting_ready_hochzeitsfotograf_hamburg3356-Bearbeitet-683x1024.Cb8bElV-_1VGE1C.webp (reused cache entry) (+1ms) (469/4121)
09:05:08   ▶ /_astro/getting_ready_hochzeitsfotograf_hamburg2927-683x1024.DXNCkyMs_Z1Efbxi.webp (reused cache entry) (+1ms) (470/4121)
09:05:08   ▶ /_astro/getting_ready_hochzeitsfotograf_hamburg3356-683x1024.BqmKhTW0_Z28lAjA.webp (reused cache entry) (+1ms) (471/4121)
09:05:08   ▶ /_astro/getting_ready_hochzeitsfotograf_hamburg3248-683x1024.9IHLDwT0_Z1ubixe.webp (reused cache entry) (+1ms) (472/4121)
09:05:08   ▶ /_astro/getting_ready_hochzeitsfotograf_hamburg2950-683x1024.C2hhg0sB_2nDy9P.webp (reused cache entry) (+1ms) (473/4121)
09:05:08   ▶ /_astro/getting_ready_hochzeitsfotograf_hamburg2898-683x1024.BmMDWdTi_1t5mN6.webp (reused cache entry) (+1ms) (474/4121)
09:05:08   ▶ /_astro/getting_ready_hochzeitsfotograf_hamburg2921-683x1024.C7XN6iEz_2szcbf.webp (reused cache entry) (+1ms) (475/4121)
09:05:08   ▶ /_astro/getting_ready_hochzeitsfotograf_hamburg3444-683x1024.BApC3nBV_12jVwE.webp (reused cache entry) (+2ms) (476/4121)
09:05:08   ▶ /_astro/getting_ready_hochzeitsfotograf_hamburg2797-scaled-590x883.Ba1P3NOa_Z1m0rav.webp (reused cache entry) (+1ms) (477/4121)
09:05:08   ▶ /_astro/getting_ready_hochzeitsfotograf_hamburg2900-683x1024.aDH1Qld1_Z17Ct4F.webp (reused cache entry) (+1ms) (478/4121)
09:05:08   ▶ /_astro/getting_ready_hochzeitsfotograf_hamburg3472-683x1024.Bqm2xoVT_Z18ihfN.webp (reused cache entry) (+2ms) (479/4121)
09:05:08   ▶ /_astro/getting_ready_hochzeitsfotograf_hamburg3458-683x1024.51uV2DWB_Z28E93l.webp (reused cache entry) (+2ms) (480/4121)
09:05:08   ▶ /_astro/getting_ready_hochzeitsfotograf_hamburg3356-Bearbeitet-683x1024.Cb8bElV-_Z1OJ197.webp (reused cache entry) (+1ms) (481/4121)
09:05:08   ▶ /_astro/getting_ready_hochzeitsfotograf_hamburg2894-683x1024.fdLP5bhc_3Qjl7.webp (reused cache entry) (+1ms) (482/4121)
09:05:08   ▶ /_astro/getting_ready_hochzeitsfotograf_hamburg2927-683x1024.DXNCkyMs_1cxXxy.webp (reused cache entry) (+1ms) (483/4121)
09:05:08   ▶ /_astro/getting_ready_hochzeitsfotograf_hamburg3248-683x1024.9IHLDwT0_1mBQxC.webp (reused cache entry) (+2ms) (484/4121)
09:05:08   ▶ /_astro/getting_ready_hochzeitsfotograf_hamburg2950-683x1024.C2hhg0sB_afzqK.webp (reused cache entry) (+2ms) (485/4121)
09:05:08   ▶ /_astro/getting_ready_hochzeitsfotograf_hamburg2898-683x1024.BmMDWdTi_GdQCx.webp (reused cache entry) (+1ms) (486/4121)
09:05:08   ▶ /_astro/getting_ready_hochzeitsfotograf_hamburg2921-683x1024.C7XN6iEz_fbdsa.webp (reused cache entry) (+1ms) (487/4121)
09:05:08   ▶ /_astro/getting_ready_hochzeitsfotograf_hamburg2872-scaled-474x710.qSeOdJ9i_Z1NDxxY.webp (reused cache entry) (+2ms) (488/4121)
09:05:08   ▶ /_astro/getting_ready_hochzeitsfotograf_hamburg3000-scaled-508x761.4mowkoZp_1TePT8.webp (reused cache entry) (+2ms) (489/4121)
09:05:08   ▶ /_astro/getting_ready_hochzeitsfotograf_hamburg2900-683x1024.aDH1Qld1_1JaG1b.webp (reused cache entry) (+1ms) (490/4121)
09:05:08   ▶ /_astro/getting_ready_hochzeitsfotograf_hamburg2851-683x1024.gftRlmpf_EqrWM.webp (reused cache entry) (+1ms) (491/4121)
09:05:08   ▶ /_astro/getting_ready_hochzeitsfotograf_hamburg2755-2-scaled-761x508.Xx8EsnFa_Z24SRE9.webp (reused cache entry) (+1ms) (492/4121)
09:05:08   ▶ /_astro/getting_ready_hochzeitsfotograf_hamburg2894-683x1024.fdLP5bhc_ZI0bOr.webp (reused cache entry) (+1ms) (493/4121)
09:05:08   ▶ /_astro/getting_ready_hochzeitsfotograf_hamburg3458-683x1024.51uV2DWB_I912v.webp (reused cache entry) (+2ms) (494/4121)
09:05:08   ▶ /_astro/getting_ready_hochzeitsfotograf_hamburg2573-683x1024.DZ_Zdeo-_ZhdnRE.webp (reused cache entry) (+1ms) (495/4121)
09:05:08   ▶ /_astro/getting_ready_hochzeitsfotograf_hamburg2572-683x1024.BQRH2329_1GE9kS.webp (reused cache entry) (+1ms) (496/4121)
09:05:08   ▶ /_astro/getting_ready_hochzeitsfotograf_hamburg2507-768x513.CeR-uCgh_5Olm2.webp (reused cache entry) (+1ms) (497/4121)
09:05:08   ▶ /_astro/getting_ready_hochzeitsfotograf_hamburg2898-683x1024.BmMDWdTi_Z1wa75x.webp (reused cache entry) (+1ms) (498/4121)
09:05:08   ▶ /_astro/getting_ready_hochzeitsfotograf_hamburg2530-768x513.DDCOBauO_Z16nfTL.webp (reused cache entry) (+1ms) (499/4121)
09:05:08   ▶ /_astro/getting_ready_hochzeitsfotograf_hamburg3000-scaled-508x761.4mowkoZp_ZcUWcD.webp (reused cache entry) (+1ms) (500/4121)
09:05:08   ▶ /_astro/getting_ready_hochzeitsfotograf_hamburg2872-scaled-474x710.qSeOdJ9i_Z1SKMEj.webp (reused cache entry) (+1ms) (501/4121)
09:05:08   ▶ /_astro/getting_ready_hochzeitsfotograf_hamburg2371-scaled-596x893.CAPwnPqt_Z1TsUUH.webp (reused cache entry) (+1ms) (502/4121)
09:05:08   ▶ /_astro/getting_ready_hochzeitsfotograf_hamburg2755-2-scaled-761x508.Xx8EsnFa_Z1VoXdM.webp (reused cache entry) (+1ms) (503/4121)
09:05:08   ▶ /_astro/getting_ready_hochzeitsfotograf_hamburg2349-683x1024.BHlPQyt8_ZfhgVK.webp (reused cache entry) (+1ms) (504/4121)
09:05:08   ▶ /_astro/getting_ready_hochzeitsfotograf_hamburg2894-683x1024.fdLP5bhc_28MXgp.webp (reused cache entry) (+1ms) (505/4121)
09:05:08   ▶ /_astro/getting_ready_hochzeitsfotograf_hamburg2851-683x1024.gftRlmpf_Z7q3cL.webp (reused cache entry) (+1ms) (506/4121)
09:05:08   ▶ /_astro/getting_ready_hochzeitsfotograf_hamburg2507-768x513.CeR-uCgh_Zfaxmu.webp (reused cache entry) (+1ms) (507/4121)
09:05:08   ▶ /_astro/getting_ready_hochzeitsfotograf_hamburg2350-683x1024.hVTyGHrV_Z7A7OH.webp (reused cache entry) (+1ms) (508/4121)
09:05:08   ▶ /_astro/getting_ready_hochzeitsfotograf_hamburg2573-683x1024.DZ_Zdeo-_Z144T3d.webp (reused cache entry) (+1ms) (509/4121)
09:05:08   ▶ /_astro/getting_ready_hochzeitsfotograf_hamburg2572-683x1024.BQRH2329_TMDak.webp (reused cache entry) (+1ms) (510/4121)
09:05:08   ▶ /_astro/getting_ready_hochzeitsfotograf_hamburg2530-768x513.DDCOBauO_Z1rn9Di.webp (reused cache entry) (+1ms) (511/4121)
09:05:08   ▶ /_astro/getting_ready_hochzeitsfotograf_hamburg2240-scaled-651x975.DNT7e19z_Z2vBxiJ.webp (reused cache entry) (+1ms) (512/4121)
09:05:08   ▶ /_astro/getting_ready_hochzeitsfotograf_hamburg2324-683x1024.BVfEOj_N_4thGB.webp (reused cache entry) (+1ms) (513/4121)
09:05:08   ▶ /_astro/getting_ready_hochzeitsfotograf_hamburg2371-scaled-596x893.CAPwnPqt_Z1Ta2mF.webp (reused cache entry) (+1ms) (514/4121)
09:05:08   ▶ /_astro/getting_ready_hochzeitsfotograf_hamburg2755-2-scaled-761x508.Xx8EsnFa_FKNPX.webp (reused cache entry) (+1ms) (515/4121)
09:05:08   ▶ /_astro/getting_ready_hochzeitsfotograf_hamburg2221-683x1024.LTRjkC1c_Ljj7U.webp (reused cache entry) (+1ms) (516/4121)
09:05:08   ▶ /_astro/getting_ready_hochzeitsfotograf_hamburg2349-683x1024.BHlPQyt8_Z128M7j.webp (reused cache entry) (+1ms) (517/4121)
09:05:08   ▶ /_astro/getting_ready_hochzeitsfotograf_hamburg2507-768x513.CeR-uCgh_Z4sdSe.webp (reused cache entry) (+1ms) (518/4121)
09:05:08   ▶ /_astro/getting_ready_hochzeitsfotograf_hamburg2851-683x1024.gftRlmpf_Z2kO1UQ.webp (reused cache entry) (+2ms) (519/4121)
09:05:08   ▶ /_astro/getting_ready_hochzeitsfotograf_hamburg2350-683x1024.hVTyGHrV_ZTrD0g.webp (reused cache entry) (+1ms) (520/4121)
09:05:08   ▶ /_astro/getting_ready_hochzeitsfotograf_hamburg2573-683x1024.DZ_Zdeo-_1MIg2D.webp (reused cache entry) (+1ms) (521/4121)
09:05:08   ▶ /_astro/getting_ready_hochzeitsfotograf_hamburg2530-768x513.DDCOBauO_Z1gEPa2.webp (reused cache entry) (+1ms) (522/4121)
09:05:08   ▶ /_astro/getting_ready_hochzeitsfotograf_hamburg2572-683x1024.BQRH2329_Z1iAkxK.webp (reused cache entry) (+1ms) (523/4121)
09:05:08   ▶ /_astro/getting_ready_hochzeitsfotograf_hamburg2240-scaled-651x975.DNT7e19z_2bnzgn.webp (reused cache entry) (+1ms) (524/4121)
09:05:08   ▶ /_astro/getting_ready_hochzeitsfotograf_hamburg2205-768x513.-xo4itSy_gx9zl.webp (reused cache entry) (+1ms) (525/4121)
09:05:08   ▶ /_astro/getting_ready_hochzeitsfotograf_hamburg2169-683x1024.B7rX0hPo_2cAwCV.webp (reused cache entry) (+1ms) (526/4121)
09:05:08   ▶ /_astro/getting_ready_hochzeitsfotograf_hamburg2324-683x1024.BVfEOj_N_ZHndsW.webp (reused cache entry) (+2ms) (527/4121)
09:05:08   ▶ /_astro/getting_ready_hochzeitsfotograf_hamburg2221-683x1024.LTRjkC1c_Zxc2D.webp (reused cache entry) (+1ms) (528/4121)
09:05:08   ▶ /_astro/getting_ready_hochzeitsfotograf_hamburg2349-683x1024.BHlPQyt8_1OEmXx.webp (reused cache entry) (+1ms) (529/4121)
09:05:08   ▶ /_astro/getting_ready_hochzeitsfotograf_hamburg2098-768x513.BShUqTwz_dukKa.webp (reused cache entry) (+1ms) (530/4121)
09:05:08   ▶ /_astro/getting_ready_hochzeitsfotograf_hamburg2100-scaled-761x508.DqjCApMX_Zeq7Sv.webp (reused cache entry) (+1ms) (531/4121)
09:05:08   ▶ /_astro/getting_ready_hochzeitsfotograf_hamburg1851-scaled-640x427.DqajuSSx_Z1pUkTk.webp (reused cache entry) (+1ms) (532/4121)
09:05:08   ▶ /_astro/getting_ready_hochzeitsfotograf_hamburg1837-scaled-640x428.HeKj73zJ_hvj40.webp (reused cache entry) (+1ms) (533/4121)
09:05:08   ▶ /_astro/getting_ready_hochzeitsfotograf_hamburg2350-683x1024.hVTyGHrV_1Wlw5A.webp (reused cache entry) (+1ms) (534/4121)
09:05:08   ▶ /_astro/getting_ready_hochzeitsfotograf_hamburg1829-scaled-640x427.B2GjxJ56_2x2846.webp (reused cache entry) (+1ms) (535/4121)
09:05:08   ▶ /_astro/getting_ready_hochzeitsfotograf_hamburg2240-scaled-651x975.DNT7e19z_2seMEb.webp (reused cache entry) (+1ms) (536/4121)
09:05:08   ▶ /_astro/getting_ready_hochzeitsfotograf_hamburg2205-768x513.-xo4itSy_Z4rJ9b.webp (reused cache entry) (+1ms) (537/4121)
09:05:08   ▶ /_astro/getting_ready_hochzeitsfotograf_hamburg1730-Bearbeitet-768x513.oEmHXvK2_1R1Hd0.webp (reused cache entry) (+1ms) (538/4121)
09:05:08   ▶ /_astro/getting_ready_hochzeitsfotograf_hamburg2324-683x1024.BVfEOj_N_29pVBT.webp (reused cache entry) (+1ms) (539/4121)
09:05:08   ▶ /_astro/getting_ready_hochzeitsfotograf_hamburg2169-683x1024.B7rX0hPo_1pJ1sn.webp (reused cache entry) (+1ms) (540/4121)
09:05:08   ▶ /_astro/getting_ready_hochzeitsfotograf_hamburg2221-683x1024.LTRjkC1c_Z2dVaKI.webp (reused cache entry) (+1ms) (541/4121)
09:05:08   ▶ /_astro/getting_ready_hochzeitsfotograf_hamburg2098-768x513.BShUqTwz_Z7uxXm.webp (reused cache entry) (+1ms) (542/4121)
09:05:08   ▶ /_astro/getting_ready_hochzeitsfotograf_hamburg1851-scaled-640x427.DqajuSSx_18tr8u.webp (reused cache entry) (+1ms) (543/4121)
09:05:08   ▶ /_astro/getting_ready_hochzeitsfotograf_hamburg1837-scaled-640x428.HeKj73zJ_Z2eh2H7.webp (reused cache entry) (+1ms) (544/4121)
09:05:08   ▶ /_astro/getting_ready_hochzeitsfotograf_hamburg2100-scaled-761x508.DqjCApMX_2jXE9j.webp (reused cache entry) (+1ms) (545/4121)
09:05:08   ▶ /_astro/getting_ready_hochzeitsfotograf_hamburg2372-scaled-663x993.BBQXmPKr_1O79N1.webp (reused cache entry) (+1ms) (546/4121)
09:05:08   ▶ /_astro/getting_ready_hochzeitsfotograf_hamburg1829-scaled-640x427.B2GjxJ56_1eLhY.webp (reused cache entry) (+1ms) (547/4121)
09:05:08   ▶ /_astro/getting_ready_hochzeitsfotograf_hamburg3292-683x1024.B_9iQGx9_1dJyGq.webp (reused cache entry) (+1ms) (548/4121)
09:05:08   ▶ /_astro/getting_ready_hochzeitsfotograf_hamburg2205-768x513.-xo4itSy_6fzk5.webp (reused cache entry) (+1ms) (549/4121)
09:05:08   ▶ /_astro/getting_ready_hochzeitsfotograf_hamburg1730-Bearbeitet-768x513.oEmHXvK2_Knbqd.webp (reused cache entry) (+1ms) (550/4121)
09:05:08   ▶ /_astro/getting_ready_hochzeitsfotograf_hamburg3098-scaled-761x508.BuO6fSIE_Z2djkdF.webp (reused cache entry) (+1ms) (551/4121)
09:05:08   ▶ /_astro/getting_ready_hochzeitsfotograf_hamburg1851-scaled-640x427.DqajuSSx_XyBeD.webp (reused cache entry) (+1ms) (552/4121)
09:05:08   ▶ /_astro/getting_ready_hochzeitsfotograf_hamburg3032-683x1024.9PuUXLeU_15VxDb.webp (reused cache entry) (+1ms) (553/4121)
09:05:08   ▶ /_astro/getting_ready_hochzeitsfotograf_hamburg2098-768x513.BShUqTwz_3cKuT.webp (reused cache entry) (+1ms) (554/4121)
09:05:08   ▶ /_astro/getting_ready_hochzeitsfotograf_hamburg2169-683x1024.B7rX0hPo_ZMDWfH.webp (reused cache entry) (+1ms) (555/4121)
09:05:08   ▶ /_astro/getting_ready_hochzeitsfotograf_hamburg1837-scaled-640x428.HeKj73zJ_Z2obRAX.webp (reused cache entry) (+1ms) (556/4121)
09:05:08   ▶ /_astro/getting_ready_hochzeitsfotograf_hamburg1829-scaled-640x427.B2GjxJ56_Z8F3AR.webp (reused cache entry) (+1ms) (557/4121)
09:05:08   ▶ /_astro/getting_ready_hochzeitsfotograf_hamburg2100-scaled-761x508.DqjCApMX_Z2d4teO.webp (reused cache entry) (+1ms) (558/4121)
09:05:08   ▶ /_astro/getting_ready_hochzeitsfotograf_hamburg2372-scaled-663x993.BBQXmPKr_1qU8yc.webp (reused cache entry) (+1ms) (559/4121)
09:05:08   ▶ /_astro/getting_ready_hochzeitsfotograf_hamburg3292-683x1024.B_9iQGx9_qS3vR.webp (reused cache entry) (+1ms) (560/4121)
09:05:08   ▶ /_astro/getting_ready_hochzeitsfotograf_hamburg2835-683x1024.BeuflKUO_ZSdj8S.webp (reused cache entry) (+1ms) (561/4121)
09:05:08   ▶ /_astro/getting_ready_hochzeitsfotograf_hamburg1730-Bearbeitet-768x513.oEmHXvK2_Z2t7EyI.webp (reused cache entry) (+1ms) (562/4121)
09:05:08   ▶ /_astro/getting_ready_hochzeitsfotograf_hamburg3098-scaled-761x508.BuO6fSIE_l5rO9.webp (reused cache entry) (+1ms) (563/4121)
09:05:08   ▶ /_astro/getting_ready_hochzeitsfotograf_hamburg2831-683x1024.Ol2cOWLD_Z1XsTfT.webp (reused cache entry) (+1ms) (564/4121)
09:05:08   ▶ /_astro/getting_ready_hochzeitsfotograf_hamburg2772-768x513.CjWsSaXy_ZVtXAz.webp (reused cache entry) (+1ms) (565/4121)
09:05:08   ▶ /_astro/getting_ready_hochzeitsfotograf_hamburg2696-683x1024.danjGRRW_1ytzoU.webp (reused cache entry) (+1ms) (566/4121)
09:05:08   ▶ /_astro/getting_ready_hochzeitsfotograf_hamburg3032-683x1024.9PuUXLeU_j52sC.webp (reused cache entry) (+1ms) (567/4121)
09:05:08   ▶ /_astro/getting_ready_hochzeitsfotograf_hamburg2624-683x1024.BYZuL0-9_1In4BI.webp (reused cache entry) (+1ms) (568/4121)
09:05:08   ▶ /_astro/getting_ready_hochzeitsfotograf_hamburg2643-683x1024.Bk49VGGn_1vbKe5.webp (reused cache entry) (+1ms) (569/4121)
09:05:08   ▶ /_astro/getting_ready_hochzeitsfotograf_hamburg2440-scaled-651x975.TqD_ohTL_1tbBT.webp (reused cache entry) (+1ms) (570/4121)
09:05:08   ▶ /_astro/getting_ready_hochzeitsfotograf_hamburg2372-scaled-663x993.BBQXmPKr_12V2qL.webp (reused cache entry) (+1ms) (571/4121)
09:05:08   ▶ /_astro/getting_ready_hochzeitsfotograf_hamburg2465-683x1024.NfXCho-y_Z1UJcCy.webp (reused cache entry) (+1ms) (572/4121)
09:05:08   ▶ /_astro/getting_ready_hochzeitsfotograf_hamburg3292-683x1024.B_9iQGx9_Z1LuUcd.webp (reused cache entry) (+1ms) (573/4121)
09:05:08   ▶ /_astro/getting_ready_hochzeitsfotograf_hamburg2835-683x1024.BeuflKUO_Z1F4Ojr.webp (reused cache entry) (+1ms) (574/4121)
09:05:08   ▶ /_astro/getting_ready_hochzeitsfotograf_hamburg3098-scaled-761x508.BuO6fSIE_SeseW.webp (reused cache entry) (+1ms) (575/4121)
09:05:08   ▶ /_astro/getting_ready_hochzeitsfotograf_hamburg2772-768x513.CjWsSaXy_Z1htRk6.webp (reused cache entry) (+1ms) (576/4121)
09:05:08   ▶ /_astro/getting_ready_hochzeitsfotograf_hamburg2831-683x1024.Ol2cOWLD_2jQInt.webp (reused cache entry) (+1ms) (577/4121)
09:05:08   ▶ /_astro/getting_ready_hochzeitsfotograf_hamburg2696-683x1024.danjGRRW_LC4em.webp (reused cache entry) (+1ms) (578/4121)
09:05:08   ▶ /_astro/getting_ready_hochzeitsfotograf_hamburg3032-683x1024.9PuUXLeU_Z1TiVfs.webp (reused cache entry) (+1ms) (579/4121)
09:05:08   ▶ /_astro/getting_ready_hochzeitsfotograf_hamburg2624-683x1024.BYZuL0-9_Vvyra.webp (reused cache entry) (+1ms) (580/4121)
09:05:08   ▶ /_astro/getting_ready_hochzeitsfotograf_hamburg2643-683x1024.Bk49VGGn_Ikf3w.webp (reused cache entry) (+1ms) (581/4121)
09:05:08   ▶ /_astro/getting_ready_hochzeitsfotograf_hamburg2440-scaled-651x975.TqD_ohTL_ZlHOBU.webp (reused cache entry) (+1ms) (582/4121)
09:05:08   ▶ /_astro/getting_ready_hochzeitsfotograf_hamburg2397-683x1024.CocJjb0V_2baxWz.webp (reused cache entry) (+1ms) (583/4121)
09:05:08   ▶ /_astro/getting_ready_hochzeitsfotograf_hamburg2073-768x513.BT_r0LPB_ZBddMM.webp (reused cache entry) (+1ms) (584/4121)
09:05:08   ▶ /_astro/getting_ready_hochzeitsfotograf_hamburg2465-683x1024.NfXCho-y_2mAq0O.webp (reused cache entry) (+1ms) (585/4121)
09:05:08   ▶ /_astro/getting_ready_hochzeitsfotograf_hamburg1931-2-768x513.2uPQzBl__ikMM4.webp (reused cache entry) (+1ms) (586/4121)
09:05:08   ▶ /_astro/getting_ready_hochzeitsfotograf_hamburg2835-683x1024.BeuflKUO_1bIkLp.webp (reused cache entry) (+1ms) (587/4121)
09:05:08   ▶ /_astro/getting_ready_hochzeitsfotograf_hamburg2772-768x513.CjWsSaXy_Z16LxPP.webp (reused cache entry) (+1ms) (588/4121)
09:05:08   ▶ /_astro/getting_ready_hochzeitsfotograf_hamburg1929-768x513.BoQBvs0U_ZwLJvw.webp (reused cache entry) (+1ms) (589/4121)
09:05:08   ▶ /_astro/getting_ready_hochzeitsfotograf_hamburg2831-683x1024.Ol2cOWLD_6sJEo.webp (reused cache entry) (+1ms) (590/4121)
09:05:08   ▶ /_astro/getting_ready_hochzeitsfotograf_hamburg2696-683x1024.danjGRRW_Z1qKTtI.webp (reused cache entry) (+1ms) (591/4121)
09:05:08   ▶ /_astro/getting_ready_hochzeitsfotograf_hamburg2624-683x1024.BYZuL0-9_Z1gRpgU.webp (reused cache entry) (+1ms) (592/4121)
09:05:08   ▶ /_astro/getting_ready_hochzeitsfotograf_hamburg2073-768x513.BT_r0LPB_ZWd7wj.webp (reused cache entry) (+1ms) (593/4121)
09:05:08   ▶ /_astro/getting_ready_hochzeitsfotograf_hamburg2643-683x1024.Bk49VGGn_Z1u3IEy.webp (reused cache entry) (+1ms) (594/4121)
09:05:08   ▶ /_astro/getting_ready_hochzeitsfotograf_hamburg2440-scaled-651x975.TqD_ohTL_Z4QBe7.webp (reused cache entry) (+1ms) (595/4121)
09:05:08   ▶ /_astro/getting_ready_hochzeitsfotograf_hamburg2397-683x1024.CocJjb0V_1oj2M1.webp (reused cache entry) (+1ms) (596/4121)
09:05:08   ▶ /_astro/getting_ready_hochzeitsfotograf_hamburg1931-2-768x513.2uPQzBl__2sr4zw.webp (reused cache entry) (+1ms) (597/4121)
09:05:08   ▶ /_astro/getting_ready_hochzeitsfotograf_hamburg1888-768x513.B4f5H5aq_ZOcGto.webp (reused cache entry) (+1ms) (598/4121)
09:05:08   ▶ /_astro/getting_ready_hochzeitsfotograf_hamburg1895-2-scaled-640x960.DYNlC8qO_Z2pQQt8.webp (reused cache entry) (+1ms) (599/4121)
09:05:08   ▶ /_astro/getting_ready_hochzeitsfotograf_hamburg2465-683x1024.NfXCho-y_9crhJ.webp (reused cache entry) (+2ms) (600/4121)
09:05:08   ▶ /_astro/getting_ready_hochzeitsfotograf_hamburg1929-768x513.BoQBvs0U_ZRLDf3.webp (reused cache entry) (+1ms) (601/4121)
09:05:08   ▶ /_astro/getting_ready_hochzeitsfotograf_hamburg1821-scaled-479x670.DCMAi7dz_Z2hOC.webp (reused cache entry) (+1ms) (602/4121)
09:05:08   ▶ /_astro/getting_ready_hochzeitsfotograf_hamburg1820-scaled-640x896.CLNp08Em_1FmVl.webp (reused cache entry) (+1ms) (603/4121)
09:05:08   ▶ /_astro/getting_ready_hochzeitsfotograf_hamburg1816-768x432.CxIjGy0J_1igO5f.webp (reused cache entry) (+1ms) (604/4121)
09:05:08   ▶ /_astro/getting_ready_hochzeitsfotograf_hamburg2073-768x513.BT_r0LPB_ZLuN33.webp (reused cache entry) (+1ms) (605/4121)
09:05:08   ▶ /_astro/getting_ready_hochzeitsfotograf_hamburg1567-2-scaled.CSP8Wui3_Z1QuH1y.webp (reused cache entry) (+1ms) (606/4121)
09:05:08   ▶ /_astro/getting_ready_hochzeitsfotograf_hamburg1683-683x1024.I7AFQ8cH_2awMPX.webp (reused cache entry) (+1ms) (607/4121)
09:05:08   ▶ /_astro/getting_ready_hochzeitsfotograf_hamburg1931-2-768x513.2uPQzBl__dSqMU.webp (reused cache entry) (+1ms) (608/4121)
09:05:08   ▶ /_astro/getting_ready_hochzeitsfotograf_hamburg2397-683x1024.CocJjb0V_ZO4UV4.webp (reused cache entry) (+1ms) (609/4121)
09:05:08   ▶ /_astro/getting_ready_hochzeitsfotograf_hamburg1888-768x513.B4f5H5aq_Z1acAcU.webp (reused cache entry) (+1ms) (610/4121)
09:05:08   ▶ /_astro/getting_ready_hochzeitsfotograf_hamburg1895-2-scaled-640x960.DYNlC8qO_GD41i.webp (reused cache entry) (+1ms) (611/4121)
09:05:08   ▶ /_astro/getting_ready_hochzeitsfotograf_hamburg1821-scaled-479x670.DCMAi7dz_Z2mIt29.webp (reused cache entry) (+1ms) (612/4121)
09:05:08   ▶ /_astro/getting_ready_hochzeitsfotograf_hamburg1929-768x513.BoQBvs0U_ZH4jKM.webp (reused cache entry) (+1ms) (613/4121)
09:05:08   ▶ /_astro/getting_ready_hochzeitsfotograf_hamburg1243-2-683x1024.D4HVlARl_Z1Rp6tL.webp (reused cache entry) (+1ms) (614/4121)
09:05:08   ▶ /_astro/getting_ready_hochzeitsfotograf_hamburg1816-768x432.CxIjGy0J_Z1xCKRg.webp (reused cache entry) (+1ms) (615/4121)
09:05:08   ▶ /_astro/getting_ready_hochzeitsfotograf_hamburg1820-scaled-640x896.CLNp08Em_Z7EiGD.webp (reused cache entry) (+1ms) (616/4121)
09:05:08   ▶ /_astro/getting_ready_hochzeitsfotograf_hamburg1567-2-scaled.CSP8Wui3_iAyKT.webp (reused cache entry) (+1ms) (617/4121)
09:05:08   ▶ /_astro/getting_ready_hochzeitsfotograf_hamburg1349-scaled-527x789.BY7g4Bic_Z1A4I25.webp (reused cache entry) (+1ms) (618/4121)
09:05:08   ▶ /_astro/getting_ready_hochzeitsfotograf_hamburg1683-683x1024.I7AFQ8cH_1nFhFp.webp (reused cache entry) (+1ms) (619/4121)
09:05:08   ▶ /_astro/getting_ready_hochzeitsfotograf_hamburg1888-768x513.B4f5H5aq_ZYugIE.webp (reused cache entry) (+1ms) (620/4121)
09:05:08   ▶ /_astro/ART_6922-Bearbeitet-scaled.DJJAVV5s_Zw3jvw.webp (reused cache entry) (+1ms) (621/4121)
09:05:08   ▶ /_astro/rathaus_hamburg_alsterfleet.Dxny6KSg_Z23wX7R.webp (reused cache entry) (+1ms) (622/4121)
09:05:08   ▶ /_astro/getting_ready_hochzeitsfotograf_hamburg1895-2-scaled-640x960.DYNlC8qO_Z1Wvn0k.webp (reused cache entry) (+1ms) (623/4121)
09:05:08   ▶ /_astro/ART_7479-Verbessert-RR.DPKiCR4c_Z1qcLg0.webp (reused cache entry) (+1ms) (624/4121)
09:05:08   ▶ /_astro/ART_6865-Bearbeitet-scaled.BjjCkoHq_Z1c8UQR.webp (reused cache entry) (+1ms) (625/4121)
09:05:08   ▶ /_astro/getting_ready_hochzeitsfotograf_hamburg1816-768x432.CxIjGy0J_GdTVg.webp (reused cache entry) (+1ms) (626/4121)
09:05:08   ▶ /_astro/getting_ready_hochzeitsfotograf_hamburg1243-2-683x1024.D4HVlARl_ZOEHCg.webp (reused cache entry) (+2ms) (627/4121)
09:05:08   ▶ /_astro/getting_ready_hochzeitsfotograf_hamburg1820-scaled-640x896.CLNp08Em_O6io5.webp (reused cache entry) (+1ms) (628/4121)
09:05:08   ▶ /_astro/getting_ready_hochzeitsfotograf_hamburg1567-2-scaled.CSP8Wui3_Z2g0vOf.webp (reused cache entry) (+1ms) (629/4121)
09:05:08   ▶ /_astro/getting_ready_hochzeitsfotograf_hamburg1349-scaled-527x789.BY7g4Bic_ZdT451.webp (reused cache entry) (+1ms) (630/4121)
09:05:08   ▶ /_astro/getting_ready_hochzeitsfotograf_hamburg1683-683x1024.I7AFQ8cH_ZOHG2F.webp (reused cache entry) (+1ms) (631/4121)
09:05:08   ▶ /_astro/ART_6607-Bearbeitet-scaled.Bckyk9P5_ZIu0PT.webp (reused cache entry) (+1ms) (632/4121)
09:05:08   ▶ /_astro/ART_6922-Bearbeitet-scaled.DJJAVV5s_8ePpm.webp (reused cache entry) (+2ms) (633/4121)
09:05:08   ▶ /_astro/ART_7879-Bearbeitet.C3Mg6_RT_ZvjaDJ.webp (reused cache entry) (+1ms) (634/4121)
09:05:08   ▶ /_astro/ART_6569-Bearbeitet-scaled.C6AWDd26_2nlkQK.webp (reused cache entry) (+1ms) (635/4121)
09:05:08   ▶ /_astro/ART_7479-Verbessert-RR.DPKiCR4c_NmL77.webp (reused cache entry) (+2ms) (636/4121)
09:05:08   ▶ /_astro/rathaus_hamburg_alsterfleet.Dxny6KSg_r5UCs.webp (reused cache entry) (+2ms) (637/4121)
09:05:08   ▶ /_astro/ART_6865-Bearbeitet-scaled.BjjCkoHq_ZwPKUY.webp (reused cache entry) (+2ms) (638/4121)
09:05:08   ▶ /_astro/getting_ready_hochzeitsfotograf_hamburg1243-2-683x1024.D4HVlARl_1SQ6XX.webp (reused cache entry) (+2ms) (639/4121)
09:05:08   ▶ /_astro/ART_4935-Bearbeitet-1.DOyMtL7b_MGrQ1.webp (reused cache entry) (+2ms) (640/4121)
09:05:08   ▶ /_astro/ART_4938-1.BVz3ChnN_ZTthh1.webp (reused cache entry) (+1ms) (641/4121)
09:05:08   ▶ /_astro/getting_ready_hochzeitsfotograf_hamburg1567-2-scaled.CSP8Wui3_OJ7AG.webp (reused cache entry) (+2ms) (642/4121)
09:05:08   ▶ /_astro/ART_4999-Bearbeitet.DwhcNOWD_1AjUnP.webp (reused cache entry) (+2ms) (643/4121)
09:05:08   ▶ /_astro/ART_6607-Bearbeitet-scaled.Bckyk9P5_Z4bPU1.webp (reused cache entry) (+2ms) (644/4121)
09:05:08   ▶ /_astro/ART_7879-Bearbeitet.C3Mg6_RT_1vcnb6.webp (reused cache entry) (+1ms) (645/4121)
09:05:08   ▶ /_astro/ART_6922-Bearbeitet-scaled.DJJAVV5s_tTIAi.webp (reused cache entry) (+2ms) (646/4121)
09:05:08   ▶ /_astro/ART_6569-Bearbeitet-scaled.C6AWDd26_Z22xD1i.webp (reused cache entry) (+2ms) (647/4121)
09:05:08   ▶ /_astro/ART_5043.ktO0wtpz_ZUrAvC.webp (reused cache entry) (+1ms) (648/4121)
09:05:08   ▶ /_astro/ART_6865-Bearbeitet-scaled.BjjCkoHq_ZbaRK3.webp (reused cache entry) (+2ms) (649/4121)
09:05:08   ▶ /_astro/ART_7479-Verbessert-RR.DPKiCR4c_ZfvFCM.webp (reused cache entry) (+2ms) (650/4121)
09:05:08   ▶ /_astro/rathaus_hamburg_alsterfleet.Dxny6KSg_27hR8B.webp (reused cache entry) (+2ms) (651/4121)
09:05:08   ▶ /_astro/ART_4935-Bearbeitet-1.DOyMtL7b_nM1a.webp (reused cache entry) (+2ms) (652/4121)
09:05:08   ▶ /_astro/ART_4938-1.BVz3ChnN_27Xwux.webp (reused cache entry) (+2ms) (653/4121)
09:05:08   ▶ /_astro/getting_ready_hochzeitsfotograf_hamburg1567-2-scaled.CSP8Wui3_1Ow9rg.webp (reused cache entry) (+2ms) (654/4121)
09:05:08   ▶ /_astro/ART_4999-Bearbeitet.DwhcNOWD_Z1mjj3m.webp (reused cache entry) (+2ms) (655/4121)
09:05:08   ▶ /_astro/ART_6607-Bearbeitet-scaled.Bckyk9P5_ht2fU.webp (reused cache entry) (+2ms) (656/4121)
09:05:08   ▶ /_astro/ART_7879-Bearbeitet.C3Mg6_RT_1gCaxN.webp (reused cache entry) (+2ms) (657/4121)
09:05:08   ▶ /_astro/ART_6922-Bearbeitet-scaled.DJJAVV5s_ZkMAmG.webp (reused cache entry) (+2ms) (658/4121)
09:05:08   ▶ /_astro/ART_6569-Bearbeitet-scaled.C6AWDd26_Z1FRJPm.webp (reused cache entry) (+2ms) (659/4121)
09:05:08   ▶ /_astro/ART_5043.ktO0wtpz_Z1wcUeT.webp (reused cache entry) (+2ms) (660/4121)
09:05:08   ▶ /_astro/ART_6865-Bearbeitet-scaled.BjjCkoHq_Z10ScI2.webp (reused cache entry) (+2ms) (661/4121)
09:05:08   ▶ /_astro/ART_7479-Verbessert-RR.DPKiCR4c_Z1PW0bW.webp (reused cache entry) (+2ms) (662/4121)
09:05:08   ▶ /_astro/ART_4935-Bearbeitet-1.DOyMtL7b_Z1w3Uls.webp (reused cache entry) (+2ms) (663/4121)
09:05:08   ▶ /_astro/rathaus_hamburg_alsterfleet.Dxny6KSg_ZceuSg.webp (reused cache entry) (+2ms) (664/4121)
09:05:08   ▶ /_astro/getting_ready_hochzeitsfotograf_hamburg1567-2-scaled.CSP8Wui3_Z1WdiwY.webp (reused cache entry) (+2ms) (665/4121)
09:05:08   ▶ /_astro/ART_4938-1.BVz3ChnN_Z1O97C7.webp (reused cache entry) (+2ms) (666/4121)
09:05:08   ▶ /_astro/ART_4999-Bearbeitet.DwhcNOWD_1OgaG0.webp (reused cache entry) (+2ms) (667/4121)
09:05:08   ▶ /_astro/ART_5462-Bearbeitet-Bearbeitet.feNZ7Zd7_Z27GFa7.webp (reused cache entry) (+2ms) (668/4121)
09:05:08   ▶ /_astro/ART_6607-Bearbeitet-scaled.Bckyk9P5_ZxehH4.webp (reused cache entry) (+2ms) (669/4121)
09:05:08   ▶ /_astro/ART_7879-Bearbeitet.C3Mg6_RT_28vm5V.webp (reused cache entry) (+2ms) (670/4121)
09:05:08   ▶ /_astro/ART_6569-Bearbeitet-scaled.C6AWDd26_Z2vA4Nl.webp (reused cache entry) (+2ms) (671/4121)
09:05:08   ▶ /_astro/ART_5043.ktO0wtpz_ZtbA2H.webp (reused cache entry) (+2ms) (672/4121)
09:05:08   ▶ /_astro/ART_5071.CDIwhfz0_Z1z1DWv.webp (reused cache entry) (+2ms) (673/4121)
09:05:08   ▶ /_astro/ART_5114-Bearbeitet.B42T0JXV_21m6zj.webp (reused cache entry) (+2ms) (674/4121)
09:05:08   ▶ /_astro/ART_5120-Bearbeitet.Bd3Zu8Io_Z2jUlnO.webp (reused cache entry) (+1ms) (675/4121)
09:05:08   ▶ /_astro/getting_ready_hochzeitsfotograf_hamburg1567-2-scaled.CSP8Wui3_1x9Azx.webp (reused cache entry) (+2ms) (676/4121)
09:05:08   ▶ /_astro/ART_4935-Bearbeitet-1.DOyMtL7b_4Yeez.webp (reused cache entry) (+2ms) (677/4121)
09:05:08   ▶ /_astro/ART_4999-Bearbeitet.DwhcNOWD_Z9kKmY.webp (reused cache entry) (+2ms) (678/4121)
09:05:08   ▶ /_astro/ART_4938-1.BVz3ChnN_1jNs54.webp (reused cache entry) (+2ms) (679/4121)
09:05:08   ▶ /_astro/ART_5174-Bearbeitet.Da-a_HLl_HqKwS.webp (reused cache entry) (+2ms) (680/4121)
09:05:08   ▶ /_astro/ART_5462-Bearbeitet-Bearbeitet.feNZ7Zd7_6MiTK.webp (reused cache entry) (+2ms) (681/4121)
09:05:08   ▶ /_astro/ART_5262-Bearbeitet.Ciu6Fw5n_ZpXHka.webp (reused cache entry) (+1ms) (682/4121)
09:05:08   ▶ /_astro/ART_5646-Bearbeitet.CUWLjB92_Z1LE6Kn.webp (reused cache entry) (+1ms) (683/4121)
09:05:08   ▶ /_astro/ART_5071.CDIwhfz0_Z2aLXFM.webp (reused cache entry) (+2ms) (684/4121)
09:05:08   ▶ /_astro/ART_5114-Bearbeitet.B42T0JXV_Z12jtoM.webp (reused cache entry) (+1ms) (685/4121)
09:05:08   ▶ /_astro/ART_5043.ktO0wtpz_1Td7cP.webp (reused cache entry) (+2ms) (686/4121)
09:05:08   ▶ /_astro/ART_5120-Bearbeitet.Bd3Zu8Io_Zcmr15.webp (reused cache entry) (+2ms) (687/4121)
09:05:08   ▶ /_astro/getting_ready_hochzeitsfotograf_hamburg1567-2-scaled.CSP8Wui3_ZPcN8n.webp (reused cache entry) (+2ms) (688/4121)
09:05:08   ▶ /_astro/ART_4999-Bearbeitet.DwhcNOWD_2roHgS.webp (reused cache entry) (+2ms) (689/4121)
09:05:08   ▶ /_astro/ART_4935-Bearbeitet-1.DOyMtL7b_28ey2e.webp (reused cache entry) (+2ms) (690/4121)
09:05:08   ▶ /_astro/ART_4938-1.BVz3ChnN_1cOhJM.webp (reused cache entry) (+2ms) (691/4121)
09:05:08   ▶ /_astro/ART_5174-Bearbeitet.Da-a_HLl_Z2leOrd.webp (reused cache entry) (+2ms) (692/4121)
09:05:08   ▶ /_astro/ART_5262-Bearbeitet.Ciu6Fw5n_1Gzc2z.webp (reused cache entry) (+2ms) (693/4121)
09:05:08   ▶ /_astro/ART_5462-Bearbeitet-Bearbeitet.feNZ7Zd7_Z1dY0ye.webp (reused cache entry) (+2ms) (694/4121)
09:05:08   ▶ /_astro/ART_5646-Bearbeitet.CUWLjB92_eQr4s.webp (reused cache entry) (+2ms) (695/4121)
09:05:08   ▶ /_astro/ART_5071.CDIwhfz0_Z17KDtA.webp (reused cache entry) (+2ms) (696/4121)
09:05:08   ▶ /_astro/ART_5120-Bearbeitet.Bd3Zu8Io_Z25Y65E.webp (reused cache entry) (+2ms) (697/4121)
09:05:08   ▶ /_astro/ART_5114-Bearbeitet.B42T0JXV_1X85nj.webp (reused cache entry) (+2ms) (698/4121)
09:05:08   ▶ /_astro/ART_5651-Bearbeitet.C8yh3bdy_Z1gr92i.webp (reused cache entry) (+1ms) (699/4121)
09:05:08   ▶ /_astro/ART_5888-Bearbeitet.t5e1aZNV_2mbd3j.webp (reused cache entry) (+1ms) (700/4121)
09:05:08   ▶ /_astro/ART_5043.ktO0wtpz_Z1HrBXP.webp (reused cache entry) (+2ms) (701/4121)
09:05:08   ▶ /_astro/ART_5654-Bearbeitet.BTcI4GvP_1cmRVC.webp (reused cache entry) (+1ms) (702/4121)
09:05:08   ▶ /_astro/ART_5962-Bearbeitet-Bearbeitet.BvRCE90Z_PDKum.webp (reused cache entry) (+1ms) (703/4121)
09:05:08   ▶ /_astro/ART_5174-Bearbeitet.Da-a_HLl_EcJkS.webp (reused cache entry) (+2ms) (704/4121)
09:05:08   ▶ /_astro/ART_5262-Bearbeitet.Ciu6Fw5n_Zc2s20.webp (reused cache entry) (+1ms) (705/4121)
09:05:08   ▶ /_astro/ART_5462-Bearbeitet-Bearbeitet.feNZ7Zd7_2iBuR0.webp (reused cache entry) (+2ms) (706/4121)
09:05:08   ▶ /_astro/ART_5646-Bearbeitet.CUWLjB92_Z1OS7Wn.webp (reused cache entry) (+2ms) (707/4121)
09:05:08   ▶ /_astro/ART_5071.CDIwhfz0_28bVO8.webp (reused cache entry) (+2ms) (708/4121)
09:05:08   ▶ /_astro/ART_5120-Bearbeitet.Bd3Zu8Io_iFb37.webp (reused cache entry) (+2ms) (709/4121)
09:05:08   ▶ /_astro/ART_5114-Bearbeitet.B42T0JXV_KYOOk.webp (reused cache entry) (+2ms) (710/4121)
09:05:08   ▶ /_astro/ART_5651-Bearbeitet.C8yh3bdy_K4oMx.webp (reused cache entry) (+1ms) (711/4121)
09:05:08   ▶ /_astro/ART_5888-Bearbeitet.t5e1aZNV_ZAs1nS.webp (reused cache entry) (+2ms) (712/4121)
09:05:08   ▶ /_astro/ART_5994-Bearbeitet-Bearbeitet.BKBiwL0l_1k51Va.webp (reused cache entry) (+2ms) (713/4121)
09:05:08   ▶ /_astro/ART_5962-Bearbeitet-Bearbeitet.BvRCE90Z_Z203oeH.webp (reused cache entry) (+2ms) (714/4121)
09:05:08   ▶ /_astro/ART_5654-Bearbeitet.BTcI4GvP_Z1QiH2t.webp (reused cache entry) (+2ms) (715/4121)
09:05:08   ▶ /_astro/ART_5174-Bearbeitet.Da-a_HLl_ZwUvd6.webp (reused cache entry) (+2ms) (716/4121)
09:05:08   ▶ /_astro/ART_5262-Bearbeitet.Ciu6Fw5n_Z1MpGTL.webp (reused cache entry) (+2ms) (717/4121)
09:05:08   ▶ /_astro/ART_5462-Bearbeitet-Bearbeitet.feNZ7Zd7_Z1afCl.webp (reused cache entry) (+2ms) (718/4121)
09:05:08   ▶ /_astro/ART_5646-Bearbeitet.CUWLjB92_23aKiz.webp (reused cache entry) (+2ms) (719/4121)
09:05:08   ▶ /_astro/ART_5120-Bearbeitet.Bd3Zu8Io_Z2aLu6W.webp (reused cache entry) (+2ms) (720/4121)
09:05:08   ▶ /_astro/ART_5071.CDIwhfz0_Z1tsMmx.webp (reused cache entry) (+2ms) (721/4121)
09:05:08   ▶ /_astro/ART_6016.3MJ__jDa_WJ0d1.webp (reused cache entry) (+2ms) (722/4121)
09:05:08   ▶ /_astro/ART_5651-Bearbeitet.C8yh3bdy_Z1jFaei.webp (reused cache entry) (+2ms) (723/4121)
09:05:08   ▶ /_astro/ART_5962-Bearbeitet-Bearbeitet.BvRCE90Z_1Jmq6f.webp (reused cache entry) (+2ms) (724/4121)
09:05:08   ▶ /_astro/ART_5888-Bearbeitet.t5e1aZNV_Z2u4Fss.webp (reused cache entry) (+2ms) (725/4121)
09:05:08   ▶ /_astro/ART_5994-Bearbeitet-Bearbeitet.BKBiwL0l_Z1Qv77m.webp (reused cache entry) (+2ms) (726/4121)
09:05:08   ▶ /_astro/ART_6042-Bearbeitet.CYccL3MW_VytHe.webp (reused cache entry) (+1ms) (727/4121)
09:05:08   ▶ /_astro/ART_5382-Bearbeitet.B8UXdAJ7_Z27aFMI.webp (reused cache entry) (+1ms) (728/4121)
09:05:08   ▶ /_astro/ART_6116.C5gu3fx8_Z1GVvdI.webp (reused cache entry) (+1ms) (729/4121)
09:05:08   ▶ /_astro/ART_5262-Bearbeitet.Ciu6Fw5n_NjKJ6.webp (reused cache entry) (+2ms) (730/4121)
09:05:08   ▶ /_astro/ART_5654-Bearbeitet.BTcI4GvP_198QJC.webp (reused cache entry) (+2ms) (731/4121)
09:05:08   ▶ /_astro/ART_5376.CORq7M19_8dd0b.webp (reused cache entry) (+1ms) (732/4121)
09:05:08   ▶ /_astro/ART_4765.C33zo-qY_24SUFQ.webp (reused cache entry) (+1ms) (733/4121)
09:05:08   ▶ /_astro/ART_6016.3MJ__jDa_lXFtJ.webp (reused cache entry) (+2ms) (734/4121)
09:05:08   ▶ /_astro/ART_5962-Bearbeitet-Bearbeitet.BvRCE90Z_Z29gG71.webp (reused cache entry) (+1ms) (735/4121)
09:05:08   ▶ /_astro/ART_5651-Bearbeitet.C8yh3bdy_Z2vNpMh.webp (reused cache entry) (+1ms) (736/4121)
09:05:08   ▶ /_astro/ART_5888-Bearbeitet.t5e1aZNV_Z1KKuSU.webp (reused cache entry) (+1ms) (737/4121)
09:05:08   ▶ /_astro/ART_6042-Bearbeitet.CYccL3MW_Z2776gR.webp (reused cache entry) (+1ms) (738/4121)
09:05:08   ▶ /_astro/ART_5382-Bearbeitet.B8UXdAJ7_ndz1.webp (reused cache entry) (+1ms) (739/4121)
09:05:08   ▶ /_astro/ART_5994-Bearbeitet-Bearbeitet.BKBiwL0l_Z2sCO7H.webp (reused cache entry) (+2ms) (740/4121)
09:05:08   ▶ /_astro/ART_0860.5b4mEtCu_biMbM.webp (reused cache entry) (+1ms) (741/4121)
09:05:08   ▶ /_astro/ART_6116.C5gu3fx8_Z2iGOW0.webp (reused cache entry) (+2ms) (742/4121)
09:05:08   ▶ /_astro/ART_5654-Bearbeitet.BTcI4GvP_Z2YnNm.webp (reused cache entry) (+1ms) (743/4121)
09:05:08   ▶ /_astro/ART_5376.CORq7M19_Zsx6I6.webp (reused cache entry) (+2ms) (744/4121)
09:05:08   ▶ /_astro/ART_0930.0AWj9g00_Z2jJjjl.webp (reused cache entry) (+1ms) (745/4121)
09:05:08   ▶ /_astro/ART_6016.3MJ__jDa_1p00FV.webp (reused cache entry) (+2ms) (746/4121)
09:05:08   ▶ /_astro/ART_4765.C33zo-qY_Z14pSsm.webp (reused cache entry) (+2ms) (747/4121)
09:05:08   ▶ /_astro/ART_5962-Bearbeitet-Bearbeitet.BvRCE90Z_B8Gcz.webp (reused cache entry) (+2ms) (748/4121)
09:05:08   ▶ /_astro/ART_5382-Bearbeitet.B8UXdAJ7_Z1Sequy.webp (reused cache entry) (+2ms) (749/4121)
09:05:08   ▶ /_astro/ART_6042-Bearbeitet.CYccL3MW_Sksve.webp (reused cache entry) (+2ms) (750/4121)
09:05:08   ▶ /_astro/ART_5888-Bearbeitet.t5e1aZNV_OXWJW.webp (reused cache entry) (+2ms) (751/4121)
09:05:08   ▶ /_astro/ART_5994-Bearbeitet-Bearbeitet.BKBiwL0l_ZBQ8vv.webp (reused cache entry) (+2ms) (752/4121)
09:05:08   ▶ /_astro/ART_0860.5b4mEtCu_10omSn.webp (reused cache entry) (+2ms) (753/4121)
09:05:08   ▶ /_astro/ART_1066.tW7_AdtZ_Z1aFr2H.webp (reused cache entry) (+2ms) (754/4121)
09:05:08   ▶ /_astro/ART_6116.C5gu3fx8_Z1fFuJN.webp (reused cache entry) (+2ms) (755/4121)
09:05:08   ▶ /_astro/ART_5376.CORq7M19_ztdt6.webp (reused cache entry) (+2ms) (756/4121)
09:05:08   ▶ /_astro/ART_2375.B6lk8aTS_Z8aqtE.webp (reused cache entry) (+2ms) (757/4121)
09:05:08   ▶ /_astro/ART_0930.0AWj9g00_Z1uDIBK.webp (reused cache entry) (+2ms) (758/4121)
09:05:08   ▶ /_astro/ART_6016.3MJ__jDa_ZzgVUy.webp (reused cache entry) (+2ms) (759/4121)
09:05:08   ▶ /_astro/ART_5382-Bearbeitet.B8UXdAJ7_1GFEze.webp (reused cache entry) (+2ms) (760/4121)
09:05:08   ▶ /_astro/ART_6042-Bearbeitet.CYccL3MW_ZiMM2K.webp (reused cache entry) (+2ms) (761/4121)
09:05:08   ▶ /_astro/ART_2515.BKQliLv6_ZmNI0W.webp (reused cache entry) (+2ms) (762/4121)
09:05:08   ▶ /_astro/ART_2520.BJ9FGUM4_Z2pVGRJ.webp (reused cache entry) (+2ms) (763/4121)
09:05:08   ▶ /_astro/ART_4765.C33zo-qY_ZGijWm.webp (reused cache entry) (+2ms) (764/4121)
09:05:08   ▶ /_astro/ART_1066.tW7_AdtZ_ZlzQl7.webp (reused cache entry) (+2ms) (765/4121)
09:05:08   ▶ /_astro/ART_5376.CORq7M19_ZOqIlN.webp (reused cache entry) (+2ms) (766/4121)
09:05:08   ▶ /_astro/ART_0860.5b4mEtCu_Z12rfRb.webp (reused cache entry) (+2ms) (767/4121)
09:05:08   ▶ /_astro/ART_6116.C5gu3fx8_Z1SbBpt.webp (reused cache entry) (+2ms) (768/4121)
09:05:08   ▶ /_astro/ART_2375.B6lk8aTS_FU9cV.webp (reused cache entry) (+2ms) (769/4121)
09:05:08   ▶ /_astro/ART_2942.UrJyIDod_Z2gYCFF.webp (reused cache entry) (+1ms) (770/4121)
09:05:08   ▶ /_astro/ART_5382-Bearbeitet.B8UXdAJ7_ZLL0zP.webp (reused cache entry) (+2ms) (771/4121)
09:05:08   ▶ /_astro/ART_0930.0AWj9g00_1wGLqC.webp (reused cache entry) (+2ms) (772/4121)
09:05:08   ▶ /_astro/ART_6016.3MJ__jDa_SfrGH.webp (reused cache entry) (+2ms) (773/4121)
09:05:08   ▶ /_astro/ART_2520.BJ9FGUM4_Z1AQ7b9.webp (reused cache entry) (+2ms) (774/4121)
09:05:08   ▶ /_astro/ART_2515.BKQliLv6_rgQFD.webp (reused cache entry) (+2ms) (775/4121)
09:05:08   ▶ /_astro/ART_1066.tW7_AdtZ_Z2oqu6F.webp (reused cache entry) (+2ms) (776/4121)
09:05:08   ▶ /_astro/ART_5376.CORq7M19_D5Fgs.webp (reused cache entry) (+2ms) (777/4121)
09:05:08   ▶ /_astro/ART_4765.C33zo-qY_ZlFgSC.webp (reused cache entry) (+2ms) (778/4121)
09:05:08   ▶ /_astro/ART_0860.5b4mEtCu_10ADIm.webp (reused cache entry) (+2ms) (779/4121)
09:05:08   ▶ /_astro/ART_2375.B6lk8aTS_Z1lUtxC.webp (reused cache entry) (+2ms) (780/4121)
09:05:08   ▶ /_astro/ART_2942.UrJyIDod_Z1rT2Y5.webp (reused cache entry) (+2ms) (781/4121)
09:05:08   ▶ /_astro/ART_3171.v1lxJzzw_Z24MkuJ.webp (reused cache entry) (+2ms) (782/4121)
09:05:08   ▶ /_astro/ART_6116.C5gu3fx8_ZpEcMd.webp (reused cache entry) (+2ms) (783/4121)
09:05:08   ▶ /_astro/ART_3233.BxmJTiWf_ZL70OJ.webp (reused cache entry) (+2ms) (784/4121)
09:05:08   ▶ /_astro/ART_0930.0AWj9g00_ZtYtNG.webp (reused cache entry) (+2ms) (785/4121)
09:05:08   ▶ /_astro/ART_2520.BJ9FGUM4_1qunRe.webp (reused cache entry) (+2ms) (786/4121)
09:05:08   ▶ /_astro/ART_2515.BKQliLv6_Z1AyL4U.webp (reused cache entry) (+2ms) (787/4121)
09:05:08   ▶ /_astro/ART_1066.tW7_AdtZ_Ztpq5p.webp (reused cache entry) (+2ms) (788/4121)
09:05:08   ▶ /_astro/ART_3291.D7sKRoL6_2chiRI.webp (reused cache entry) (+2ms) (789/4121)
09:05:08   ▶ /_astro/ART_2375.B6lk8aTS_1h8Yiv.webp (reused cache entry) (+2ms) (790/4121)
09:05:08   ▶ /_astro/ART_0860.5b4mEtCu_15pQDa.webp (reused cache entry) (+2ms) (791/4121)
09:05:08   ▶ /_astro/ART_2942.UrJyIDod_1zrs4i.webp (reused cache entry) (+2ms) (792/4121)
09:05:08   ▶ /_astro/ART_4765.C33zo-qY_1qhdUP.webp (reused cache entry) (+3ms) (793/4121)
09:05:08   ▶ /_astro/ART_3429.D35eU0nX_Z200zdD.webp (reused cache entry) (+2ms) (794/4121)
09:05:08   ▶ /_astro/ART_3233.BxmJTiWf_2XyQQ.webp (reused cache entry) (+2ms) (795/4121)
09:05:08   ▶ /_astro/ART_3171.v1lxJzzw_Z1fGJN9.webp (reused cache entry) (+2ms) (796/4121)
09:05:08   ▶ /_astro/ART_2520.BJ9FGUM4_1qTFw3.webp (reused cache entry) (+2ms) (797/4121)
09:05:08   ▶ /_astro/ART_2515.BKQliLv6_Z14BLhH.webp (reused cache entry) (+2ms) (798/4121)
09:05:08   ▶ /_astro/ART_0930.0AWj9g00_ZpagSS.webp (reused cache entry) (+2ms) (799/4121)
09:05:08   ▶ /_astro/ART_3449.CbhCCNU-_Z27uLE7.webp (reused cache entry) (+2ms) (800/4121)
09:05:08   ▶ /_astro/ART_1066.tW7_AdtZ_ZoAdaB.webp (reused cache entry) (+2ms) (801/4121)
09:05:08   ▶ /_astro/ART_4765.C33zo-qY_Z2cElGa.webp (reused cache entry) (+2ms) (802/4121)
09:05:08   ▶ /_astro/ART_3291.D7sKRoL6_Z23OfeC.webp (reused cache entry) (+3ms) (803/4121)
09:05:08   ▶ /_astro/ART_2375.B6lk8aTS_1lXcdj.webp (reused cache entry) (+2ms) (804/4121)
09:05:08   ▶ /_astro/ART_2942.UrJyIDod_TdEP9.webp (reused cache entry) (+2ms) (805/4121)
09:05:08   ▶ /_astro/ART_3429.D35eU0nX_Z1aTYw3.webp (reused cache entry) (+2ms) (806/4121)
09:05:08   ▶ /_astro/ART_3233.BxmJTiWf_Z1YR3SH.webp (reused cache entry) (+2ms) (807/4121)
09:05:08   ▶ /_astro/ART_3717-Bearbeitet.CWj0e2NW_18QkNx.webp (reused cache entry) (+2ms) (808/4121)
09:05:08   ▶ /_astro/ART_3171.v1lxJzzw_1LDKfe.webp (reused cache entry) (+2ms) (809/4121)
09:05:08   ▶ /_astro/ART_2520.BJ9FGUM4_1vISqQ.webp (reused cache entry) (+2ms) (810/4121)
09:05:08   ▶ /_astro/ART_3722.yt44VBS1_Z7U2qt.webp (reused cache entry) (+2ms) (811/4121)
09:05:08   ▶ /_astro/ART_3449.CbhCCNU-_ZRqtDn.webp (reused cache entry) (+2ms) (812/4121)
09:05:08   ▶ /_astro/ART_2515.BKQliLv6_ZYMymT.webp (reused cache entry) (+2ms) (813/4121)
09:05:08   ▶ /_astro/ART_4765.C33zo-qY_Z1gswSb.webp (reused cache entry) (+2ms) (814/4121)
09:05:08   ▶ /_astro/ART_3734-Bearbeitet.CD6K1kBs_Z1koiFp.webp (reused cache entry) (+2ms) (815/4121)
09:05:08   ▶ /_astro/ART_3429.D35eU0nX_1Qqvwk.webp (reused cache entry) (+2ms) (816/4121)
09:05:08   ▶ /_astro/ART_3291.D7sKRoL6_XwfNK.webp (reused cache entry) (+2ms) (817/4121)
09:05:08   ▶ /_astro/ART_3233.BxmJTiWf_1OFAQH.webp (reused cache entry) (+2ms) (818/4121)
09:05:08   ▶ /_astro/ART_2942.UrJyIDod_Y2RJW.webp (reused cache entry) (+2ms) (819/4121)
09:05:08   ▶ /_astro/ART_3717-Bearbeitet.CWj0e2NW_Z19Shf3.webp (reused cache entry) (+2ms) (820/4121)
09:05:08   ▶ /_astro/ART_3803-Bearbeitet._nx5qe0T_dHVe2.webp (reused cache entry) (+2ms) (821/4121)
09:05:08   ▶ /_astro/ART_3722.yt44VBS1_Gaxg7.webp (reused cache entry) (+2ms) (822/4121)
09:05:08   ▶ /_astro/ART_3886.vbBpgGO5_ZEeVAN.webp (reused cache entry) (+2ms) (823/4121)
09:05:08   ▶ /_astro/ART_3449.CbhCCNU-_Z1SgDpy.webp (reused cache entry) (+2ms) (824/4121)
09:05:08   ▶ /_astro/ART_3171.v1lxJzzw_21gKzb.webp (reused cache entry) (+2ms) (825/4121)
09:05:08   ▶ /_astro/ART_3734-Bearbeitet.CD6K1kBs_1r3d4V.webp (reused cache entry) (+2ms) (826/4121)
09:05:08   ▶ /_astro/ART_4765.C33zo-qY_8SDEI.webp (reused cache entry) (+2ms) (827/4121)
09:05:08   ▶ /_astro/ART_3429.D35eU0nX_ZCDQxH.webp (reused cache entry) (+2ms) (828/4121)
09:05:08   ▶ /_astro/ART_3932-Bearbeitet.CdYWBxKa_Z1xVQhP.webp (reused cache entry) (+2ms) (829/4121)
09:05:08   ▶ /_astro/ART_3233.BxmJTiWf_1TuNLv.webp (reused cache entry) (+2ms) (830/4121)
09:05:08   ▶ /_astro/ART_3291.D7sKRoL6_2ts1d7.webp (reused cache entry) (+2ms) (831/4121)
09:05:08   ▶ /_astro/ART_3717-Bearbeitet.CWj0e2NW_Z1qGX80.webp (reused cache entry) (+2ms) (832/4121)
09:05:08   ▶ /_astro/ART_3803-Bearbeitet._nx5qe0T_Z251FOy.webp (reused cache entry) (+2ms) (833/4121)
09:05:08   ▶ /_astro/ART_3722.yt44VBS1_Z1lF5ur.webp (reused cache entry) (+2ms) (834/4121)
09:05:08   ▶ /_astro/ART_3886.vbBpgGO5_9PD5M.webp (reused cache entry) (+2ms) (835/4121)
09:05:08   ▶ /_astro/ART_3734-Bearbeitet.CD6K1kBs_1aewbY.webp (reused cache entry) (+2ms) (836/4121)
09:05:08   ▶ /_astro/ART_3449.CbhCCNU-_ZEVdaB.webp (reused cache entry) (+2ms) (837/4121)
09:05:08   ▶ /_astro/ART_3171.v1lxJzzw_265XtY.webp (reused cache entry) (+2ms) (838/4121)
09:05:08   ▶ /_astro/ART_4805.XQB0jmId_ZAuV8l.webp (reused cache entry) (+1ms) (839/4121)
09:05:08   ▶ /_astro/ART_4765.C33zo-qY_1YTvy5.webp (reused cache entry) (+3ms) (840/4121)
09:05:08   ▶ /_astro/ART_3932-Bearbeitet.CdYWBxKa_1duEsv.webp (reused cache entry) (+2ms) (841/4121)
09:05:08   ▶ /_astro/ART_3429.D35eU0nX_ZxODCT.webp (reused cache entry) (+2ms) (842/4121)
09:05:08   ▶ /_astro/ART_3717-Bearbeitet.CWj0e2NW_1o0QWc.webp (reused cache entry) (+2ms) (843/4121)
09:05:08   ▶ /_astro/ART_3803-Bearbeitet._nx5qe0T_Z2lPmHv.webp (reused cache entry) (+2ms) (844/4121)
09:05:08   ▶ /_astro/ART_3722.yt44VBS1_1oXcU6.webp (reused cache entry) (+2ms) (845/4121)
09:05:08   ▶ /_astro/ART_3291.D7sKRoL6_Z2vTTG1.webp (reused cache entry) (+3ms) (846/4121)
09:05:08   ▶ /_astro/ART_3734-Bearbeitet.CD6K1kBs_N2X0J.webp (reused cache entry) (+2ms) (847/4121)
09:05:08   ▶ /_astro/ART_3886.vbBpgGO5_Z1RYYEL.webp (reused cache entry) (+2ms) (848/4121)
09:05:08   ▶ /_astro/ART_6223.DHJXTiSY_Z24MlLz.webp (reused cache entry) (+2ms) (849/4121)
09:05:08   ▶ /_astro/ART_4805.XQB0jmId_DylRo.webp (reused cache entry) (+2ms) (850/4121)
09:05:08   ▶ /_astro/ART_6383-Bearbeitet.CaBc0Jpl_gFcOX.webp (reused cache entry) (+2ms) (851/4121)
09:05:08   ▶ /_astro/ART_6552-Bearbeitet.DBEJ5rts_Z2nsWE5.webp (reused cache entry) (+2ms) (852/4121)
09:05:08   ▶ /_astro/ART_3449.CbhCCNU-_1KLSa8.webp (reused cache entry) (+3ms) (853/4121)
09:05:08   ▶ /_astro/ART_3932-Bearbeitet.CdYWBxKa_VFXzy.webp (reused cache entry) (+2ms) (854/4121)
09:05:08   ▶ /_astro/ART_3717-Bearbeitet.CWj0e2NW_u9ekI.webp (reused cache entry) (+2ms) (855/4121)
09:05:08   ▶ /_astro/ART_6703-Bearbeitet.DJYkr7YJ_Z2ixIzp.webp (reused cache entry) (+2ms) (856/4121)
09:05:08   ▶ /_astro/ART_3803-Bearbeitet._nx5qe0T_Z1HfSYS.webp (reused cache entry) (+2ms) (857/4121)
09:05:08   ▶ /_astro/ART_3722.yt44VBS1_1tMpOT.webp (reused cache entry) (+2ms) (858/4121)
09:05:08   ▶ /_astro/ART_3734-Bearbeitet.CD6K1kBs_Z5NEAJ.webp (reused cache entry) (+2ms) (859/4121)
09:05:08   ▶ /_astro/ART_6223.DHJXTiSY_Z1fGL4Y.webp (reused cache entry) (+2ms) (860/4121)
09:05:08   ▶ /_astro/ART_3886.vbBpgGO5_erB7J.webp (reused cache entry) (+2ms) (861/4121)
09:05:08   ▶ /_astro/ART_4805.XQB0jmId_ZmgMSM.webp (reused cache entry) (+2ms) (862/4121)
09:05:08   ▶ /_astro/ART_6552-Bearbeitet.DBEJ5rts_nXy6g.webp (reused cache entry) (+2ms) (863/4121)
09:05:08   ▶ /_astro/ART_6383-Bearbeitet.CaBc0Jpl_Z224pdC.webp (reused cache entry) (+2ms) (864/4121)
09:05:08   ▶ /_astro/ART_6833-Bearbeitet.Gc1vNzWo_G8lmr.webp (reused cache entry) (+2ms) (865/4121)
09:05:08   ▶ /_astro/ART_7023-Bearbeitet.Dd34RL7U_28Suwm.webp (reused cache entry) (+2ms) (866/4121)
09:05:08   ▶ /_astro/ART_6703-Bearbeitet.DJYkr7YJ_sSMaV.webp (reused cache entry) (+2ms) (867/4121)
09:05:08   ▶ /_astro/ART_3932-Bearbeitet.CdYWBxKa_ZYMXbx.webp (reused cache entry) (+2ms) (868/4121)
09:05:08   ▶ /_astro/ART_7043-Bearbeitet-Bearbeitet.7w7tGeFi_RNmaP.webp (reused cache entry) (+2ms) (869/4121)
09:05:08   ▶ /_astro/ART_7089-Bearbeitet.60npKWvS_Z29YBg4.webp (reused cache entry) (+2ms) (870/4121)
09:05:08   ▶ /_astro/ART_3803-Bearbeitet._nx5qe0T_2t4Bcz.webp (reused cache entry) (+2ms) (871/4121)
09:05:08   ▶ /_astro/ART_6223.DHJXTiSY_1LDIXo.webp (reused cache entry) (+2ms) (872/4121)
09:05:08   ▶ /_astro/ART_4805.XQB0jmId_ObEAR.webp (reused cache entry) (+2ms) (873/4121)
09:05:08   ▶ /_astro/ART_3886.vbBpgGO5_jgO2x.webp (reused cache entry) (+2ms) (874/4121)
09:05:08   ▶ /_astro/ART_6552-Bearbeitet.DBEJ5rts_79Rdj.webp (reused cache entry) (+2ms) (875/4121)
09:05:08   ▶ /_astro/ART_6383-Bearbeitet.CaBc0Jpl_Z2iS66z.webp (reused cache entry) (+2ms) (876/4121)
09:05:08   ▶ /_astro/ART_7023-Bearbeitet.Dd34RL7U_Z9Q7we.webp (reused cache entry) (+2ms) (877/4121)
09:05:08   ▶ /_astro/ART_6833-Bearbeitet.Gc1vNzWo_Z1BBgG9.webp (reused cache entry) (+2ms) (878/4121)
09:05:08   ▶ /_astro/ART_6703-Bearbeitet.DJYkr7YJ_c56hY.webp (reused cache entry) (+2ms) (879/4121)
09:05:08   ▶ /_astro/ART_7043-Bearbeitet-Bearbeitet.7w7tGeFi_ZlXqj2.webp (reused cache entry) (+2ms) (880/4121)
09:05:08   ▶ /_astro/ART_7146-Bearbeitet.DWtYjNQg_Z1ePQ16.webp (reused cache entry) (+2ms) (881/4121)
09:05:08   ▶ /_astro/ART_7089-Bearbeitet.60npKWvS_BrTuh.webp (reused cache entry) (+2ms) (882/4121)
09:05:08   ▶ /_astro/ART_6223.DHJXTiSY_21g71g.webp (reused cache entry) (+2ms) (883/4121)
09:05:08   ▶ /_astro/ART_3932-Bearbeitet.CdYWBxKa_Z1SEAN1.webp (reused cache entry) (+3ms) (884/4121)
09:05:08   ▶ /_astro/ART_7278-Bearbeitet.Ba-l6GqC_2ixKcj.webp (reused cache entry) (+2ms) (885/4121)
09:05:08   ▶ /_astro/ART_4805.XQB0jmId_Z1OhmRk.webp (reused cache entry) (+2ms) (886/4121)
09:05:08   ▶ /_astro/ART_7023-Bearbeitet.Dd34RL7U_ZqENpb.webp (reused cache entry) (+2ms) (887/4121)
09:05:08   ▶ /_astro/ART_6552-Bearbeitet.DBEJ5rts_Z1f7tou.webp (reused cache entry) (+2ms) (888/4121)
09:05:08   ▶ /_astro/ART_6383-Bearbeitet.CaBc0Jpl_ZcDsdU.webp (reused cache entry) (+3ms) (889/4121)
09:05:08   ▶ /_astro/ART_6833-Bearbeitet.Gc1vNzWo_Z1SpWz6.webp (reused cache entry) (+2ms) (890/4121)
09:05:08   ▶ /_astro/ART_6703-Bearbeitet.DJYkr7YJ_1frEXl.webp (reused cache entry) (+2ms) (891/4121)
09:05:08   ▶ /_astro/ART_7043-Bearbeitet-Bearbeitet.7w7tGeFi_nfKss.webp (reused cache entry) (+3ms) (892/4121)
09:05:08   ▶ /_astro/ART_7146-Bearbeitet.DWtYjNQg_1wAEJf.webp (reused cache entry) (+2ms) (893/4121)
09:05:08   ▶ /_astro/ART_7473-Bearbeitet.DciUzDGy_31neA.webp (reused cache entry) (+2ms) (894/4121)
09:05:08   ▶ /_astro/ART_7089-Bearbeitet.60npKWvS_kDdBk.webp (reused cache entry) (+3ms) (895/4121)
09:05:08   ▶ /_astro/ART_6223.DHJXTiSY_265jV4.webp (reused cache entry) (+2ms) (896/4121)
09:05:08   ▶ /_astro/ART_7278-Bearbeitet.Ba-l6GqC_ZbQQh.webp (reused cache entry) (+2ms) (897/4121)
09:05:08   ▶ /_astro/ART_7523-Bearbeitet.DhYURpAo_1vm4Tz.webp (reused cache entry) (+2ms) (898/4121)
09:05:08   ▶ /_astro/ART_7023-Bearbeitet.Dd34RL7U_1STVj0.webp (reused cache entry) (+2ms) (899/4121)
09:05:08   ▶ /_astro/ART_6552-Bearbeitet.DBEJ5rts_Z28Y70X.webp (reused cache entry) (+3ms) (900/4121)
09:05:08   ▶ /_astro/ART_6833-Bearbeitet.Gc1vNzWo_Z2vVyaY.webp (reused cache entry) (+2ms) (901/4121)
09:05:08   ▶ /_astro/ART_6703-Bearbeitet.DJYkr7YJ_lA2lR.webp (reused cache entry) (+2ms) (902/4121)
09:05:08   ▶ /_astro/ART_6383-Bearbeitet.CaBc0Jpl_Z16v5Po.webp (reused cache entry) (+3ms) (903/4121)
09:05:08   ▶ /_astro/ART_7043-Bearbeitet-Bearbeitet.7w7tGeFi_2ehsM8.webp (reused cache entry) (+2ms) (904/4121)
09:05:08   ▶ /_astro/ART_7146-Bearbeitet.DWtYjNQg_1fLXQi.webp (reused cache entry) (+2ms) (905/4121)
09:05:08   ▶ /_astro/ART_7627-Bearbeitet.DLqgI_n0_XKRab.webp (reused cache entry) (+2ms) (906/4121)
09:05:08   ▶ /_astro/ART_7473-Bearbeitet.DciUzDGy_Z2fIeO0.webp (reused cache entry) (+2ms) (907/4121)
09:05:08   ▶ /_astro/ART_7089-Bearbeitet.60npKWvS_vAeY5.webp (reused cache entry) (+2ms) (908/4121)
09:05:08   ▶ /_astro/ART_7660.DxTUnheC_ZHfYYL.webp (reused cache entry) (+2ms) (909/4121)
09:05:08   ▶ /_astro/ART_7278-Bearbeitet.Ba-l6GqC_Zh0xJe.webp (reused cache entry) (+3ms) (910/4121)
09:05:08   ▶ /_astro/ART_7523-Bearbeitet.DhYURpAo_ZMnx91.webp (reused cache entry) (+3ms) (911/4121)
09:05:08   ▶ /_astro/ART_7023-Bearbeitet.Dd34RL7U_103iGw.webp (reused cache entry) (+3ms) (912/4121)
09:05:08   ▶ /_astro/ART_7701-Bearbeitet.B6s9ZjjC_18B0g7.webp (reused cache entry) (+2ms) (913/4121)
09:05:08   ▶ /_astro/ART_7775.ry28Q4_Q_21yuBv.webp (reused cache entry) (+2ms) (914/4121)
09:05:08   ▶ /_astro/ART_6833-Bearbeitet.Gc1vNzWo_1EnW1t.webp (reused cache entry) (+3ms) (915/4121)
09:05:08   ▶ /_astro/ART_7627-Bearbeitet.DLqgI_n0_Z1jXJSp.webp (reused cache entry) (+2ms) (916/4121)
09:05:08   ▶ /_astro/ART_7043-Bearbeitet-Bearbeitet.7w7tGeFi_Xl1iw.webp (reused cache entry) (+2ms) (917/4121)
09:05:08   ▶ /_astro/ART_7146-Bearbeitet.DWtYjNQg_Z1s97jx.webp (reused cache entry) (+2ms) (918/4121)
09:05:08   ▶ /_astro/ART_7660.DxTUnheC_6OzGO.webp (reused cache entry) (+2ms) (919/4121)
09:05:08   ▶ /_astro/ART_7473-Bearbeitet.DciUzDGy_Z2wwUGW.webp (reused cache entry) (+2ms) (920/4121)
09:05:08   ▶ /_astro/ART_7278-Bearbeitet.Ba-l6GqC_1IaKix.webp (reused cache entry) (+2ms) (921/4121)
09:05:08   ▶ /_astro/ART_7798-Bearbeitet.BxQDAbs2_1ldKQQ.webp (reused cache entry) (+2ms) (922/4121)
09:05:08   ▶ /_astro/ART_7523-Bearbeitet.DhYURpAo_Z14ce1X.webp (reused cache entry) (+2ms) (923/4121)
09:05:08   ▶ /_astro/ART_7089-Bearbeitet.60npKWvS_ZngnCo.webp (reused cache entry) (+3ms) (924/4121)
09:05:08   ▶ /_astro/ART_7701-Bearbeitet.B6s9ZjjC_Z1a8BMt.webp (reused cache entry) (+2ms) (925/4121)
09:05:08   ▶ /_astro/ART_7870.Ct-yH0j2_Z1TNHjb.webp (reused cache entry) (+2ms) (926/4121)
09:05:08   ▶ /_astro/ART_7775.ry28Q4_Q_Z2ex3uP.webp (reused cache entry) (+2ms) (927/4121)
09:05:08   ▶ /_astro/ART_7913.Duu7O0IF_Z1qRYSW.webp (reused cache entry) (+2ms) (928/4121)
09:05:08   ▶ /_astro/ART_7627-Bearbeitet.DLqgI_n0_Z1AMqLm.webp (reused cache entry) (+2ms) (929/4121)
09:05:08   ▶ /_astro/ART_7660.DxTUnheC_Z1V133J.webp (reused cache entry) (+2ms) (930/4121)
09:05:08   ▶ /_astro/ART_7146-Bearbeitet.DWtYjNQg_Z2m0JV1.webp (reused cache entry) (+2ms) (931/4121)
09:05:08   ▶ /_astro/ART_7798-Bearbeitet.BxQDAbs2_ZWvQbJ.webp (reused cache entry) (+2ms) (932/4121)
09:05:08   ▶ /_astro/ART_7278-Bearbeitet.Ba-l6GqC_Oj7G4.webp (reused cache entry) (+2ms) (933/4121)
09:05:08   ▶ /_astro/ART_7473-Bearbeitet.DciUzDGy_Z23G1SF.webp (reused cache entry) (+2ms) (934/4121)
09:05:08   ▶ /_astro/ART_7988.BeBQp14F_2Nqpp.webp (reused cache entry) (+2ms) (935/4121)
09:05:08   ▶ /_astro/ART_7523-Bearbeitet.DhYURpAo_Z2pWDqA.webp (reused cache entry) (+2ms) (936/4121)
09:05:08   ▶ /_astro/ART_7870.Ct-yH0j2_Z15I7BA.webp (reused cache entry) (+2ms) (937/4121)
09:05:08   ▶ /_astro/ART_7701-Bearbeitet.B6s9ZjjC_Z1qWiFq.webp (reused cache entry) (+2ms) (938/4121)
09:05:08   ▶ /_astro/ART_7775.ry28Q4_Q_MNrxx.webp (reused cache entry) (+2ms) (939/4121)
09:05:08   ▶ /_astro/ART_7913.Duu7O0IF_ZBMpcm.webp (reused cache entry) (+2ms) (940/4121)
09:05:08   ▶ /_astro/ART_8078.COPkQI9d_ab0Ab.webp (reused cache entry) (+1ms) (941/4121)
09:05:08   ▶ /_astro/ART_7627-Bearbeitet.DLqgI_n0_1lqrKW.webp (reused cache entry) (+3ms) (942/4121)
09:05:08   ▶ /_astro/ART_7660.DxTUnheC_Z1i573f.webp (reused cache entry) (+2ms) (943/4121)
09:05:08   ▶ /_astro/ART_8321.BaB_jDxM_JFhvW.webp (reused cache entry) (+2ms) (944/4121)
09:05:08   ▶ /_astro/ART_7798-Bearbeitet.BxQDAbs2_Z1ekx4G.webp (reused cache entry) (+2ms) (945/4121)
09:05:08   ▶ /_astro/ART_7988.BeBQp14F_1hRIq9.webp (reused cache entry) (+2ms) (946/4121)
09:05:08   ▶ /_astro/ART_7523-Bearbeitet.DhYURpAo_1KmQKR.webp (reused cache entry) (+2ms) (947/4121)
09:05:08   ▶ /_astro/ART_7870.Ct-yH0j2_1VCnqM.webp (reused cache entry) (+2ms) (948/4121)
09:05:08   ▶ /_astro/ART_7701-Bearbeitet.B6s9ZjjC_1gdpWY.webp (reused cache entry) (+2ms) (949/4121)
09:05:08   ▶ /_astro/ART_7473-Bearbeitet.DciUzDGy_27DtiM.webp (reused cache entry) (+3ms) (950/4121)
09:05:08   ▶ /_astro/ART_8078.COPkQI9d_YgAhL.webp (reused cache entry) (+2ms) (951/4121)
09:05:08   ▶ /_astro/ART_7775.ry28Q4_Q_27o7Mr.webp (reused cache entry) (+3ms) (952/4121)
09:05:08   ▶ /_astro/ART_7913.Duu7O0IF_2py5Q1.webp (reused cache entry) (+2ms) (953/4121)
09:05:08   ▶ /_astro/ART_7627-Bearbeitet.DLqgI_n0_ryO9t.webp (reused cache entry) (+2ms) (954/4121)
09:05:08   ▶ /_astro/ART_8321.BaB_jDxM_1yKRdx.webp (reused cache entry) (+2ms) (955/4121)
09:05:08   ▶ /_astro/ART_7798-Bearbeitet.BxQDAbs2_Z2tYb01.webp (reused cache entry) (+2ms) (956/4121)
09:05:08   ▶ /_astro/ART_7660.DxTUnheC_Z1dfT8r.webp (reused cache entry) (+3ms) (957/4121)
09:05:08   ▶ /_astro/ART_8707-Adaptation-de-la-coiffure.Blzr2DOj_Z1v83P6.webp (reused cache entry) (+2ms) (958/4121)
09:05:08   ▶ /_astro/ART_7988.BeBQp14F_h2yDX.webp (reused cache entry) (+3ms) (959/4121)
09:05:08   ▶ /_astro/ART_8769-Bearbeitet-Bearbeitet.CeTS61pB_uXKf5.webp (reused cache entry) (+2ms) (960/4121)
09:05:08   ▶ /_astro/ART_7870.Ct-yH0j2_20n1Cw.webp (reused cache entry) (+2ms) (961/4121)
09:05:08   ▶ /_astro/ART_8078.COPkQI9d_Z13z2sM.webp (reused cache entry) (+2ms) (962/4121)
09:05:08   ▶ /_astro/ART_7701-Bearbeitet.B6s9ZjjC_mlMlv.webp (reused cache entry) (+3ms) (963/4121)
09:05:08   ▶ /_astro/ART_8798-Bearbeitet-Bearbeitet-Bearbeitet.C0VwQwMj_1uixOU.webp (reused cache entry) (+2ms) (964/4121)
09:05:08   ▶ /_astro/ART_7913.Duu7O0IF_1rADYP.webp (reused cache entry) (+2ms) (965/4121)
09:05:08   ▶ /_astro/ART_7775.ry28Q4_Q_2cdkHf.webp (reused cache entry) (+2ms) (966/4121)
09:05:08   ▶ /_astro/ART_8321.BaB_jDxM_Zt4Kx1.webp (reused cache entry) (+2ms) (967/4121)
09:05:08   ▶ /_astro/ART_8875-Bearbeitet-Bearbeitet.Bfpfc1sr_yNzAi.webp (reused cache entry) (+2ms) (968/4121)
09:05:08   ▶ /_astro/ART_8707-Adaptation-de-la-coiffure.Blzr2DOj_Z29DjAb.webp (reused cache entry) (+2ms) (969/4121)
09:05:08   ▶ /_astro/ART_7798-Bearbeitet.BxQDAbs2_1Glkcr.webp (reused cache entry) (+2ms) (970/4121)
09:05:08   ▶ /_astro/ART_8769-Bearbeitet-Bearbeitet.CeTS61pB_ZIN2eM.webp (reused cache entry) (+2ms) (971/4121)
09:05:08   ▶ /_astro/ART_7988.BeBQp14F_sextv.webp (reused cache entry) (+2ms) (972/4121)
09:05:08   ▶ /_astro/ART_9039-Bearbeitet-Bearbeitet-2.D05gAjCo_ZH5xpL.webp (reused cache entry) (+2ms) (973/4121)
09:05:08   ▶ /_astro/ART_8078.COPkQI9d_qDs7y.webp (reused cache entry) (+2ms) (974/4121)
09:05:08   ▶ /_astro/ART_8798-Bearbeitet-Bearbeitet-Bearbeitet.C0VwQwMj_CIaRl.webp (reused cache entry) (+2ms) (975/4121)
09:05:08   ▶ /_astro/ART_7870.Ct-yH0j2_25cexk.webp (reused cache entry) (+3ms) (976/4121)
09:05:08   ▶ /_astro/ART_9088-Bearbeitet-Bearbeitet.DSoG7AkD_1eJ9SS.webp (reused cache entry) (+2ms) (977/4121)
09:05:08   ▶ /_astro/ART_7913.Duu7O0IF_1wpQTD.webp (reused cache entry) (+2ms) (978/4121)
09:05:08   ▶ /_astro/ART_8875-Bearbeitet-Bearbeitet.Bfpfc1sr_ZEXcSz.webp (reused cache entry) (+2ms) (979/4121)
09:05:08   ▶ /_astro/ART_8707-Adaptation-de-la-coiffure.Blzr2DOj_Z1UeT1O.webp (reused cache entry) (+2ms) (980/4121)
09:05:08   ▶ /_astro/ART_9119-Bearbeitet-Bearbeitet-Bearbeitet.BT6xqLPq_Z1UOhvQ.webp (reused cache entry) (+2ms) (981/4121)
09:05:08   ▶ /_astro/ART_8321.BaB_jDxM_Z1QKvii.webp (reused cache entry) (+2ms) (982/4121)
09:05:08   ▶ /_astro/ART_8769-Bearbeitet-Bearbeitet.CeTS61pB_q9wH.webp (reused cache entry) (+2ms) (983/4121)
09:05:08   ▶ /_astro/ART_9039-Bearbeitet-Bearbeitet-2.D05gAjCo_Z2dUwoe.webp (reused cache entry) (+2ms) (984/4121)
09:05:08   ▶ /_astro/ART_9128-Bearbeitet-Bearbeitet.CE8cZtg-_1Dvn0L.webp (reused cache entry) (+2ms) (985/4121)
09:05:08   ▶ /_astro/ART_8078.COPkQI9d_vsF2m.webp (reused cache entry) (+2ms) (986/4121)
09:05:08   ▶ /_astro/ART_8798-Bearbeitet-Bearbeitet-Bearbeitet.C0VwQwMj_1VBXTA.webp (reused cache entry) (+2ms) (987/4121)
09:05:08   ▶ /_astro/ART_7988.BeBQp14F_Z2betYG.webp (reused cache entry) (+3ms) (988/4121)
09:05:08   ▶ /_astro/ART_9088-Bearbeitet-Bearbeitet.DSoG7AkD_Z2CzY.webp (reused cache entry) (+2ms) (989/4121)
09:05:08   ▶ /_astro/ART_9130-Bearbeitet-Bearbeitet.DrlUuxNK_Z85aMA.webp (reused cache entry) (+2ms) (990/4121)
09:05:08   ▶ /_astro/ART_8875-Bearbeitet-Bearbeitet.Bfpfc1sr_4fXRU.webp (reused cache entry) (+2ms) (991/4121)
09:05:08   ▶ /_astro/ART_9119-Bearbeitet-Bearbeitet-Bearbeitet.BT6xqLPq_2hMtkv.webp (reused cache entry) (+2ms) (992/4121)
09:05:08   ▶ /_astro/ART_8707-Adaptation-de-la-coiffure.Blzr2DOj_75a5n.webp (reused cache entry) (+2ms) (993/4121)
09:05:08   ▶ /_astro/ART_8321.BaB_jDxM_Z1LVinu.webp (reused cache entry) (+2ms) (994/4121)
09:05:08   ▶ /_astro/ART_9128-Bearbeitet-Bearbeitet.CE8cZtg-_oIzvT.webp (reused cache entry) (+2ms) (995/4121)
09:05:08   ▶ /_astro/ART_9039-Bearbeitet-Bearbeitet-2.D05gAjCo_1V5bcR.webp (reused cache entry) (+2ms) (996/4121)
09:05:08   ▶ /_astro/ART_9187-Bearbeitet-Bearbeitet.CWISBbtW_2d7nvJ.webp (reused cache entry) (+2ms) (997/4121)
09:05:08   ▶ /_astro/ART_8769-Bearbeitet-Bearbeitet.CeTS61pB_MWYzC.webp (reused cache entry) (+2ms) (998/4121)
09:05:08   ▶ /_astro/ART_9226-Bearbeitet-Bearbeitet.DhEGFgTV_Z2kJXR2.webp (reused cache entry) (+2ms) (999/4121)
09:05:08   ▶ /_astro/ART_9088-Bearbeitet-Bearbeitet.DSoG7AkD_Z22kxSk.webp (reused cache entry) (+2ms) (1000/4121)
09:05:08   ▶ /_astro/ART_9130-Bearbeitet-Bearbeitet.DrlUuxNK_Z1mQXhs.webp (reused cache entry) (+2ms) (1001/4121)
09:05:08   ▶ /_astro/ART_8798-Bearbeitet-Bearbeitet-Bearbeitet.C0VwQwMj_2wbVtD.webp (reused cache entry) (+2ms) (1002/4121)
09:05:08   ▶ /_astro/ART_9274-Bearbeitet-Bearbeitet.Bvzt6EUm_1obSMs.webp (reused cache entry) (+2ms) (1003/4121)
09:05:08   ▶ /_astro/ART_8875-Bearbeitet-Bearbeitet.Bfpfc1sr_Z2koyrH.webp (reused cache entry) (+2ms) (1004/4121)
09:05:08   ▶ /_astro/ART_9119-Bearbeitet-Bearbeitet-Bearbeitet.BT6xqLPq_Z1tuQrb.webp (reused cache entry) (+2ms) (1005/4121)
09:05:08   ▶ /_astro/ART_8707-Adaptation-de-la-coiffure.Blzr2DOj_ZItPHh.webp (reused cache entry) (+2ms) (1006/4121)
09:05:08   ▶ /_astro/ART_9039-Bearbeitet-Bearbeitet-2.D05gAjCo_1uarXD.webp (reused cache entry) (+2ms) (1007/4121)
09:05:08   ▶ /_astro/ART_9128-Bearbeitet-Bearbeitet.CE8cZtg-_Z1CykLr.webp (reused cache entry) (+2ms) (1008/4121)
09:05:08   ▶ /_astro/ART_9187-Bearbeitet-Bearbeitet.CWISBbtW_XkA1R.webp (reused cache entry) (+2ms) (1009/4121)
09:05:08   ▶ /_astro/ART_8769-Bearbeitet-Bearbeitet.CeTS61pB_ZrXrSY.webp (reused cache entry) (+2ms) (1010/4121)
09:05:08   ▶ /_astro/ART_9226-Bearbeitet-Bearbeitet.DhEGFgTV_1uEms2.webp (reused cache entry) (+2ms) (1011/4121)
09:05:08   ▶ /_astro/ART_9088-Bearbeitet-Bearbeitet.DSoG7AkD_Z1znkOb.webp (reused cache entry) (+2ms) (1012/4121)
09:05:08   ▶ /_astro/ART_9130-Bearbeitet-Bearbeitet.DrlUuxNK_ZCCLuX.webp (reused cache entry) (+2ms) (1013/4121)
09:05:08   ▶ /_astro/ART_9274-Bearbeitet-Bearbeitet.Bvzt6EUm_9p6iA.webp (reused cache entry) (+2ms) (1014/4121)
09:05:08   ▶ /_astro/ART_9865.f818CWsc_U9mvw.webp (reused cache entry) (+2ms) (1015/4121)
09:05:08   ▶ /_astro/ART_8875-Bearbeitet-Bearbeitet.Bfpfc1sr_1tQ7RC.webp (reused cache entry) (+2ms) (1016/4121)
09:05:08   ▶ /_astro/ART_8798-Bearbeitet-Bearbeitet-Bearbeitet.C0VwQwMj_1JJ5F7.webp (reused cache entry) (+3ms) (1017/4121)
09:05:08   ▶ /_astro/ART_9119-Bearbeitet-Bearbeitet-Bearbeitet.BT6xqLPq_Z22Ngcy.webp (reused cache entry) (+2ms) (1018/4121)
09:05:08   ▶ /_astro/ART_9706-Bearbeitet-Bearbeitet.WkX9-JqU_zJvbG.webp (reused cache entry) (+2ms) (1019/4121)
09:05:08   ▶ /_astro/ART_9039-Bearbeitet-Bearbeitet-2.D05gAjCo_Z1IFjJW.webp (reused cache entry) (+3ms) (1020/4121)
09:05:08   ▶ /_astro/ART_9128-Bearbeitet-Bearbeitet.CE8cZtg-_Pd22o.webp (reused cache entry) (+3ms) (1021/4121)
09:05:08   ▶ /_astro/ART_9187-Bearbeitet-Bearbeitet.CWISBbtW_1HyLNm.webp (reused cache entry) (+3ms) (1022/4121)
09:05:08   ▶ /_astro/ART_9226-Bearbeitet-Bearbeitet.DhEGFgTV_2eSyew.webp (reused cache entry) (+3ms) (1023/4121)
09:05:08   ▶ /_astro/ART_9088-Bearbeitet-Bearbeitet.DSoG7AkD_1VJpQu.webp (reused cache entry) (+3ms) (1024/4121)
09:05:08   ▶ /_astro/ART_9130-Bearbeitet-Bearbeitet.DrlUuxNK_1hKzuw.webp (reused cache entry) (+2ms) (1025/4121)
09:05:08   ▶ /_astro/ART_9274-Bearbeitet-Bearbeitet.Bvzt6EUm_SDi55.webp (reused cache entry) (+2ms) (1026/4121)
09:05:08   ▶ /_astro/ART_6856-Bearbeitet.Cqoh8398_ZRttau.webp (reused cache entry) (+2ms) (1027/4121)
09:05:08   ▶ /_astro/ART_9806-Bearbeitet.Br1_xQSE_ZaexI5.webp (reused cache entry) (+2ms) (1028/4121)
09:05:08   ▶ /_astro/ART_9865.f818CWsc_1JeWd7.webp (reused cache entry) (+2ms) (1029/4121)
09:05:08   ▶ /_astro/ART_7380-Bearbeitet.Dz9fHFox_ZVwUPp.webp (reused cache entry) (+2ms) (1030/4121)
09:05:08   ▶ /_astro/ART_9119-Bearbeitet-Bearbeitet-Bearbeitet.BT6xqLPq_2fV1MQ.webp (reused cache entry) (+2ms) (1031/4121)
09:05:08   ▶ /_astro/ART_9706-Bearbeitet-Bearbeitet.WkX9-JqU_Z1sgHUH.webp (reused cache entry) (+2ms) (1032/4121)
09:05:08   ▶ /_astro/ART_9128-Bearbeitet-Bearbeitet.CE8cZtg-_ZHQl5R.webp (reused cache entry) (+2ms) (1033/4121)
09:05:08   ▶ /_astro/editorial-portrait-hamburg-blumenstrauss-nahaufnahme.DlRD3IZx_d2wAw.webp (reused cache entry) (+2ms) (1034/4121)
09:05:08   ▶ /_astro/ART_9187-Bearbeitet-Bearbeitet.CWISBbtW_Z2cP8Wk.webp (reused cache entry) (+2ms) (1035/4121)
09:05:08   ▶ /_astro/ART_9226-Bearbeitet-Bearbeitet.DhEGFgTV_Z12nt73.webp (reused cache entry) (+2ms) (1036/4121)
09:05:08   ▶ /_astro/ART_6856-Bearbeitet.Cqoh8398_1SX2zQ.webp (reused cache entry) (+2ms) (1037/4121)
09:05:08   ▶ /_astro/ART_9806-Bearbeitet.Br1_xQSE_2kpr6X.webp (reused cache entry) (+2ms) (1038/4121)
09:05:08   ▶ /_astro/ART_9274-Bearbeitet-Bearbeitet.Bvzt6EUm_Z29xwmi.webp (reused cache entry) (+2ms) (1039/4121)
09:05:08   ▶ /_astro/ART_9130-Bearbeitet-Bearbeitet.DrlUuxNK_1O80U.webp (reused cache entry) (+3ms) (1040/4121)
09:05:08   ▶ /_astro/editorial-fotoshooting-hamburg-rathaus-querformat.debNy7yd_1R1PuD.webp (reused cache entry) (+2ms) (1041/4121)
09:05:08   ▶ /_astro/ART_7380-Bearbeitet.Dz9fHFox_1OTzTV.webp (reused cache entry) (+2ms) (1042/4121)
09:05:08   ▶ /_astro/editorial-portrait-hamburg-balkon-schwarzes-kleid.CpTk5TGu_Z2uLVOU.webp (reused cache entry) (+2ms) (1043/4121)
09:05:08   ▶ /_astro/ART_9865.f818CWsc_ZiAFxr.webp (reused cache entry) (+3ms) (1044/4121)
09:05:08   ▶ /_astro/ART_9706-Bearbeitet-Bearbeitet.WkX9-JqU_dqxtL.webp (reused cache entry) (+2ms) (1045/4121)
09:05:08   ▶ /_astro/editorial-portrait-hamburg-blumenstrauss-nahaufnahme.DlRD3IZx_Z115eoh.webp (reused cache entry) (+2ms) (1046/4121)
09:05:08   ▶ /_astro/ART_9806-Bearbeitet.Br1_xQSE_ZQFXNb.webp (reused cache entry) (+2ms) (1047/4121)
09:05:08   ▶ /_astro/ART_9187-Bearbeitet-Bearbeitet.CWISBbtW_1Bpxn0.webp (reused cache entry) (+3ms) (1048/4121)
09:05:08   ▶ /_astro/ART_9226-Bearbeitet-Bearbeitet.DhEGFgTV_Z2ijUAE.webp (reused cache entry) (+3ms) (1049/4121)
09:05:08   ▶ /_astro/ART_6856-Bearbeitet.Cqoh8398_1C9lGT.webp (reused cache entry) (+2ms) (1050/4121)
09:05:08   ▶ /_astro/editorial-portrait-hamburger-rathaus-blumenstrauss.By8aq6op_Z1NtKsc.webp (reused cache entry) (+2ms) (1051/4121)
09:05:08   ▶ /_astro/editorial-fotoshooting-hamburg-rathaus-querformat.debNy7yd_Z49XSg.webp (reused cache entry) (+2ms) (1052/4121)
09:05:08   ▶ /_astro/ART_9274-Bearbeitet-Bearbeitet.Bvzt6EUm_1EH9X2.webp (reused cache entry) (+3ms) (1053/4121)
09:05:08   ▶ /_astro/editorial-portrait-hamburg-balkon-schwarzes-kleid.CpTk5TGu_ZO1hue.webp (reused cache entry) (+2ms) (1054/4121)
09:05:08   ▶ /_astro/ART_7380-Bearbeitet.Dz9fHFox_1y5T1Y.webp (reused cache entry) (+2ms) (1055/4121)
09:05:08   ▶ /_astro/ART_9706-Bearbeitet-Bearbeitet.WkX9-JqU_mdJHU.webp (reused cache entry) (+3ms) (1056/4121)
09:05:08   ▶ /_astro/ART_9865.f818CWsc_Z1Cb7kr.webp (reused cache entry) (+3ms) (1057/4121)
09:05:08   ▶ /_astro/ART_9806-Bearbeitet.Br1_xQSE_Z29lvpJ.webp (reused cache entry) (+2ms) (1058/4121)
09:05:08   ▶ /_astro/editorial-portrait-hamburg-blumenstrauss-nahaufnahme.DlRD3IZx_Z2gfijT.webp (reused cache entry) (+2ms) (1059/4121)
09:05:08   ▶ /_astro/editorial-portrait-hamburg-dachterrasse-blumenstrauss.BlyuxtIL_1JFevc.webp (reused cache entry) (+2ms) (1060/4121)
09:05:08   ▶ /_astro/editorial.FIIaOSR8_ZTUOHE.webp (reused cache entry) (+2ms) (1061/4121)
09:05:08   ▶ /_astro/editorial-portrait-hamburger-rathaus-blumenstrauss.By8aq6op_A2lBr.webp (reused cache entry) (+2ms) (1062/4121)
09:05:08   ▶ /_astro/002-schwerin_schloss-820x1024.C3KOBzSk_1L8sXj.webp (reused cache entry) (+2ms) (1063/4121)
09:05:08   ▶ /_astro/editorial-fotoshooting-hamburg-rathaus-querformat.debNy7yd_ZQ3IR1.webp (reused cache entry) (+2ms) (1064/4121)
09:05:08   ▶ /_astro/ART_6856-Bearbeitet.Cqoh8398_ZgaMIB.webp (reused cache entry) (+3ms) (1065/4121)
09:05:08   ▶ /_astro/ART_9706-Bearbeitet-Bearbeitet.WkX9-JqU_Z17tseo.webp (reused cache entry) (+1ms) (1066/4121)
09:05:08   ▶ /_astro/editorial-portrait-hamburg-balkon-schwarzes-kleid.CpTk5TGu_TSd2D.webp (reused cache entry) (+2ms) (1067/4121)
09:05:08   ▶ /_astro/ART_7380-Bearbeitet.Dz9fHFox_Z2jUQw4.webp (reused cache entry) (+2ms) (1068/4121)
09:05:08   ▶ /_astro/ART_9806-Bearbeitet.Br1_xQSE_Z2vOref.webp (reused cache entry) (+2ms) (1069/4121)
09:05:08   ▶ /_astro/editorial-portrait-hamburg-blumenstrauss-nahaufnahme.DlRD3IZx_6xiB5.webp (reused cache entry) (+2ms) (1070/4121)
09:05:08   ▶ /_astro/editorial-portrait-hamburg-dachterrasse-blumenstrauss.BlyuxtIL_Z2hLvre.webp (reused cache entry) (+2ms) (1071/4121)
09:05:08   ▶ /_astro/ART_9865.f818CWsc_Z1xlTpD.webp (reused cache entry) (+3ms) (1072/4121)
09:05:08   ▶ /_astro/editorial.FIIaOSR8_Z1wOyw4.webp (reused cache entry) (+2ms) (1073/4121)
09:05:08   ▶ /_astro/editorial-portrait-hamburger-rathaus-blumenstrauss.By8aq6op_vUR4m.webp (reused cache entry) (+2ms) (1074/4121)
09:05:08   ▶ /_astro/002-schwerin_schloss-820x1024.C3KOBzSk_3GWzo.webp (reused cache entry) (+2ms) (1075/4121)
09:05:08   ▶ /_astro/editorial-fotoshooting-hamburg-rathaus-querformat.debNy7yd_1uH76o.webp (reused cache entry) (+3ms) (1076/4121)
09:05:08   ▶ /_astro/ART_9706-Bearbeitet-Bearbeitet.WkX9-JqU_Z2mgfIg.webp (reused cache entry) (+2ms) (1077/4121)
09:05:08   ▶ /_astro/ART_6856-Bearbeitet.Cqoh8398_Z1a2ql5.webp (reused cache entry) (+3ms) (1078/4121)
09:05:08   ▶ /_astro/003-ART_7105-Verbessert-RR-Bearbeitet-683x1024.D-ZgHgVI_ZS0O8i.webp (reused cache entry) (+2ms) (1079/4121)
09:05:08   ▶ /_astro/editorial-portrait-hamburg-balkon-schwarzes-kleid.CpTk5TGu_Zmp1eS.webp (reused cache entry) (+3ms) (1080/4121)
09:05:08   ▶ /_astro/004-ART_7335-Bearbeitet-Bearbeitet-819x1024.JjSZSxAk_ZdJW4f.webp (reused cache entry) (+2ms) (1081/4121)
09:05:08   ▶ /_astro/ART_7380-Bearbeitet.Dz9fHFox_1QoDFo.webp (reused cache entry) (+3ms) (1082/4121)
09:05:08   ▶ /_astro/005-ART_6651-Bearbeitet-819x1024.DHYP1nNH_Z1o0wDK.webp (reused cache entry) (+2ms) (1083/4121)
09:05:08   ▶ /_astro/editorial-portrait-hamburg-dachterrasse-blumenstrauss.BlyuxtIL_ZheUUk.webp (reused cache entry) (+2ms) (1084/4121)
09:05:08   ▶ /_astro/editorial.FIIaOSR8_ZMmbXt.webp (reused cache entry) (+2ms) (1085/4121)
09:05:08   ▶ /_astro/002-schwerin_schloss-820x1024.C3KOBzSk_Z2qRAbz.webp (reused cache entry) (+2ms) (1086/4121)
09:05:08   ▶ /_astro/editorial-portrait-hamburger-rathaus-blumenstrauss.By8aq6op_KHb2p.webp (reused cache entry) (+2ms) (1087/4121)
09:05:08   ▶ /_astro/ART_9706-Bearbeitet-Bearbeitet.WkX9-JqU_Z1C23VL.webp (reused cache entry) (+2ms) (1088/4121)
09:05:08   ▶ /_astro/ART_6856-Bearbeitet.Cqoh8398_17WStL.webp (reused cache entry) (+2ms) (1089/4121)
09:05:08   ▶ /_astro/editorial-fotoshooting-hamburg-rathaus-querformat.debNy7yd_Zs8dus.webp (reused cache entry) (+2ms) (1090/4121)
09:05:08   ▶ /_astro/003-ART_7105-Verbessert-RR-Bearbeitet-683x1024.D-ZgHgVI_CuE4U.webp (reused cache entry) (+2ms) (1091/4121)
09:05:08   ▶ /_astro/004-ART_7335-Bearbeitet-Bearbeitet-819x1024.JjSZSxAk_131NYU.webp (reused cache entry) (+2ms) (1092/4121)
09:05:08   ▶ /_astro/006-ART_1393-Bearbeitet-683x1024.DrxgaPMr_Z2cV56y.webp (reused cache entry) (+2ms) (1093/4121)
09:05:08   ▶ /_astro/005-ART_6651-Bearbeitet-819x1024.DHYP1nNH_vr6Ir.webp (reused cache entry) (+2ms) (1094/4121)
09:05:08   ▶ /_astro/editorial.FIIaOSR8_1TvmYm.webp (reused cache entry) (+2ms) (1095/4121)
09:05:08   ▶ /_astro/editorial-portrait-hamburg-balkon-schwarzes-kleid.CpTk5TGu_111PGD.webp (reused cache entry) (+2ms) (1096/4121)
09:05:08   ▶ /_astro/007-ART_1262-Bearbeitet_web-1-1024x1024.D2yoh7l4_ZviiH7.webp (reused cache entry) (+1ms) (1097/4121)
09:05:08   ▶ /_astro/editorial-portrait-hamburg-dachterrasse-blumenstrauss.BlyuxtIL_oYCrB.webp (reused cache entry) (+2ms) (1098/4121)
09:05:08   ▶ /_astro/008-IMG_5181-819x1024.B00i0QAm_2lNAkE.webp (reused cache entry) (+1ms) (1099/4121)
09:05:08   ▶ /_astro/editorial-portrait-hamburger-rathaus-blumenstrauss.By8aq6op_Z13jNG2.webp (reused cache entry) (+2ms) (1100/4121)
09:05:08   ▶ /_astro/ART_9706-Bearbeitet-Bearbeitet.WkX9-JqU_16BzMe.webp (reused cache entry) (+2ms) (1101/4121)
09:05:08   ▶ /_astro/ART_6856-Bearbeitet.Cqoh8398_ZPXN3D.webp (reused cache entry) (+2ms) (1102/4121)
09:05:08   ▶ /_astro/003-ART_7105-Verbessert-RR-Bearbeitet-683x1024.D-ZgHgVI_Z1XYnxu.webp (reused cache entry) (+2ms) (1103/4121)
09:05:08   ▶ /_astro/005-ART_6651-Bearbeitet-819x1024.DHYP1nNH_Z1iLLqG.webp (reused cache entry) (+2ms) (1104/4121)
09:05:08   ▶ /_astro/004-ART_7335-Bearbeitet-Bearbeitet-819x1024.JjSZSxAk_1fhSgj.webp (reused cache entry) (+2ms) (1105/4121)
09:05:08   ▶ /_astro/006-ART_1393-Bearbeitet-683x1024.DrxgaPMr_Yau0C.webp (reused cache entry) (+2ms) (1106/4121)
09:05:08   ▶ /_astro/009-ART_1224-Bearbeitet-683x1024.mK2x1Q-M_m7lyx.webp (reused cache entry) (+2ms) (1107/4121)
09:05:08   ▶ /_astro/007-ART_1262-Bearbeitet_web-1-1024x1024.D2yoh7l4_GPvvI.webp (reused cache entry) (+2ms) (1108/4121)
09:05:08   ▶ /_astro/editorial.FIIaOSR8_1oHRhl.webp (reused cache entry) (+2ms) (1109/4121)
09:05:08   ▶ /_astro/010-ART_6908-Bearbeitet-2-576x1024.BtEtG0rG_14WA9C.webp (reused cache entry) (+1ms) (1110/4121)
09:05:08   ▶ /_astro/editorial-portrait-hamburg-dachterrasse-blumenstrauss.BlyuxtIL_Z1xHcMy.webp (reused cache entry) (+2ms) (1111/4121)
09:05:08   ▶ /_astro/008-IMG_5181-819x1024.B00i0QAm_ZoeJ48.webp (reused cache entry) (+2ms) (1112/4121)
09:05:08   ▶ /_astro/011-ART_6722_thumb-819x1024.DZeGqZAQ_Z7hDM9.webp (reused cache entry) (+1ms) (1113/4121)
09:05:08   ▶ /_astro/012-ART_2020-Bearbeitet_web-819x1024.DwMIFbLJ_Z1s5Uem.webp (reused cache entry) (+1ms) (1114/4121)
09:05:08   ▶ /_astro/ART_9706-Bearbeitet-Bearbeitet.WkX9-JqU_Q6l68.webp (reused cache entry) (+2ms) (1115/4121)
09:05:08   ▶ /_astro/ART_6856-Bearbeitet.Cqoh8398_24aGyX.webp (reused cache entry) (+2ms) (1116/4121)
09:05:08   ▶ /_astro/006-ART_1393-Bearbeitet-683x1024.DrxgaPMr_iggSk.webp (reused cache entry) (+2ms) (1117/4121)
09:05:08   ▶ /_astro/013-ART_0111-1_web-684x1024.eOuk9Mqg_29JrWm.webp (reused cache entry) (+2ms) (1118/4121)
09:05:08   ▶ /_astro/009-ART_1224-Bearbeitet-683x1024.mK2x1Q-M_Z1vXd8d.webp (reused cache entry) (+2ms) (1119/4121)
09:05:08   ▶ /_astro/014-ART_3354-Bearbeitet-819x1024.BzbLy6wy_1jNE5W.webp (reused cache entry) (+2ms) (1120/4121)
09:05:08   ▶ /_astro/007-ART_1262-Bearbeitet_web-1-1024x1024.D2yoh7l4_1vqJvp.webp (reused cache entry) (+2ms) (1121/4121)
09:05:08   ▶ /_astro/010-ART_6908-Bearbeitet-2-576x1024.BtEtG0rG_1Ah6US.webp (reused cache entry) (+2ms) (1122/4121)
09:05:08   ▶ /_astro/015-ART_7721-2_thumb-819x1024.P3WeGlag_1eeOyR.webp (reused cache entry) (+2ms) (1123/4121)
09:05:08   ▶ /_astro/011-ART_6722_thumb-819x1024.DZeGqZAQ_ZYt4ky.webp (reused cache entry) (+1ms) (1124/4121)
09:05:08   ▶ /_astro/012-ART_2020-Bearbeitet_web-819x1024.DwMIFbLJ_2lcSsK.webp (reused cache entry) (+2ms) (1125/4121)
09:05:08   ▶ /_astro/008-IMG_5181-819x1024.B00i0QAm_Z1hddQv.webp (reused cache entry) (+2ms) (1126/4121)
09:05:08   ▶ /_astro/016-ART_1613-Bearbeitet_web-819x1024.BK3-PDZC_2uXvvN.webp (reused cache entry) (+1ms) (1127/4121)
09:05:08   ▶ /_astro/ART_9706-Bearbeitet-Bearbeitet.WkX9-JqU_Z9jQGn.webp (reused cache entry) (+2ms) (1128/4121)
09:05:08   ▶ /_astro/013-ART_0111-1_web-684x1024.eOuk9Mqg_1MlfBs.webp (reused cache entry) (+2ms) (1129/4121)
09:05:08   ▶ /_astro/014-ART_3354-Bearbeitet-819x1024.BzbLy6wy_Z1PUPkM.webp (reused cache entry) (+2ms) (1130/4121)
09:05:08   ▶ /_astro/ART_6856-Bearbeitet.Cqoh8398_IA1Mf.webp (reused cache entry) (+2ms) (1131/4121)
09:05:08   ▶ /_astro/009-ART_1224-Bearbeitet-683x1024.mK2x1Q-M_Z2cRqfv.webp (reused cache entry) (+2ms) (1132/4121)
09:05:08   ▶ /_astro/017-ART_4337-Bearbeitet_web-819x1024.COsCL6_t_24zCWl.webp (reused cache entry) (+2ms) (1133/4121)
09:05:08   ▶ /_astro/007-ART_1262-Bearbeitet_web-1-1024x1024.D2yoh7l4_Z8ptkz.webp (reused cache entry) (+2ms) (1134/4121)
09:05:08   ▶ /_astro/011-ART_6722_thumb-819x1024.DZeGqZAQ_9LLXn.webp (reused cache entry) (+2ms) (1135/4121)
09:05:08   ▶ /_astro/015-ART_7721-2_thumb-819x1024.P3WeGlag_ZgrPtS.webp (reused cache entry) (+2ms) (1136/4121)
09:05:08   ▶ /_astro/018-ART_0465-Bearbeitet-683x1024.6hfD6vak_Zpgjc3.webp (reused cache entry) (+2ms) (1137/4121)
09:05:08   ▶ /_astro/012-ART_2020-Bearbeitet_web-819x1024.DwMIFbLJ_Z1cfiRe.webp (reused cache entry) (+2ms) (1138/4121)
09:05:08   ▶ /_astro/016-ART_1613-Bearbeitet_web-819x1024.BK3-PDZC_1e5boY.webp (reused cache entry) (+1ms) (1139/4121)
09:05:08   ▶ /_astro/019-ART_2262-Bearbeitet_web-819x1024.BVYRDxtk_75Cqc.webp (reused cache entry) (+1ms) (1140/4121)
09:05:08   ▶ /_astro/014-ART_3354-Bearbeitet-819x1024.BzbLy6wy_1p2pj1.webp (reused cache entry) (+1ms) (1141/4121)
09:05:08   ▶ /_astro/020-ART0512-Bearbeitet_web-684x1024.DoXdG-rI_Z23ELPM.webp (reused cache entry) (+1ms) (1142/4121)
09:05:08   ▶ /_astro/013-ART_0111-1_web-684x1024.eOuk9Mqg_lKjSS.webp (reused cache entry) (+2ms) (1143/4121)
09:05:08   ▶ /_astro/022-ART_0336-Bearbeitet-683x1024.DIzFjnyr_Z13sodg.webp (reused cache entry) (+1ms) (1144/4121)
09:05:08   ▶ /_astro/017-ART_4337-Bearbeitet_web-819x1024.COsCL6_t_MGiPw.webp (reused cache entry) (+2ms) (1145/4121)
09:05:08   ▶ /_astro/021-ART_7386-Bearbeitet_thumb-819x1024.B-xwUPBH_2dreVB.webp (reused cache entry) (+2ms) (1146/4121)
09:05:08   ▶ /_astro/ART_6856-Bearbeitet.Cqoh8398_htkcW.webp (reused cache entry) (+2ms) (1147/4121)
09:05:08   ▶ /_astro/015-ART_7721-2_thumb-819x1024.P3WeGlag_24Wo0L.webp (reused cache entry) (+2ms) (1148/4121)
09:05:08   ▶ /_astro/018-ART_0465-Bearbeitet-683x1024.6hfD6vak_Z2ilRSN.webp (reused cache entry) (+2ms) (1149/4121)
09:05:08   ▶ /_astro/023-ART_1426-Bearbeitet_thumb-683x1024.BM2Qw5ci_2wRGPo.webp (reused cache entry) (+2ms) (1150/4121)
09:05:08   ▶ /_astro/024-ART_1935-Verbessert-RR-Bearbeitet_web-819x1024.DeIHcROG_198KA8.webp (reused cache entry) (+1ms) (1151/4121)
09:05:08   ▶ /_astro/016-ART_1613-Bearbeitet_web-819x1024.BK3-PDZC_Z2jn0V0.webp (reused cache entry) (+2ms) (1152/4121)
09:05:08   ▶ /_astro/019-ART_2262-Bearbeitet_web-819x1024.BVYRDxtk_Z19MGFC.webp (reused cache entry) (+2ms) (1153/4121)
09:05:08   ▶ /_astro/025-ART_4853-Bearbeitet_web-682x1024.vJvlYfA2_Z1CLlzi.webp (reused cache entry) (+2ms) (1154/4121)
09:05:08   ▶ /_astro/020-ART0512-Bearbeitet_web-684x1024.DoXdG-rI_Z1vRIRS.webp (reused cache entry) (+2ms) (1155/4121)
09:05:08   ▶ /_astro/022-ART_0336-Bearbeitet-683x1024.DIzFjnyr_28DaSU.webp (reused cache entry) (+1ms) (1156/4121)
09:05:08   ▶ /_astro/026-ART_8717-Bearbeitet_web-1024x684.FOlCby2y_1cEXJD.webp (reused cache entry) (+1ms) (1157/4121)
09:05:08   ▶ /_astro/017-ART_4337-Bearbeitet_web-819x1024.COsCL6_t_2kqfjt.webp (reused cache entry) (+2ms) (1158/4121)
09:05:08   ▶ /_astro/021-ART_7386-Bearbeitet_thumb-819x1024.B-xwUPBH_Z1Y8MYY.webp (reused cache entry) (+2ms) (1159/4121)
09:05:08   ▶ /_astro/027-ART_4425-Bearbeitet_web-682x1024.CU7AUOVK_Z9u1eq.webp (reused cache entry) (+1ms) (1160/4121)
09:05:08   ▶ /_astro/024-ART_1935-Verbessert-RR-Bearbeitet_web-819x1024.DeIHcROG_KSOHI.webp (reused cache entry) (+1ms) (1161/4121)
09:05:08   ▶ /_astro/028-ART_0918-Bearbeitet-683x1024.IK9dz5Um_Z1Ndwt3.webp (reused cache entry) (+1ms) (1162/4121)
09:05:08   ▶ /_astro/023-ART_1426-Bearbeitet_thumb-683x1024.BM2Qw5ci_ZNWrme.webp (reused cache entry) (+2ms) (1163/4121)
09:05:08   ▶ /_astro/018-ART_0465-Bearbeitet-683x1024.6hfD6vak_25V2MP.webp (reused cache entry) (+2ms) (1164/4121)
09:05:08   ▶ /_astro/025-ART_4853-Bearbeitet_web-682x1024.vJvlYfA2_Zl3HXs.webp (reused cache entry) (+1ms) (1165/4121)
09:05:08   ▶ /_astro/019-ART_2262-Bearbeitet_web-819x1024.BVYRDxtk_mVeMk.webp (reused cache entry) (+2ms) (1166/4121)
09:05:08   ▶ /_astro/022-ART_0336-Bearbeitet-683x1024.DIzFjnyr_1rIWLC.webp (reused cache entry) (+1ms) (1167/4121)
09:05:08   ▶ /_astro/026-ART_8717-Bearbeitet_web-1024x684.FOlCby2y_Z1o42HA.webp (reused cache entry) (+1ms) (1168/4121)
09:05:08   ▶ /_astro/020-ART0512-Bearbeitet_web-684x1024.DoXdG-rI_VRRuP.webp (reused cache entry) (+2ms) (1169/4121)
09:05:08   ▶ /_astro/029-ART3838-Bearbeitet_web-1024x684.BDERj7iM_ZfAvOD.webp (reused cache entry) (+2ms) (1170/4121)
09:05:08   ▶ /_astro/021-ART_7386-Bearbeitet_thumb-819x1024.B-xwUPBH_Z103KrM.webp (reused cache entry) (+2ms) (1171/4121)
09:05:08   ▶ /_astro/027-ART_4425-Bearbeitet_web-682x1024.CU7AUOVK_18dBmp.webp (reused cache entry) (+2ms) (1172/4121)
09:05:08   ▶ /_astro/024-ART_1935-Verbessert-RR-Bearbeitet_web-819x1024.DeIHcROG_Z1pgdfV.webp (reused cache entry) (+1ms) (1173/4121)
09:05:08   ▶ /_astro/028-ART_0918-Bearbeitet-683x1024.IK9dz5Um_1nS2D8.webp (reused cache entry) (+2ms) (1174/4121)
09:05:08   ▶ /_astro/030-ART_4957-Bearbeitet_web-1024x682.Y5XP3S8M_Z1D4cYm.webp (reused cache entry) (+2ms) (1175/4121)
09:05:08   ▶ /_astro/031-ART_5317-Bearbeitet_thumb-684x1024.AAZSoG3S_QLfIJ.webp (reused cache entry) (+1ms) (1176/4121)
09:05:08   ▶ /_astro/023-ART_1426-Bearbeitet_thumb-683x1024.BM2Qw5ci_1toY1R.webp (reused cache entry) (+2ms) (1177/4121)
09:05:08   ▶ /_astro/025-ART_4853-Bearbeitet_web-682x1024.vJvlYfA2_UlKR0.webp (reused cache entry) (+2ms) (1178/4121)
09:05:08   ▶ /_astro/032-ART_3062-Bearbeitet-683x1024.DL5OyOuQ_ogfM2.webp (reused cache entry) (+2ms) (1179/4121)
09:05:08   ▶ /_astro/033-IMG_5470-1024x682.D-xl9cFj_Z26uXnn.webp (reused cache entry) (+1ms) (1180/4121)
09:05:08   ▶ /_astro/026-ART_8717-Bearbeitet_web-1024x684.FOlCby2y_ZdeGdo.webp (reused cache entry) (+2ms) (1181/4121)
09:05:08   ▶ /_astro/029-ART3838-Bearbeitet_web-1024x684.BDERj7iM_1AkeH3.webp (reused cache entry) (+1ms) (1182/4121)
09:05:08   ▶ /_astro/034-ART9229-Bearbeitet_thumb-684x1024.EBdFL7lp_KyyOq.webp (reused cache entry) (+1ms) (1183/4121)
09:05:08   ▶ /_astro/035-ART_4265-Bearbeitet-2_web-1024x683.Cv5dMK29_njbqL.webp (reused cache entry) (+1ms) (1184/4121)
09:05:08   ▶ /_astro/027-ART_4425-Bearbeitet_web-682x1024.CU7AUOVK_2oD6cR.webp (reused cache entry) (+2ms) (1185/4121)
09:05:08   ▶ /_astro/030-ART_4957-Bearbeitet_web-1024x682.Y5XP3S8M_1YioYi.webp (reused cache entry) (+1ms) (1186/4121)
09:05:08   ▶ /_astro/031-ART_5317-Bearbeitet_thumb-684x1024.AAZSoG3S_sjiA1.webp (reused cache entry) (+1ms) (1187/4121)
09:05:08   ▶ /_astro/036-freisteller_thumb-1-1024x622.bsppk7TX_1H8CwC.webp (reused cache entry) (+1ms) (1188/4121)
09:05:08   ▶ /_astro/028-ART_0918-Bearbeitet-683x1024.IK9dz5Um_GXOvP.webp (reused cache entry) (+2ms) (1189/4121)
09:05:08   ▶ /_astro/037-ART_6629-Bearbeitet-819x1024.DlXTMoHR_ZUndxP.webp (reused cache entry) (+1ms) (1190/4121)
09:05:08   ▶ /_astro/032-ART_3062-Bearbeitet-683x1024.DL5OyOuQ_Z1tOiTI.webp (reused cache entry) (+1ms) (1191/4121)
09:05:08   ▶ /_astro/033-IMG_5470-1024x682.D-xl9cFj_ZmQfWV.webp (reused cache entry) (+1ms) (1192/4121)
09:05:08   ▶ /_astro/026-ART_8717-Bearbeitet_web-1024x684.FOlCby2y_ZfPoO4.webp (reused cache entry) (+1ms) (1193/4121)
09:05:08   ▶ /_astro/029-ART3838-Bearbeitet_web-1024x684.BDERj7iM_Z1nucvI.webp (reused cache entry) (+1ms) (1194/4121)
09:05:08   ▶ /_astro/035-ART_4265-Bearbeitet-2_web-1024x683.Cv5dMK29_Z16GLk8.webp (reused cache entry) (+1ms) (1195/4121)
09:05:08   ▶ /_astro/038-ART1074-Bearbeitet_web-684x1024.TqxDWrtp_WrrTf.webp (reused cache entry) (+1ms) (1196/4121)
09:05:08   ▶ /_astro/034-ART9229-Bearbeitet_thumb-684x1024.EBdFL7lp_12KDir.webp (reused cache entry) (+2ms) (1197/4121)
09:05:08   ▶ /_astro/039-ART9221-Bearbeitet_thumb-1024x732.qfJz8qaU_Z1mhmzp.webp (reused cache entry) (+1ms) (1198/4121)
09:05:08   ▶ /_astro/030-ART_4957-Bearbeitet_web-1024x682.Y5XP3S8M_ZL9RHu.webp (reused cache entry) (+2ms) (1199/4121)
09:05:08   ▶ /_astro/036-freisteller_thumb-1-1024x622.bsppk7TX_Z20TVuO.webp (reused cache entry) (+1ms) (1200/4121)
09:05:08   ▶ /_astro/031-ART_5317-Bearbeitet_thumb-684x1024.AAZSoG3S_QA8ld.webp (reused cache entry) (+2ms) (1201/4121)
09:05:08   ▶ /_astro/032-ART_3062-Bearbeitet-683x1024.DL5OyOuQ_Z2aIw21.webp (reused cache entry) (+1ms) (1202/4121)
09:05:08   ▶ /_astro/040-ART1469-Bearbeitet_thumb-684x1024.0YvYqupz_Z1j2mhg.webp (reused cache entry) (+1ms) (1203/4121)
09:05:08   ▶ /_astro/037-ART_6629-Bearbeitet-819x1024.DlXTMoHR_Y4pOm.webp (reused cache entry) (+2ms) (1204/4121)
09:05:08   ▶ /_astro/033-IMG_5470-1024x682.D-xl9cFj_Z1TiXky.webp (reused cache entry) (+2ms) (1205/4121)
09:05:08   ▶ /_astro/038-ART1074-Bearbeitet_web-684x1024.TqxDWrtp_1ueuR9.webp (reused cache entry) (+2ms) (1206/4121)
09:05:08   ▶ /_astro/029-ART3838-Bearbeitet_web-1024x684.BDERj7iM_1aVAVm.webp (reused cache entry) (+2ms) (1207/4121)
09:05:08   ▶ /_astro/035-ART_4265-Bearbeitet-2_web-1024x683.Cv5dMK29_Z1cVisj.webp (reused cache entry) (+2ms) (1208/4121)
09:05:08   ▶ /_astro/034-ART9229-Bearbeitet_thumb-684x1024.EBdFL7lp_gLb2N.webp (reused cache entry) (+2ms) (1209/4121)
09:05:08   ▶ /_astro/041-ART_5539-Bearbeitet_thumb-1024x684.DLBrnrX0_HEpNP.webp (reused cache entry) (+1ms) (1210/4121)
09:05:08   ▶ /_astro/039-ART9221-Bearbeitet_thumb-1024x732.qfJz8qaU_Z11ezVk.webp (reused cache entry) (+2ms) (1211/4121)
09:05:08   ▶ /_astro/030-ART_4957-Bearbeitet_web-1024x682.Y5XP3S8M_Z2eMNEj.webp (reused cache entry) (+2ms) (1212/4121)
09:05:08   ▶ /_astro/042-ART8795-Bearbeitet_thumb-684x1024.2YBgFhMd_bWhL6.webp (reused cache entry) (+2ms) (1213/4121)
09:05:08   ▶ /_astro/036-freisteller_thumb-1-1024x622.bsppk7TX_Z1LujBH.webp (reused cache entry) (+2ms) (1214/4121)
09:05:08   ▶ /_astro/040-ART1469-Bearbeitet_thumb-684x1024.0YvYqupz_Z11PhNf.webp (reused cache entry) (+2ms) (1215/4121)
09:05:08   ▶ /_astro/038-ART1074-Bearbeitet_web-684x1024.TqxDWrtp_Z17c1y4.webp (reused cache entry) (+1ms) (1216/4121)
09:05:08   ▶ /_astro/037-ART_6629-Bearbeitet-819x1024.DlXTMoHR_ZP9skL.webp (reused cache entry) (+2ms) (1217/4121)
09:05:08   ▶ /_astro/033-IMG_5470-1024x682.D-xl9cFj_20gSp0.webp (reused cache entry) (+2ms) (1218/4121)
09:05:08   ▶ /_astro/044-ART8860-Bearbeitet_thumb-1024x684.Cl40sJhe_Z20Bpot.webp (reused cache entry) (+2ms) (1219/4121)
09:05:08   ▶ /_astro/043-ART_0314-Bearbeitet-683x1024.lSc1FSot_ZOL2BB.webp (reused cache entry) (+2ms) (1220/4121)
09:05:08   ▶ /_astro/041-ART_5539-Bearbeitet_thumb-1024x684.DLBrnrX0_ZLlwW4.webp (reused cache entry) (+2ms) (1221/4121)
09:05:08   ▶ /_astro/035-ART_4265-Bearbeitet-2_web-1024x683.Cv5dMK29_1hzss0.webp (reused cache entry) (+2ms) (1222/4121)
09:05:08   ▶ /_astro/045-ART1686-Bearbeitet_thumb-1024x684.BDYCOMhE_ZoDUC4.webp (reused cache entry) (+1ms) (1223/4121)
09:05:08   ▶ /_astro/039-ART9221-Bearbeitet_thumb-1024x732.qfJz8qaU_ZJMtQ9.webp (reused cache entry) (+2ms) (1224/4121)
09:05:08   ▶ /_astro/042-ART8795-Bearbeitet_thumb-684x1024.2YBgFhMd_t9mf7.webp (reused cache entry) (+2ms) (1225/4121)
09:05:08   ▶ /_astro/040-ART1469-Bearbeitet_thumb-684x1024.0YvYqupz_Z1MOK3S.webp (reused cache entry) (+1ms) (1226/4121)
09:05:08   ▶ /_astro/046-WhatsApp-Image-2020-08-16-at-12.08.46-684x1024.D8h2UtLl_Z2iMwaT.webp (reused cache entry) (+1ms) (1227/4121)
09:05:08   ▶ /_astro/047-ART_4001-HF-Bearbeitet_web-1-732x1024.ATTnHHap_Hni1w.webp (reused cache entry) (+1ms) (1228/4121)
09:05:08   ▶ /_astro/036-freisteller_thumb-1-1024x622.bsppk7TX_Z1cmq1S.webp (reused cache entry) (+2ms) (1229/4121)
09:05:08   ▶ /_astro/048-ART4394-Bearbeitet-2_web-1024x684.BNv_-OIg_2ejI6h.webp (reused cache entry) (+1ms) (1230/4121)
09:05:08   ▶ /_astro/044-ART8860-Bearbeitet_thumb-1024x684.Cl40sJhe_ZhuLT0.webp (reused cache entry) (+1ms) (1231/4121)
09:05:08   ▶ /_astro/043-ART_0314-Bearbeitet-683x1024.lSc1FSot_2mkwuz.webp (reused cache entry) (+2ms) (1232/4121)
09:05:08   ▶ /_astro/049-ART1590-Bearbeitet_thumb-684x1024.B_bbCgqN_1JYSin.webp (reused cache entry) (+1ms) (1233/4121)
09:05:08   ▶ /_astro/041-ART_5539-Bearbeitet_thumb-1024x684.DLBrnrX0_1fdREM.webp (reused cache entry) (+2ms) (1234/4121)
09:05:08   ▶ /_astro/045-ART1686-Bearbeitet_thumb-1024x684.BDYCOMhE_1jrGRp.webp (reused cache entry) (+1ms) (1235/4121)
09:05:08   ▶ /_astro/042-ART8795-Bearbeitet_thumb-684x1024.2YBgFhMd_ZhP60w.webp (reused cache entry) (+2ms) (1236/4121)
09:05:08   ▶ /_astro/050-ART0591-Bearbeitet_thumb-684x1024.UNUJeyGO_Z1pG7eq.webp (reused cache entry) (+1ms) (1237/4121)
09:05:08   ▶ /_astro/039-ART9221-Bearbeitet_thumb-1024x732.qfJz8qaU_Z2wD0Hc.webp (reused cache entry) (+2ms) (1238/4121)
09:05:08   ▶ /_astro/046-WhatsApp-Image-2020-08-16-at-12.08.46-684x1024.D8h2UtLl_1xEeyo.webp (reused cache entry) (+1ms) (1239/4121)
09:05:08   ▶ /_astro/051-ART_0912-Bearbeitet_web-1-732x1024.DzSBcw6R_ZXfG2z.webp (reused cache entry) (+1ms) (1240/4121)
09:05:08   ▶ /_astro/048-ART4394-Bearbeitet-2_web-1024x684.BNv_-OIg_Z17KMdb.webp (reused cache entry) (+1ms) (1241/4121)
09:05:08   ▶ /_astro/044-ART8860-Bearbeitet_thumb-1024x684.Cl40sJhe_Z2pCql7.webp (reused cache entry) (+1ms) (1242/4121)
09:05:08   ▶ /_astro/047-ART_4001-HF-Bearbeitet_web-1-732x1024.ATTnHHap_1HnwNI.webp (reused cache entry) (+2ms) (1243/4121)
09:05:08   ▶ /_astro/043-ART_0314-Bearbeitet-683x1024.lSc1FSot_1Fqjnh.webp (reused cache entry) (+1ms) (1244/4121)
09:05:08   ▶ /_astro/049-ART1590-Bearbeitet_thumb-684x1024.B_bbCgqN_22bWLo.webp (reused cache entry) (+7ms) (1245/4121)
09:05:08   ▶ /_astro/045-ART1686-Bearbeitet_thumb-1024x684.BDYCOMhE_ZNEVyH.webp (reused cache entry) (+7ms) (1246/4121)
09:05:08   ▶ /_astro/041-ART_5539-Bearbeitet_thumb-1024x684.DLBrnrX0_1jKWi2.webp (reused cache entry) (+7ms) (1247/4121)
09:05:08   ▶ /_astro/052-K1600_K1600_ART_2275-Bearbeitet_print-Kopie-819x1024.4Cb5pR3y_Z20ynnF.webp (reused cache entry) (+7ms) (1248/4121)
09:05:08   ▶ /_astro/053-ART_0927-Bearbeitet_web-1-732x1024.CW0x7gtP_1GnuOw.webp (reused cache entry) (+7ms) (1249/4121)
09:05:08   ▶ /_astro/051-ART_0912-Bearbeitet_web-1-732x1024.DzSBcw6R_c5x97.webp (reused cache entry) (+7ms) (1250/4121)
09:05:08   ▶ /_astro/050-ART0591-Bearbeitet_thumb-684x1024.UNUJeyGO_Z18u2Kp.webp (reused cache entry) (+7ms) (1251/4121)
09:05:08   ▶ /_astro/046-WhatsApp-Image-2020-08-16-at-12.08.46-684x1024.D8h2UtLl_Z10AelW.webp (reused cache entry) (+7ms) (1252/4121)
09:05:08   ▶ /_astro/048-ART4394-Bearbeitet-2_web-1024x684.BNv_-OIg_1OiH9D.webp (reused cache entry) (+7ms) (1253/4121)
09:05:08   ▶ /_astro/044-ART8860-Bearbeitet_thumb-1024x684.Cl40sJhe_ZjH9E.webp (reused cache entry) (+7ms) (1254/4121)
09:05:08   ▶ /_astro/054-ART_0964-Bearbeitet_web-1-684x1024.CHAF8fKO_2muJyL.webp (reused cache entry) (+7ms) (1255/4121)
09:05:08   ▶ /_astro/049-ART1590-Bearbeitet_thumb-684x1024.B_bbCgqN_1gcuvK.webp (reused cache entry) (+2ms) (1256/4121)
09:05:08   ▶ /_astro/047-ART_4001-HF-Bearbeitet_web-1-732x1024.ATTnHHap_Z235z3q.webp (reused cache entry) (+8ms) (1257/4121)
09:05:08   ▶ /_astro/055-ART_1009-Bearbeitet_web-1-732x1024.Ct37j9b__1a0Fuj.webp (reused cache entry) (+2ms) (1258/4121)
09:05:08   ▶ /_astro/045-ART1686-Bearbeitet_thumb-1024x684.BDYCOMhE_Z14A1fi.webp (reused cache entry) (+2ms) (1259/4121)
09:05:08   ▶ /_astro/053-ART_0927-Bearbeitet_web-1-732x1024.CW0x7gtP_Z2dsoMI.webp (reused cache entry) (+2ms) (1260/4121)
09:05:08   ▶ /_astro/051-ART_0912-Bearbeitet_web-1-732x1024.DzSBcw6R_Z1IGXC.webp (reused cache entry) (+2ms) (1261/4121)
09:05:08   ▶ /_astro/052-K1600_K1600_ART_2275-Bearbeitet_print-Kopie-819x1024.4Cb5pR3y_Z1Vx4L4.webp (reused cache entry) (+2ms) (1262/4121)
09:05:08   ▶ /_astro/056-ART_1306-Bearbeitet_web-1-684x1024.ltr8qYyp_2SFMx.webp (reused cache entry) (+2ms) (1263/4121)
09:05:08   ▶ /_astro/050-ART0591-Bearbeitet_thumb-684x1024.UNUJeyGO_Z1Ttv13.webp (reused cache entry) (+2ms) (1264/4121)
09:05:08   ▶ /_astro/057-ART_1460-Bearbeitet_web-1-1024x684.Bv8XpuGE_Z2raLkD.webp (reused cache entry) (+2ms) (1265/4121)
09:05:08   ▶ /_astro/048-ART4394-Bearbeitet-2_web-1024x684.BNv_-OIg_ZCs8Nz.webp (reused cache entry) (+2ms) (1266/4121)
09:05:08   ▶ /_astro/058-ART_6745-Bearbeitet_web-1024x684.CyUkxtYQ_Z7rzFa.webp (reused cache entry) (+2ms) (1267/4121)
09:05:08   ▶ /_astro/059-ART_6250-Bearbeitet_web-684x1024.Bl0NczoZ_ZPPpgE.webp (reused cache entry) (+2ms) (1268/4121)
09:05:08   ▶ /_astro/054-ART_0964-Bearbeitet_web-1-684x1024.CHAF8fKO_1X2Mq3.webp (reused cache entry) (+2ms) (1269/4121)
09:05:08   ▶ /_astro/060-ART_6290-Bearbeitet_web-1024x684.B_CAULZE_8lew.webp (reused cache entry) (+2ms) (1270/4121)
09:05:08   ▶ /_astro/055-ART_1009-Bearbeitet_web-1-732x1024.Ct37j9b__2klTG0.webp (reused cache entry) (+2ms) (1271/4121)
09:05:08   ▶ /_astro/061-seesonne-1024x683.DEyeSPID_1YxsWa.webp (reused cache entry) (+3ms) (1272/4121)
09:05:08   ▶ /_astro/053-ART_0927-Bearbeitet_web-1-732x1024.CW0x7gtP_Z2rhDUs.webp (reused cache entry) (+3ms) (1273/4121)
09:05:08   ▶ /_astro/056-ART_1306-Bearbeitet_web-1-684x1024.ltr8qYyp_Zlyglb.webp (reused cache entry) (+3ms) (1274/4121)
09:05:08   ▶ /_astro/062-ART_1557-Bearbeitet_thumb-683x1024.B8dUGOno_13JHVB.webp (reused cache entry) (+3ms) (1275/4121)
09:05:08   ▶ /_astro/057-ART_1460-Bearbeitet_web-1-1024x684.Bv8XpuGE_190oHo.webp (reused cache entry) (+3ms) (1276/4121)
09:05:08   ▶ /_astro/052-K1600_K1600_ART_2275-Bearbeitet_print-Kopie-819x1024.4Cb5pR3y_1bJy12.webp (reused cache entry) (+3ms) (1277/4121)
09:05:08   ▶ /_astro/063-ART_9737-Bearbeitet-Bearbeitet_thumb-1024x684.CI5zxu1I_Z2oDliC.webp (reused cache entry) (+3ms) (1278/4121)
09:05:08   ▶ /_astro/058-ART_6745-Bearbeitet_web-1024x684.CyUkxtYQ_2m0wFx.webp (reused cache entry) (+3ms) (1279/4121)
09:05:08   ▶ /_astro/060-ART_6290-Bearbeitet_web-1024x684.B_CAULZE_2tAsAe.webp (reused cache entry) (+3ms) (1280/4121)
09:05:08   ▶ /_astro/054-ART_0964-Bearbeitet_web-1-684x1024.CHAF8fKO_2mjCbf.webp (reused cache entry) (+3ms) (1281/4121)
09:05:08   ▶ /_astro/059-ART_6250-Bearbeitet_web-684x1024.Bl0NczoZ_1zLHW8.webp (reused cache entry) (+3ms) (1282/4121)
09:05:08   ▶ /_astro/055-ART_1009-Bearbeitet_web-1-732x1024.Ct37j9b__26wEyg.webp (reused cache entry) (+3ms) (1283/4121)
09:05:08   ▶ /_astro/061-seesonne-1024x683.DEyeSPID_1ceN7j.webp (reused cache entry) (+1ms) (1284/4121)
09:05:08   ▶ /_astro/064-ART_9712-Bearbeitet-Bearbeitet_web-684x1024.DTKNaCCR_ZNpClk.webp (reused cache entry) (+1ms) (1285/4121)
09:05:08   ▶ /_astro/056-ART_1306-Bearbeitet_web-1-684x1024.ltr8qYyp_2Hyp1.webp (reused cache entry) (+1ms) (1286/4121)
09:05:08   ▶ /_astro/057-ART_1460-Bearbeitet_web-1-1024x684.Bv8XpuGE_Z1TBjtG.webp (reused cache entry) (+1ms) (1287/4121)
09:05:08   ▶ /_astro/065-ART_5722-Bearbeitet-2_thumb-684x1024.Cz7J7Ya7_Z1l4bS3.webp (reused cache entry) (+1ms) (1288/4121)
09:05:08   ▶ /_astro/062-ART_1557-Bearbeitet_thumb-683x1024.B8dUGOno_Z2i5qg1.webp (reused cache entry) (+2ms) (1289/4121)
09:05:08   ▶ /_astro/063-ART_9737-Bearbeitet-Bearbeitet_thumb-1024x684.CI5zxu1I_Z1Wk4Cl.webp (reused cache entry) (+1ms) (1290/4121)
09:05:08   ▶ /_astro/066-ART_5551-Bearbeitet-2_thumb-2-684x1024.DBqMXDh8_ZVuEdG.webp (reused cache entry) (+1ms) (1291/4121)
09:05:08   ▶ /_astro/060-ART_6290-Bearbeitet_web-1024x684.B_CAULZE_Z1pLjIv.webp (reused cache entry) (+1ms) (1292/4121)
09:05:08   ▶ /_astro/058-ART_6745-Bearbeitet_web-1024x684.CyUkxtYQ_Z1xmfDc.webp (reused cache entry) (+2ms) (1293/4121)
09:05:08   ▶ /_astro/067-ART4483-Bearbeitet_thumb-684x1024.C5u3lO57_166UVA.webp (reused cache entry) (+1ms) (1294/4121)
09:05:08   ▶ /_astro/059-ART_6250-Bearbeitet_web-684x1024.Bl0NczoZ_Lu1kO.webp (reused cache entry) (+2ms) (1295/4121)
09:05:08   ▶ /_astro/061-seesonne-1024x683.DEyeSPID_ZkcTfj.webp (reused cache entry) (+1ms) (1296/4121)
09:05:08   ▶ /_astro/068-ART_6727-Bearbeitet-1024x683.C1zR20kj_20MmEH.webp (reused cache entry) (+1ms) (1297/4121)
09:05:08   ▶ /_astro/057-ART_1460-Bearbeitet_web-1-1024x684.Bv8XpuGE_Z3ssWW.webp (reused cache entry) (+1ms) (1298/4121)
09:05:08   ▶ /_astro/064-ART_9712-Bearbeitet-Bearbeitet_web-684x1024.DTKNaCCR_1V4zMd.webp (reused cache entry) (+2ms) (1299/4121)
09:05:08   ▶ /_astro/065-ART_5722-Bearbeitet-2_thumb-684x1024.Cz7J7Ya7_2fdSWD.webp (reused cache entry) (+1ms) (1300/4121)
09:05:08   ▶ /_astro/066-ART_5551-Bearbeitet-2_thumb-2-684x1024.DBqMXDh8_Z1DfJwz.webp (reused cache entry) (+1ms) (1301/4121)
09:05:08   ▶ /_astro/062-ART_1557-Bearbeitet_thumb-683x1024.B8dUGOno_h085.webp (reused cache entry) (+2ms) (1302/4121)
09:05:08   ▶ /_astro/063-ART_9737-Bearbeitet-Bearbeitet_thumb-1024x684.CI5zxu1I_26nYH6.webp (reused cache entry) (+2ms) (1303/4121)
09:05:08   ▶ /_astro/060-ART_6290-Bearbeitet_web-1024x684.B_CAULZE_Z221WT5.webp (reused cache entry) (+1ms) (1304/4121)
09:05:08   ▶ /_astro/069-ART_5410-Bearbeitet_thumb-1-1024x684.CFCl-YVc_Z1uKTox.webp (reused cache entry) (+1ms) (1305/4121)
09:05:08   ▶ /_astro/058-ART_6745-Bearbeitet_web-1024x684.CyUkxtYQ_ZN5Jnu.webp (reused cache entry) (+2ms) (1306/4121)
09:05:08   ▶ /_astro/061-seesonne-1024x683.DEyeSPID_ZCt6I.webp (reused cache entry) (+1ms) (1307/4121)
09:05:08   ▶ /_astro/068-ART_6727-Bearbeitet-1024x683.C1zR20kj_Z1nGjFF.webp (reused cache entry) (+1ms) (1308/4121)
09:05:08   ▶ /_astro/067-ART4483-Bearbeitet_thumb-684x1024.C5u3lO57_1nj0pB.webp (reused cache entry) (+2ms) (1309/4121)
09:05:08   ▶ /_astro/070-ART_1474-Bearbeitet_web-819x1024.B3MkmKCD_Z2bjSQx.webp (reused cache entry) (+1ms) (1310/4121)
09:05:08   ▶ /_astro/064-ART_9712-Bearbeitet-Bearbeitet_web-684x1024.DTKNaCCR_yitwN.webp (reused cache entry) (+2ms) (1311/4121)
09:05:08   ▶ /_astro/066-ART_5551-Bearbeitet-2_thumb-2-684x1024.DBqMXDh8_Z1wdDRJ.webp (reused cache entry) (+1ms) (1312/4121)
09:05:08   ▶ /_astro/071-K1600_ART_2594-Bearbeitet-Bearbeitet_web-Kopie-768x1024.BzVxjN9d_Z1l08iC.webp (reused cache entry) (+1ms) (1313/4121)
09:05:08   ▶ /_astro/065-ART_5722-Bearbeitet-2_thumb-684x1024.Cz7J7Ya7_2b6HFa.webp (reused cache entry) (+2ms) (1314/4121)
09:05:08   ▶ /_astro/072-K1600_ART_2275_web-1-683x1024.CYWC92eb_Z1gUBjP.webp (reused cache entry) (+1ms) (1315/4121)
09:05:08   ▶ /_astro/069-ART_5410-Bearbeitet_thumb-1-1024x684.CFCl-YVc_15J6zl.webp (reused cache entry) (+1ms) (1316/4121)
09:05:08   ▶ /_astro/063-ART_9737-Bearbeitet-Bearbeitet_thumb-1024x684.CI5zxu1I_ZFd3Dm.webp (reused cache entry) (+2ms) (1317/4121)
09:05:08   ▶ /_astro/074-ART_2542-Bearbeitet_web-684x1024.BjJrAAD__ZyFK8S.webp (reused cache entry) (+1ms) (1318/4121)
09:05:08   ▶ /_astro/073-K1600_ART_2082-Bearbeitet_print-1-683x1024.BlQe1Soa_1PT27y.webp (reused cache entry) (+1ms) (1319/4121)
09:05:08   ▶ /_astro/068-ART_6727-Bearbeitet-1024x683.C1zR20kj_1lUsfF.webp (reused cache entry) (+1ms) (1320/4121)
09:05:08   ▶ /_astro/075-ART_5501_thumb-1024x684.CbVFHqy2_Z1PbJYb.webp (reused cache entry) (+1ms) (1321/4121)
09:05:08   ▶ /_astro/067-ART4483-Bearbeitet_thumb-684x1024.C5u3lO57_Bjx9X.webp (reused cache entry) (+2ms) (1322/4121)
09:05:08   ▶ /_astro/076-ART_1982-Bearbeitet_thumb-1024x684.C64kpS1X_2f8fYS.webp (reused cache entry) (+1ms) (1323/4121)
09:05:08   ▶ /_astro/070-ART_1474-Bearbeitet_web-819x1024.B3MkmKCD_1BXTPz.webp (reused cache entry) (+2ms) (1324/4121)
09:05:08   ▶ /_astro/077-ART_4209-Bearbeitet_web-683x1024.xQb1d67N_ZHSCGz.webp (reused cache entry) (+1ms) (1325/4121)
09:05:08   ▶ /_astro/071-K1600_ART_2594-Bearbeitet-Bearbeitet_web-Kopie-768x1024.BzVxjN9d_Z2lQrqG.webp (reused cache entry) (+2ms) (1326/4121)
09:05:08   ▶ /_astro/072-K1600_ART_2275_web-1-683x1024.CYWC92eb_2hqxvD.webp (reused cache entry) (+1ms) (1327/4121)
09:05:08   ▶ /_astro/069-ART_5410-Bearbeitet_thumb-1-1024x684.CFCl-YVc_ZeXJY5.webp (reused cache entry) (+2ms) (1328/4121)
09:05:08   ▶ /_astro/074-ART_2542-Bearbeitet_web-684x1024.BjJrAAD__1QVn4T.webp (reused cache entry) (+1ms) (1329/4121)
09:05:08   ▶ /_astro/078-ART_5643-Bearbeitet-Bearbeitet_thumb-684x1024.BsWImO36_Z2cKV4I.webp (reused cache entry) (+2ms) (1330/4121)
09:05:08   ▶ /_astro/079-ART_4257_web-1024x683.CQDg4GAI_1VGmQL.webp (reused cache entry) (+1ms) (1331/4121)
09:05:08   ▶ /_astro/075-ART_5501_thumb-1024x684.CbVFHqy2_ZAQIMv.webp (reused cache entry) (+1ms) (1332/4121)
09:05:08   ▶ /_astro/068-ART_6727-Bearbeitet-1024x683.C1zR20kj_Z2exKSH.webp (reused cache entry) (+2ms) (1333/4121)
09:05:08   ▶ /_astro/073-K1600_ART_2082-Bearbeitet_print-1-683x1024.BlQe1Soa_Z1HLCta.webp (reused cache entry) (+2ms) (1334/4121)
09:05:08   ▶ /_astro/076-ART_1982-Bearbeitet_thumb-1024x684.C64kpS1X_K7idY.webp (reused cache entry) (+2ms) (1335/4121)
09:05:08   ▶ /_astro/077-ART_4209-Bearbeitet_web-683x1024.xQb1d67N_yNYTg.webp (reused cache entry) (+2ms) (1336/4121)
09:05:08   ▶ /_astro/070-ART_1474-Bearbeitet_web-819x1024.B3MkmKCD_Z1Uthup.webp (reused cache entry) (+2ms) (1337/4121)
09:05:08   ▶ /_astro/071-K1600_ART_2594-Bearbeitet-Bearbeitet_web-Kopie-768x1024.BzVxjN9d_ZFxKU5.webp (reused cache entry) (+2ms) (1338/4121)
09:05:08   ▶ /_astro/074-ART_2542-Bearbeitet_web-684x1024.BjJrAAD__13DFsA.webp (reused cache entry) (+2ms) (1339/4121)
09:05:08   ▶ /_astro/072-K1600_ART_2275_web-1-683x1024.CYWC92eb_daYre.webp (reused cache entry) (+2ms) (1340/4121)
09:05:08   ▶ /_astro/069-ART_5410-Bearbeitet_thumb-1-1024x684.CFCl-YVc_hVkq5.webp (reused cache entry) (+2ms) (1341/4121)
09:05:08   ▶ /_astro/079-ART_4257_web-1024x683.CQDg4GAI_ZNxMji.webp (reused cache entry) (+2ms) (1342/4121)
09:05:08   ▶ /_astro/078-ART_5643-Bearbeitet-Bearbeitet_thumb-684x1024.BsWImO36_ZgwQkW.webp (reused cache entry) (+2ms) (1343/4121)
09:05:08   ▶ /_astro/080-ART_0593-Bearbeitet-683x1024.CMWON7Qi_Z1e4dsN.webp (reused cache entry) (+2ms) (1344/4121)
09:05:08   ▶ /_astro/075-ART_5501_thumb-1024x684.CbVFHqy2_Z1ltdEt.webp (reused cache entry) (+2ms) (1345/4121)
09:05:08   ▶ /_astro/081-ART_1383-Bearbeitet-683x1024.wQGVW4MT_PkbFz.webp (reused cache entry) (+2ms) (1346/4121)
09:05:08   ▶ /_astro/077-ART_4209-Bearbeitet_web-683x1024.xQb1d67N_Go3js.webp (reused cache entry) (+2ms) (1347/4121)
09:05:08   ▶ /_astro/073-K1600_ART_2082-Bearbeitet_print-1-683x1024.BlQe1Soa_JUsHm.webp (reused cache entry) (+2ms) (1348/4121)
09:05:08   ▶ /_astro/076-ART_1982-Bearbeitet_thumb-1024x684.C64kpS1X_Z2iupX6.webp (reused cache entry) (+2ms) (1349/4121)
09:05:08   ▶ /_astro/ART_7996-Bearbeitet.KRkqikMp_Z1CcIck.webp (reused cache entry) (+1ms) (1350/4121)
09:05:08   ▶ /_astro/082-ART_3818-Bearbeitet_web-683x1024.DX5iHAtc_2exKMJ.webp (reused cache entry) (+2ms) (1351/4121)
09:05:08   ▶ /_astro/ART_7714-2.Cx-sLMip_Z1TDhdd.webp (reused cache entry) (+1ms) (1352/4121)
09:05:08   ▶ /_astro/ART_7899-Bearbeitet.CDcuTcYS_Z2opwlE.webp (reused cache entry) (+2ms) (1353/4121)
09:05:08   ▶ /_astro/079-ART_4257_web-1024x683.CQDg4GAI_Z1cO5XX.webp (reused cache entry) (+2ms) (1354/4121)
09:05:08   ▶ /_astro/080-ART_0593-Bearbeitet-683x1024.CMWON7Qi_1X2lDn.webp (reused cache entry) (+2ms) (1355/4121)
09:05:08   ▶ /_astro/078-ART_5643-Bearbeitet-Bearbeitet_thumb-684x1024.BsWImO36_10Nf2H.webp (reused cache entry) (+2ms) (1356/4121)
09:05:08   ▶ /_astro/075-ART_5501_thumb-1024x684.CbVFHqy2_Z1pb1nQ.webp (reused cache entry) (+2ms) (1357/4121)
09:05:08   ▶ /_astro/ART_8311.9TqXfAbW_2nxAUx.webp (reused cache entry) (+1ms) (1358/4121)
09:05:08   ▶ /_astro/ART_7720-Bearbeitet.emAAdD3Q_Z2lTyK1.webp (reused cache entry) (+2ms) (1359/4121)
09:05:08   ▶ /_astro/ART_7996-Bearbeitet.KRkqikMp_Z1UPc0s.webp (reused cache entry) (+1ms) (1360/4121)
09:05:08   ▶ /_astro/081-ART_1383-Bearbeitet-683x1024.wQGVW4MT_Z12Kn1b.webp (reused cache entry) (+2ms) (1361/4121)
09:05:08   ▶ /_astro/076-ART_1982-Bearbeitet_thumb-1024x684.C64kpS1X_Z21ytgM.webp (reused cache entry) (+2ms) (1362/4121)
09:05:08   ▶ /_astro/082-ART_3818-Bearbeitet_web-683x1024.DX5iHAtc_Z1xUJpm.webp (reused cache entry) (+2ms) (1363/4121)
09:05:08   ▶ /_astro/ART_7714-2.Cx-sLMip_1s1MSW.webp (reused cache entry) (+2ms) (1364/4121)
09:05:08   ▶ /_astro/079-ART_4257_web-1024x683.CQDg4GAI_jqjxr.webp (reused cache entry) (+1ms) (1365/4121)
09:05:08   ▶ /_astro/ART_7773-Bearbeitet.eZ80q05Y_Z23JnKF.webp (reused cache entry) (+1ms) (1366/4121)
09:05:08   ▶ /_astro/ART_7899-Bearbeitet.CDcuTcYS_Z1seFeR.webp (reused cache entry) (+2ms) (1367/4121)
09:05:08   ▶ /_astro/080-ART_0593-Bearbeitet-683x1024.CMWON7Qi_1h88w5.webp (reused cache entry) (+2ms) (1368/4121)
09:05:08   ▶ /_astro/ART_8311.9TqXfAbW_Z1rzeRE.webp (reused cache entry) (+1ms) (1369/4121)
09:05:08   ▶ /_astro/ART_8545-Bearbeitet-Bearbeitet.tQZFFSZW_Z1RCbWT.webp (reused cache entry) (+2ms) (1370/4121)
09:05:08   ▶ /_astro/ART_7720-Bearbeitet.emAAdD3Q_pwW0k.webp (reused cache entry) (+1ms) (1371/4121)
09:05:08   ▶ /_astro/ART_7996-Bearbeitet.KRkqikMp_2nhKfe.webp (reused cache entry) (+2ms) (1372/4121)
09:05:08   ▶ /_astro/ART_8308-Bearbeitet.DEpTvFFA_Z10cgv.webp (reused cache entry) (+1ms) (1373/4121)
09:05:08   ▶ /_astro/081-ART_1383-Bearbeitet-683x1024.wQGVW4MT_Z1IEA8t.webp (reused cache entry) (+2ms) (1374/4121)
09:05:08   ▶ /_astro/082-ART_3818-Bearbeitet_web-683x1024.DX5iHAtc_Z1qlG0a.webp (reused cache entry) (+1ms) (1375/4121)
09:05:08   ▶ /_astro/ART_8603-Bearbeitet.DIHeGePR_2arE89.webp (reused cache entry) (+1ms) (1376/4121)
09:05:08   ▶ /_astro/ART_7714-2.Cx-sLMip_207VQb.webp (reused cache entry) (+2ms) (1377/4121)
09:05:08   ▶ /_astro/ART_0044-Bearbeitet.vDOhn8nc_8PqUR.webp (reused cache entry) (+1ms) (1378/4121)
09:05:08   ▶ /_astro/ART_7773-Bearbeitet.eZ80q05Y_qTB4n.webp (reused cache entry) (+2ms) (1379/4121)
09:05:08   ▶ /_astro/ART_7899-Bearbeitet.CDcuTcYS_rENFU.webp (reused cache entry) (+2ms) (1380/4121)
09:05:08   ▶ /_astro/ART_8311.9TqXfAbW_Z2spoDP.webp (reused cache entry) (+2ms) (1381/4121)
09:05:08   ▶ /_astro/ART_7720-Bearbeitet.emAAdD3Q_8Ig7n.webp (reused cache entry) (+2ms) (1382/4121)
09:05:08   ▶ /_astro/ART_8545-Bearbeitet-Bearbeitet.tQZFFSZW_1WM9ma.webp (reused cache entry) (+2ms) (1383/4121)
09:05:08   ▶ /_astro/ART_8622-Bearbeitet.B-GMHmLB_oivCH.webp (reused cache entry) (+2ms) (1384/4121)
09:05:08   ▶ /_astro/ART_8705-Bearbeitet.7RQrgwIN_Zu9LpR.webp (reused cache entry) (+2ms) (1385/4121)
09:05:08   ▶ /_astro/ART_7996-Bearbeitet.KRkqikMp_19TQvh.webp (reused cache entry) (+2ms) (1386/4121)
09:05:08   ▶ /_astro/ART_8308-Bearbeitet.DEpTvFFA_Z2jJOk6.webp (reused cache entry) (+2ms) (1387/4121)
09:05:08   ▶ /_astro/ART_8603-Bearbeitet.DIHeGePR_Z8hWUr.webp (reused cache entry) (+2ms) (1388/4121)
09:05:08   ▶ /_astro/ART_0044-Bearbeitet.vDOhn8nc_Z2qGH31.webp (reused cache entry) (+2ms) (1389/4121)
09:05:08   ▶ /_astro/ART_7773-Bearbeitet.eZ80q05Y_2k0jXa.webp (reused cache entry) (+2ms) (1390/4121)
09:05:08   ▶ /_astro/ART_7714-2.Cx-sLMip_1LNFXr.webp (reused cache entry) (+2ms) (1391/4121)
09:05:08   ▶ /_astro/ART_8311.9TqXfAbW_1NoQPu.webp (reused cache entry) (+2ms) (1392/4121)
09:05:08   ▶ /_astro/ART_7899-Bearbeitet.CDcuTcYS_ZTgQQd.webp (reused cache entry) (+2ms) (1393/4121)
09:05:08   ▶ /_astro/ART_7720-Bearbeitet.emAAdD3Q_ZrDkps.webp (reused cache entry) (+2ms) (1394/4121)
09:05:08   ▶ /_astro/ART_8705-Bearbeitet.7RQrgwIN_1W1xml.webp (reused cache entry) (+2ms) (1395/4121)
09:05:08   ▶ /_astro/ART_8545-Bearbeitet-Bearbeitet.tQZFFSZW_Z2naMFh.webp (reused cache entry) (+2ms) (1396/4121)
09:05:08   ▶ /_astro/ART_8622-Bearbeitet.B-GMHmLB_Z2beClb.webp (reused cache entry) (+2ms) (1397/4121)
09:05:08   ▶ /_astro/ART_7996-Bearbeitet.KRkqikMp_f3kSy.webp (reused cache entry) (+3ms) (1398/4121)
09:05:08   ▶ /_astro/ART_8603-Bearbeitet.DIHeGePR_Zp6DNo.webp (reused cache entry) (+2ms) (1399/4121)
09:05:08   ▶ /_astro/ART_8308-Bearbeitet.DEpTvFFA_2tCCAS.webp (reused cache entry) (+3ms) (1400/4121)
09:05:08   ▶ /_astro/ART_0044-Bearbeitet.vDOhn8nc_ZxAY9e.webp (reused cache entry) (+2ms) (1401/4121)
09:05:08   ▶ /_astro/ART_7773-Bearbeitet.eZ80q05Y_amh5b.webp (reused cache entry) (+3ms) (1402/4121)
09:05:08   ▶ /_astro/ART_7714-2.Cx-sLMip_Z4xMlQ.webp (reused cache entry) (+3ms) (1403/4121)
09:05:08   ▶ /_astro/ART_8311.9TqXfAbW_ZP4aCH.webp (reused cache entry) (+3ms) (1404/4121)
09:05:08   ▶ /_astro/ART_8705-Bearbeitet.7RQrgwIN_Z2tDzxn.webp (reused cache entry) (+2ms) (1405/4121)
09:05:08   ▶ /_astro/ART_7899-Bearbeitet.CDcuTcYS_Z23IDrt.webp (reused cache entry) (+3ms) (1406/4121)
09:05:08   ▶ /_astro/ART_7720-Bearbeitet.emAAdD3Q_Z1luX1V.webp (reused cache entry) (+3ms) (1407/4121)
09:05:08   ▶ /_astro/ART_8638-Bearbeitet.YoQcBI_X_Z12VuSs.webp (reused cache entry) (+2ms) (1408/4121)
09:05:08   ▶ /_astro/ART_8622-Bearbeitet.B-GMHmLB_Zi8Tro.webp (reused cache entry) (+3ms) (1409/4121)
09:05:08   ▶ /_astro/ART_8545-Bearbeitet-Bearbeitet.tQZFFSZW_Z201yxM.webp (reused cache entry) (+3ms) (1410/4121)
09:05:08   ▶ /_astro/ART_8603-Bearbeitet.DIHeGePR_Z2nUjNx.webp (reused cache entry) (+3ms) (1411/4121)
09:05:08   ▶ /_astro/ART_8308-Bearbeitet.DEpTvFFA_XH47d.webp (reused cache entry) (+3ms) (1412/4121)
09:05:08   ▶ /_astro/ART_8690-Bearbeitet.Dfh2OMel_ZFrV01.webp (reused cache entry) (+2ms) (1413/4121)
09:05:08   ▶ /_astro/ART_0044-Bearbeitet.vDOhn8nc_2rYa3N.webp (reused cache entry) (+3ms) (1414/4121)
09:05:08   ▶ /_astro/ART_8696-Bearbeitet.DLNOBTHC_Z2dEO3S.webp (reused cache entry) (+2ms) (1415/4121)
09:05:08   ▶ /_astro/ART_7899-Bearbeitet.CDcuTcYS_100PlX.webp (reused cache entry) (+2ms) (1416/4121)
09:05:08   ▶ /_astro/ART_7773-Bearbeitet.eZ80q05Y_Zc6DIk.webp (reused cache entry) (+3ms) (1417/4121)
09:05:08   ▶ /_astro/ART_8731-Bearbeitet.BIoFGUdq_1DLFLA.webp (reused cache entry) (+2ms) (1418/4121)
09:05:08   ▶ /_astro/ART_8705-Bearbeitet.7RQrgwIN_ZVQgWG.webp (reused cache entry) (+2ms) (1419/4121)
09:05:08   ▶ /_astro/ART_8638-Bearbeitet.YoQcBI_X_1Iv0QS.webp (reused cache entry) (+2ms) (1420/4121)
09:05:08   ▶ /_astro/ART_8622-Bearbeitet.B-GMHmLB_8QgbQ.webp (reused cache entry) (+2ms) (1421/4121)
09:05:08   ▶ /_astro/ART_8603-Bearbeitet.DIHeGePR_1MpbnU.webp (reused cache entry) (+2ms) (1422/4121)
09:05:08   ▶ /_astro/ART_8690-Bearbeitet.Dfh2OMel_1Oc3P2.webp (reused cache entry) (+2ms) (1423/4121)
09:05:08   ▶ /_astro/ART_8308-Bearbeitet.DEpTvFFA_4PquJ.webp (reused cache entry) (+2ms) (1424/4121)
09:05:08   ▶ /_astro/ART_8545-Bearbeitet-Bearbeitet.tQZFFSZW_1Oe7Lx.webp (reused cache entry) (+3ms) (1425/4121)
09:05:08   ▶ /_astro/ART_8785-Bearbeitet.Br_Vh2aw_Z1UyFbC.webp (reused cache entry) (+2ms) (1426/4121)
09:05:08   ▶ /_astro/ART_7899-Bearbeitet.CDcuTcYS_1NE8Qn.webp (reused cache entry) (+2ms) (1427/4121)
09:05:08   ▶ /_astro/ART_8696-Bearbeitet.DLNOBTHC_xLGGs.webp (reused cache entry) (+2ms) (1428/4121)
09:05:08   ▶ /_astro/ART_8731-Bearbeitet.BIoFGUdq_ZDWVh0.webp (reused cache entry) (+2ms) (1429/4121)
09:05:08   ▶ /_astro/ART_8638-Bearbeitet.YoQcBI_X_1rGjXV.webp (reused cache entry) (+2ms) (1430/4121)
09:05:08   ▶ /_astro/ART_0044-Bearbeitet.vDOhn8nc_25vefi.webp (reused cache entry) (+3ms) (1431/4121)
09:05:08   ▶ /_astro/ART_8705-Bearbeitet.7RQrgwIN_Z1tMWka.webp (reused cache entry) (+3ms) (1432/4121)
09:05:08   ▶ /_astro/ART_8884-Bearbeitet.oHDGunfU_ihEdV.webp (reused cache entry) (+2ms) (1433/4121)
09:05:08   ▶ /_astro/ART_0799-de-Bearbeitet.oZoIH0dd_8bPWF.webp (reused cache entry) (+2ms) (1434/4121)
09:05:08   ▶ /_astro/ART_9787-Bearbeitet-Bearbeitet.DS4XCFYd_1j8jm5.webp (reused cache entry) (+2ms) (1435/4121)
09:05:08   ▶ /_astro/ART_8622-Bearbeitet.B-GMHmLB_ZdBEBE.webp (reused cache entry) (+3ms) (1436/4121)
09:05:08   ▶ /_astro/ART_8690-Bearbeitet.Dfh2OMel_Z1mTm57.webp (reused cache entry) (+2ms) (1437/4121)
09:05:08   ▶ /_astro/ART_8785-Bearbeitet.Br_Vh2aw_z5jDq.webp (reused cache entry) (+2ms) (1438/4121)
09:05:08   ▶ /_astro/ART_7899-Bearbeitet.CDcuTcYS_Z1OUczi.webp (reused cache entry) (+2ms) (1439/4121)
09:05:08   ▶ /_astro/ART_8696-Bearbeitet.DLNOBTHC_gX0Nv.webp (reused cache entry) (+2ms) (1440/4121)
09:05:08   ▶ /_astro/ART_8731-Bearbeitet.BIoFGUdq_ZULC9W.webp (reused cache entry) (+2ms) (1441/4121)
09:05:08   ▶ /_astro/ART_9950-Bearbeitet.DU71GSkT_Z1RdluT.webp (reused cache entry) (+2ms) (1442/4121)
09:05:08   ▶ /_astro/ART_8638-Bearbeitet.YoQcBI_X_ZudwfE.webp (reused cache entry) (+2ms) (1443/4121)
09:05:08   ▶ /_astro/ART_9892-Bearbeitet.CsThpsLf_9Jn1Q.webp (reused cache entry) (+2ms) (1444/4121)
09:05:08   ▶ /_astro/ART_8884-Bearbeitet.oHDGunfU_Z20rWOE.webp (reused cache entry) (+2ms) (1445/4121)
09:05:08   ▶ /_astro/ART_9968-Bearbeitet-Bearbeitet.BxqKRvwW_1WqE03.webp (reused cache entry) (+1ms) (1446/4121)
09:05:08   ▶ /_astro/ART_9787-Bearbeitet-Bearbeitet.DS4XCFYd_Z1Lfy5j.webp (reused cache entry) (+2ms) (1447/4121)
09:05:08   ▶ /_astro/ART_0799-de-Bearbeitet.oZoIH0dd_ZBI90d.webp (reused cache entry) (+2ms) (1448/4121)
09:05:08   ▶ /_astro/ART_8690-Bearbeitet.Dfh2OMel_2jDef2.webp (reused cache entry) (+2ms) (1449/4121)
09:05:08   ▶ /_astro/ART_8785-Bearbeitet.Br_Vh2aw_2sb2xd.webp (reused cache entry) (+2ms) (1450/4121)
09:05:08   ▶ /_astro/ART_9950-Bearbeitet.DU71GSkT_CqDk9.webp (reused cache entry) (+2ms) (1451/4121)
09:05:08   ▶ /_astro/ART_8696-Bearbeitet.DLNOBTHC_Z1llfOk.webp (reused cache entry) (+2ms) (1452/4121)
09:05:08   ▶ /_astro/ART_7899-Bearbeitet.CDcuTcYS_Z2qdati.webp (reused cache entry) (+2ms) (1453/4121)
09:05:08   ▶ /_astro/ART_8731-Bearbeitet.BIoFGUdq_1Q35uU.webp (reused cache entry) (+2ms) (1454/4121)
09:05:08   ▶ /_astro/ART_9892-Bearbeitet.CsThpsLf_Z290f1J.webp (reused cache entry) (+2ms) (1455/4121)
09:05:08   ▶ /_astro/ART_9968-Bearbeitet-Bearbeitet.BxqKRvwW_Z17Wdrl.webp (reused cache entry) (+2ms) (1456/4121)
09:05:08   ▶ /_astro/ART_8884-Bearbeitet.oHDGunfU_Z2hgDHB.webp (reused cache entry) (+2ms) (1457/4121)
09:05:08   ▶ /_astro/ART_8638-Bearbeitet.YoQcBI_X_Z1o59R8.webp (reused cache entry) (+3ms) (1458/4121)
09:05:08   ▶ /_astro/ART_0799-de-Bearbeitet.oZoIH0dd_Z12jMEi.webp (reused cache entry) (+2ms) (1459/4121)
09:05:08   ▶ /_astro/ART_9787-Bearbeitet-Bearbeitet.DS4XCFYd_BKTeI.webp (reused cache entry) (+2ms) (1460/4121)
09:05:08   ▶ /_astro/ART_8785-Bearbeitet.Br_Vh2aw_ZKnHUe.webp (reused cache entry) (+2ms) (1461/4121)
09:05:08   ▶ /_astro/ART_9950-Bearbeitet.DU71GSkT_2vwmdV.webp (reused cache entry) (+2ms) (1462/4121)
09:05:08   ▶ /_astro/ART_8690-Bearbeitet.Dfh2OMel_1Waiqw.webp (reused cache entry) (+3ms) (1463/4121)
09:05:08   ▶ /_astro/ART_0281-scaled.BwUaCzFf_Z1YvTh1.webp (reused cache entry) (+2ms) (1464/4121)
09:05:08   ▶ /_astro/ART_8696-Bearbeitet.DLNOBTHC_Z2fcSqN.webp (reused cache entry) (+3ms) (1465/4121)
09:05:08   ▶ /_astro/ART_9892-Bearbeitet.CsThpsLf_Z2pNUTG.webp (reused cache entry) (+2ms) (1466/4121)
09:05:08   ▶ /_astro/ART_8731-Bearbeitet.BIoFGUdq_WbrSr.webp (reused cache entry) (+3ms) (1467/4121)
09:05:08   ▶ /_astro/ART_9968-Bearbeitet-Bearbeitet.BxqKRvwW_1g4eRG.webp (reused cache entry) (+2ms) (1468/4121)
09:05:08   ▶ /_astro/ART_0289-scaled._xlSYd1R_Zzb0nt.webp (reused cache entry) (+2ms) (1469/4121)
09:05:08   ▶ /_astro/ART_8884-Bearbeitet.oHDGunfU_BnrW4.webp (reused cache entry) (+3ms) (1470/4121)
09:05:08   ▶ /_astro/ART_9950-Bearbeitet.DU71GSkT_Vrhh8.webp (reused cache entry) (+2ms) (1471/4121)
09:05:08   ▶ /_astro/ART_0799-de-Bearbeitet.oZoIH0dd_1F7COU.webp (reused cache entry) (+3ms) (1472/4121)
09:05:08   ▶ /_astro/ART_9787-Bearbeitet-Bearbeitet.DS4XCFYd_1JVxWv.webp (reused cache entry) (+3ms) (1473/4121)
09:05:08   ▶ /_astro/ART_8785-Bearbeitet.Br_Vh2aw_Z17QDIJ.webp (reused cache entry) (+2ms) (1474/4121)
09:05:08   ▶ /_astro/ART_0222-scaled.C6z5hA70_1rcicp.webp (reused cache entry) (+2ms) (1475/4121)
09:05:08   ▶ /_astro/ART_0247-scaled.BtjnGaKF_ui1cw.webp (reused cache entry) (+2ms) (1476/4121)
09:05:08   ▶ /_astro/ART_0281-scaled.BwUaCzFf_3UiOo.webp (reused cache entry) (+2ms) (1477/4121)
09:05:08   ▶ /_astro/ART_0211-scaled.BBpBcM5k_1d7pzQ.webp (reused cache entry) (+2ms) (1478/4121)
09:05:08   ▶ /_astro/ART_9892-Bearbeitet.CsThpsLf_1lEQCs.webp (reused cache entry) (+2ms) (1479/4121)
09:05:08   ▶ /_astro/ART_0289-scaled._xlSYd1R_1dcoem.webp (reused cache entry) (+2ms) (1480/4121)
09:05:08   ▶ /_astro/ART_9968-Bearbeitet-Bearbeitet.BxqKRvwW_1nsstK.webp (reused cache entry) (+2ms) (1481/4121)
09:05:08   ▶ /_astro/ART_8884-Bearbeitet.oHDGunfU_ZhtaEp.webp (reused cache entry) (+2ms) (1482/4121)
09:05:08   ▶ /_astro/ART_9950-Bearbeitet.DU71GSkT_yXlsC.webp (reused cache entry) (+2ms) (1483/4121)
09:05:08   ▶ /_astro/ART_0236-scaled.CJObl8mV_ZdQAXP.webp (reused cache entry) (+2ms) (1484/4121)
09:05:08   ▶ /_astro/ART_0799-de-Bearbeitet.oZoIH0dd_ZUASCF.webp (reused cache entry) (+2ms) (1485/4121)
09:05:08   ▶ /_astro/ART_9787-Bearbeitet-Bearbeitet.DS4XCFYd_Zbi9Y5.webp (reused cache entry) (+2ms) (1486/4121)
09:05:08   ▶ /_astro/ART_0222-scaled.C6z5hA70_Z1PBqYG.webp (reused cache entry) (+2ms) (1487/4121)
09:05:08   ▶ /_astro/ART_0247-scaled.BtjnGaKF_2hFpOm.webp (reused cache entry) (+2ms) (1488/4121)
09:05:08   ▶ /_astro/ART_0211-scaled.BBpBcM5k_Z24GjBf.webp (reused cache entry) (+2ms) (1489/4121)
09:05:08   ▶ /_astro/ART_0281-scaled.BwUaCzFf_jSbLd.webp (reused cache entry) (+2ms) (1490/4121)
09:05:08   ▶ /_astro/ART_9892-Bearbeitet.CsThpsLf_rNe0Y.webp (reused cache entry) (+2ms) (1491/4121)
09:05:08   ▶ /_astro/ART_0289-scaled._xlSYd1R_ZvV1SJ.webp (reused cache entry) (+2ms) (1492/4121)
09:05:08   ▶ /_astro/ART_5547-Bearbeitet.CtCut2UB_VPVzj.webp (reused cache entry) (+2ms) (1493/4121)
09:05:08   ▶ /_astro/ART_9968-Bearbeitet-Bearbeitet.BxqKRvwW_ZxLfrP.webp (reused cache entry) (+3ms) (1494/4121)
09:05:08   ▶ /_astro/ART_5317-Bearbeitet.BwhRDVL6_ZzySVn.webp (reused cache entry) (+2ms) (1495/4121)
09:05:08   ▶ /_astro/ART_4995.B0u8D-j1_1d6wj0.webp (reused cache entry) (+2ms) (1496/4121)
09:05:08   ▶ /_astro/ART_0236-scaled.CJObl8mV_1yvMD0.webp (reused cache entry) (+2ms) (1497/4121)
09:05:08   ▶ /_astro/ART_5105.DsLClWaq_Z3RqfU.webp (reused cache entry) (+2ms) (1498/4121)
09:05:08   ▶ /_astro/ART_0222-scaled.C6z5hA70_1urgG9.webp (reused cache entry) (+2ms) (1499/4121)
09:05:08   ▶ /_astro/ART_0247-scaled.BtjnGaKF_xwYGg.webp (reused cache entry) (+2ms) (1500/4121)
09:05:08   ▶ /_astro/ART_0211-scaled.BBpBcM5k_1gmo4A.webp (reused cache entry) (+2ms) (1501/4121)
09:05:08   ▶ /_astro/ART_0281-scaled.BwUaCzFf_Z23VBwD.webp (reused cache entry) (+2ms) (1502/4121)
09:05:08   ▶ /_astro/ART_5161-Bearbeitet.DB7YPYtN_2uNySu.webp (reused cache entry) (+2ms) (1503/4121)
09:05:08   ▶ /_astro/ART_5202-Bearbeitet.DRURN5Ke_Z2wkBrq.webp (reused cache entry) (+1ms) (1504/4121)
09:05:08   ▶ /_astro/ART_0289-scaled._xlSYd1R_1zpKWi.webp (reused cache entry) (+2ms) (1505/4121)
09:05:08   ▶ /_astro/ART_5317-Bearbeitet.BwhRDVL6_Z2oivUj.webp (reused cache entry) (+2ms) (1506/4121)
09:05:08   ▶ /_astro/ART_5547-Bearbeitet.CtCut2UB_19iJfk.webp (reused cache entry) (+2ms) (1507/4121)
09:05:08   ▶ /_astro/ART_4995.B0u8D-j1_22c70A.webp (reused cache entry) (+2ms) (1508/4121)
09:05:08   ▶ /_astro/ART_0236-scaled.CJObl8mV_ZaBCu6.webp (reused cache entry) (+2ms) (1509/4121)
09:05:08   ▶ /_astro/ART_0222-scaled.C6z5hA70_Z1to4gK.webp (reused cache entry) (+2ms) (1510/4121)
09:05:08   ▶ /_astro/ART_5105.DsLClWaq_Kd9qF.webp (reused cache entry) (+2ms) (1511/4121)
09:05:08   ▶ /_astro/ART_0247-scaled.BtjnGaKF_Z2qilgD.webp (reused cache entry) (+2ms) (1512/4121)
09:05:08   ▶ /_astro/ART_0211-scaled.BBpBcM5k_Z1HsVSj.webp (reused cache entry) (+2ms) (1513/4121)
09:05:08   ▶ /_astro/ART_5161-Bearbeitet.DB7YPYtN_c3VOT.webp (reused cache entry) (+2ms) (1514/4121)
09:05:08   ▶ /_astro/ART_5202-Bearbeitet.DRURN5Ke_f6TiU.webp (reused cache entry) (+2ms) (1515/4121)
09:05:08   ▶ /_astro/ART_5223.Di8KWy3B_163dly.webp (reused cache entry) (+2ms) (1516/4121)
09:05:08   ▶ /_astro/ART_0281-scaled.BwUaCzFf_1rU6YH.webp (reused cache entry) (+2ms) (1517/4121)
09:05:08   ▶ /_astro/ART_5317-Bearbeitet.BwhRDVL6_Lr1Wn.webp (reused cache entry) (+2ms) (1518/4121)
09:05:08   ▶ /_astro/ART_4995.B0u8D-j1_ZDvJX.webp (reused cache entry) (+2ms) (1519/4121)
09:05:08   ▶ /_astro/ART_0236-scaled.CJObl8mV_1UJalV.webp (reused cache entry) (+2ms) (1520/4121)
09:05:08   ▶ /_astro/ART_5547-Bearbeitet.CtCut2UB_ZefvtW.webp (reused cache entry) (+2ms) (1521/4121)
09:05:08   ▶ /_astro/ART_5249-Bearbeitet.no5xByoy_Z1Mm19v.webp (reused cache entry) (+2ms) (1522/4121)
09:05:08   ▶ /_astro/ART_5364-Bearbeitet.CaUEsHPZ_Z8uvBM.webp (reused cache entry) (+2ms) (1523/4121)
09:05:08   ▶ /_astro/ART_5383.Cky4j9jH_NkuIn.webp (reused cache entry) (+2ms) (1524/4121)
09:05:08   ▶ /_astro/ART_5105.DsLClWaq_Z1hCtjS.webp (reused cache entry) (+2ms) (1525/4121)
09:05:08   ▶ /_astro/ART_5161-Bearbeitet.DB7YPYtN_Z4JJ33.webp (reused cache entry) (+2ms) (1526/4121)
09:05:08   ▶ /_astro/ART_5223.Di8KWy3B_1U8N39.webp (reused cache entry) (+2ms) (1527/4121)
09:05:08   ▶ /_astro/ART_5202-Bearbeitet.DRURN5Ke_Z1GLz2.webp (reused cache entry) (+2ms) (1528/4121)
09:05:08   ▶ /_astro/ART_5389-Bearbeitet.CN9lrVle_1ad9Qe.webp (reused cache entry) (+2ms) (1529/4121)
09:05:08   ▶ /_astro/ART_5407-Bearbeitet.BE_Wnoth_Z1DFs9T.webp (reused cache entry) (+2ms) (1530/4121)
09:05:08   ▶ /_astro/ART_5317-Bearbeitet.BwhRDVL6_20f0en.webp (reused cache entry) (+2ms) (1531/4121)
09:05:08   ▶ /_astro/ART_4995.B0u8D-j1_2paHtm.webp (reused cache entry) (+2ms) (1532/4121)
09:05:08   ▶ /_astro/ART_5547-Bearbeitet.CtCut2UB_1hTFhS.webp (reused cache entry) (+2ms) (1533/4121)
09:05:08   ▶ /_astro/ART_5364-Bearbeitet.CaUEsHPZ_Z2rf8Fn.webp (reused cache entry) (+2ms) (1534/4121)
09:05:08   ▶ /_astro/ART_5249-Bearbeitet.no5xByoy_Y5uAP.webp (reused cache entry) (+2ms) (1535/4121)
09:05:08   ▶ /_astro/ART_5383.Cky4j9jH_1Cq5pX.webp (reused cache entry) (+2ms) (1536/4121)
09:05:08   ▶ /_astro/ART_5223.Di8KWy3B_Z7GOHp.webp (reused cache entry) (+2ms) (1537/4121)
09:05:08   ▶ /_astro/ART_5161-Bearbeitet.DB7YPYtN_Z2dbgSJ.webp (reused cache entry) (+2ms) (1538/4121)
09:05:08   ▶ /_astro/ART_5105.DsLClWaq_Z1BT2wy.webp (reused cache entry) (+2ms) (1539/4121)
09:05:08   ▶ /_astro/ART_5317-Bearbeitet.BwhRDVL6_Z1gopJh.webp (reused cache entry) (+2ms) (1540/4121)
09:05:08   ▶ /_astro/ART_5202-Bearbeitet.DRURN5Ke_ZEFy9e.webp (reused cache entry) (+3ms) (1541/4121)
09:05:08   ▶ /_astro/ART_5389-Bearbeitet.CN9lrVle_Z18wscm.webp (reused cache entry) (+2ms) (1542/4121)
09:05:08   ▶ /_astro/ART_5407-Bearbeitet.BE_Wnoth_17L3Ar.webp (reused cache entry) (+2ms) (1543/4121)
09:05:08   ▶ /_astro/ART_5547-Bearbeitet.CtCut2UB_Z1h0qIn.webp (reused cache entry) (+2ms) (1544/4121)
09:05:08   ▶ /_astro/ART_4995.B0u8D-j1_Z2kxfgy.webp (reused cache entry) (+2ms) (1545/4121)
09:05:08   ▶ /_astro/ART_5249-Bearbeitet.no5xByoy_HgNHS.webp (reused cache entry) (+2ms) (1546/4121)
09:05:08   ▶ /_astro/ART_5364-Bearbeitet.CaUEsHPZ_2m8jfB.webp (reused cache entry) (+2ms) (1547/4121)
09:05:08   ▶ /_astro/ART_5383.Cky4j9jH_ZppxkA.webp (reused cache entry) (+2ms) (1548/4121)
09:05:08   ▶ /_astro/ART_5223.Di8KWy3B_Z1auUdm.webp (reused cache entry) (+2ms) (1549/4121)
09:05:08   ▶ /_astro/ART_5317-Bearbeitet.BwhRDVL6_1v3614.webp (reused cache entry) (+2ms) (1550/4121)
09:05:08   ▶ /_astro/ART_5161-Bearbeitet.DB7YPYtN_1X9eiI.webp (reused cache entry) (+2ms) (1551/4121)
09:05:08   ▶ /_astro/ART_5105.DsLClWaq_Z1x4OBK.webp (reused cache entry) (+2ms) (1552/4121)
09:05:08   ▶ /_astro/ART_5547-Bearbeitet.CtCut2UB_Z1zCTwv.webp (reused cache entry) (+2ms) (1553/4121)
09:05:08   ▶ /_astro/ART_5202-Bearbeitet.DRURN5Ke_Z1yxbKH.webp (reused cache entry) (+2ms) (1554/4121)
09:05:08   ▶ /_astro/ART_5407-Bearbeitet.BE_Wnoth_PWmHu.webp (reused cache entry) (+2ms) (1555/4121)
09:05:08   ▶ /_astro/ART_5389-Bearbeitet.CN9lrVle_Z1pl95j.webp (reused cache entry) (+3ms) (1556/4121)
09:05:08   ▶ /_astro/ART_4995.B0u8D-j1_65JHL.webp (reused cache entry) (+3ms) (1557/4121)
09:05:08   ▶ /_astro/ART_5249-Bearbeitet.no5xByoy_1PNiFu.webp (reused cache entry) (+2ms) (1558/4121)
09:05:08   ▶ /_astro/ART_5364-Bearbeitet.CaUEsHPZ_2fun7v.webp (reused cache entry) (+2ms) (1559/4121)
09:05:08   ▶ /_astro/ART_5383.Cky4j9jH_ZjMY5.webp (reused cache entry) (+2ms) (1560/4121)
09:05:08   ▶ /_astro/ART_5421.iHzo1Me2_wqwiy.webp (reused cache entry) (+2ms) (1561/4121)
09:05:08   ▶ /_astro/ART_5425-Bearbeitet.TfPe3SWR_1tfdzk.webp (reused cache entry) (+2ms) (1562/4121)
09:05:08   ▶ /_astro/ART_5317-Bearbeitet.BwhRDVL6_1eep87.webp (reused cache entry) (+2ms) (1563/4121)
09:05:08   ▶ /_astro/ART_5223.Di8KWy3B_Z15FHiy.webp (reused cache entry) (+3ms) (1564/4121)
09:05:08   ▶ /_astro/ART_5452-Bearbeitet.BIZAKwNc_16QH1R.webp (reused cache entry) (+2ms) (1565/4121)
09:05:08   ▶ /_astro/ART_5547-Bearbeitet.CtCut2UB_Z2lH65K.webp (reused cache entry) (+2ms) (1566/4121)
09:05:08   ▶ /_astro/ART_5407-Bearbeitet.BE_Wnoth_1aIqEm.webp (reused cache entry) (+2ms) (1567/4121)
09:05:08   ▶ /_astro/ART_4995.B0u8D-j1_Z1rGd9N.webp (reused cache entry) (+2ms) (1568/4121)
09:05:08   ▶ /_astro/ART_5389-Bearbeitet.CN9lrVle_256ijx.webp (reused cache entry) (+3ms) (1569/4121)
09:05:08   ▶ /_astro/ART_5249-Bearbeitet.no5xByoy_VVF41.webp (reused cache entry) (+2ms) (1570/4121)
09:05:08   ▶ /_astro/ART_5421.iHzo1Me2_1lw709.webp (reused cache entry) (+2ms) (1571/4121)
09:05:08   ▶ /_astro/ART_5364-Bearbeitet.CaUEsHPZ_1lCJv2.webp (reused cache entry) (+3ms) (1572/4121)
09:05:08   ▶ /_astro/ART_5425-Bearbeitet.TfPe3SWR_ZOuotg.webp (reused cache entry) (+2ms) (1573/4121)
09:05:08   ▶ /_astro/ART_5383.Cky4j9jH_4uoUI.webp (reused cache entry) (+3ms) (1574/4121)
09:05:08   ▶ /_astro/ART_5465-Bearbeitet.BUDTQexV_y5kLi.webp (reused cache entry) (+2ms) (1575/4121)
09:05:08   ▶ /_astro/ART_5317-Bearbeitet.BwhRDVL6_Z2fcKL8.webp (reused cache entry) (+3ms) (1576/4121)
09:05:08   ▶ /_astro/ART_5452-Bearbeitet.BIZAKwNc_Z1bRU1I.webp (reused cache entry) (+3ms) (1577/4121)
09:05:08   ▶ /_astro/ART_5547-Bearbeitet.CtCut2UB_1KKrzS.webp (reused cache entry) (+3ms) (1578/4121)
09:05:08   ▶ /_astro/ART_5407-Bearbeitet.BE_Wnoth_gQN2S.webp (reused cache entry) (+3ms) (1579/4121)
09:05:08   ▶ /_astro/ART_5479-Bearbeitet.BqTt6-Bx_Z21QiPG.webp (reused cache entry) (+2ms) (1580/4121)
09:05:08   ▶ /_astro/ART_4995.B0u8D-j1_2tYUoa.webp (reused cache entry) (+3ms) (1581/4121)
09:05:08   ▶ /_astro/ART_5487-Bearbeitet-2.DDf3v2PC_Z15ONN8.webp (reused cache entry) (+2ms) (1582/4121)
09:05:08   ▶ /_astro/ART_5421.iHzo1Me2_ZGjvKp.webp (reused cache entry) (+2ms) (1583/4121)
09:05:08   ▶ /_astro/ART_5389-Bearbeitet.CN9lrVle_1beEH4.webp (reused cache entry) (+3ms) (1584/4121)
09:05:08   ▶ /_astro/ART_5491-Bearbeitet.C7U5bGBP_vplhF.webp (reused cache entry) (+2ms) (1585/4121)
09:05:08   ▶ /_astro/ART_5465-Bearbeitet.BUDTQexV_Z1JEhhi.webp (reused cache entry) (+2ms) (1586/4121)
09:05:08   ▶ /_astro/ART_5425-Bearbeitet.TfPe3SWR_Z16j5md.webp (reused cache entry) (+3ms) (1587/4121)
09:05:08   ▶ /_astro/ART_5317-Bearbeitet.BwhRDVL6_ZEs8lr.webp (reused cache entry) (+2ms) (1588/4121)
09:05:08   ▶ /_astro/ART_5514.BWOBSeX__Z2qCl04.webp (reused cache entry) (+2ms) (1589/4121)
09:05:08   ▶ /_astro/ART_5452-Bearbeitet.BIZAKwNc_Z1sGATF.webp (reused cache entry) (+2ms) (1590/4121)
09:05:08   ▶ /_astro/ART_5487-Bearbeitet-2.DDf3v2PC_18JIyY.webp (reused cache entry) (+2ms) (1591/4121)
09:05:08   ▶ /_astro/ART_5479-Bearbeitet.BqTt6-Bx_JAcTE.webp (reused cache entry) (+2ms) (1592/4121)
09:05:08   ▶ /_astro/ART_5547-Bearbeitet.CtCut2UB_1VPrN3.webp (reused cache entry) (+3ms) (1593/4121)
09:05:08   ▶ /_astro/ART_5528-Bearbeitet.Dl3-CmPy_Z5QENm.webp (reused cache entry) (+2ms) (1594/4121)
09:05:08   ▶ /_astro/ART_4995.B0u8D-j1_Z1LlTb2.webp (reused cache entry) (+3ms) (1595/4121)
09:05:08   ▶ /_astro/ART_5421.iHzo1Me2_1z8hwn.webp (reused cache entry) (+3ms) (1596/4121)
09:05:08   ▶ /_astro/ART_5491-Bearbeitet.C7U5bGBP_Z1MkgKU.webp (reused cache entry) (+2ms) (1597/4121)
09:05:08   ▶ /_astro/ART_5465-Bearbeitet.BUDTQexV_Z21sXaf.webp (reused cache entry) (+3ms) (1598/4121)
09:05:08   ▶ /_astro/ART_5514.BWOBSeX__Z1BwKit.webp (reused cache entry) (+2ms) (1599/4121)
09:05:08   ▶ /_astro/ART_5317-Bearbeitet.BwhRDVL6_1V7Jqk.webp (reused cache entry) (+2ms) (1600/4121)
09:05:08   ▶ /_astro/ART_5425-Bearbeitet.TfPe3SWR_1zJT5I.webp (reused cache entry) (+3ms) (1601/4121)
09:05:08   ▶ /_astro/ART_5487-Bearbeitet-2.DDf3v2PC_4QgO5.webp (reused cache entry) (+2ms) (1602/4121)
09:05:08   ▶ /_astro/ART_5479-Bearbeitet.BqTt6-Bx_sLw1H.webp (reused cache entry) (+3ms) (1603/4121)
09:05:08   ▶ /_astro/ART_5528-Bearbeitet.Dl3-CmPy_Z2oBhQW.webp (reused cache entry) (+2ms) (1604/4121)
09:05:08   ▶ /_astro/ART_5452-Bearbeitet.BIZAKwNc_nc9Im.webp (reused cache entry) (+3ms) (1605/4121)
09:05:08   ▶ /_astro/ART_5552-Bearbeitet.BkC05dNb_Z17uC68.webp (reused cache entry) (+2ms) (1606/4121)
09:05:08   ▶ /_astro/ART_5547-Bearbeitet.CtCut2UB_PSUXa.webp (reused cache entry) (+3ms) (1607/4121)
09:05:08   ▶ /_astro/ART_5421.iHzo1Me2_1DWurb.webp (reused cache entry) (+3ms) (1608/4121)
09:05:08   ▶ /_astro/ART_5491-Bearbeitet.C7U5bGBP_Z248WDR.webp (reused cache entry) (+3ms) (1609/4121)
09:05:08   ▶ /_astro/ART_5514.BWOBSeX__1pNJJT.webp (reused cache entry) (+2ms) (1610/4121)
09:05:08   ▶ /_astro/ART_5465-Bearbeitet.BUDTQexV_Z1wgHIC.webp (reused cache entry) (+2ms) (1611/4121)
09:05:08   ▶ /_astro/ART_5557-Bearbeitet.Bu0cdPKE_1L1io7.webp (reused cache entry) (+2ms) (1612/4121)
09:05:08   ▶ /_astro/ART_5487-Bearbeitet-2.DDf3v2PC_ZUpzpv.webp (reused cache entry) (+2ms) (1613/4121)
09:05:08   ▶ /_astro/ART_5479-Bearbeitet.BqTt6-Bx_ZqnwVa.webp (reused cache entry) (+2ms) (1614/4121)
09:05:08   ▶ /_astro/ART_5528-Bearbeitet.Dl3-CmPy_2oLa42.webp (reused cache entry) (+2ms) (1615/4121)
09:05:08   ▶ /_astro/ART_5425-Bearbeitet.TfPe3SWR_FSgtf.webp (reused cache entry) (+3ms) (1616/4121)
09:05:08   ▶ /_astro/ART_5552-Bearbeitet.BkC05dNb_Z1q85Tg.webp (reused cache entry) (+2ms) (1617/4121)
09:05:08   ▶ /_astro/ART_5563-Bearbeitet.I8PUjy4m_1MaNvf.webp (reused cache entry) (+2ms) (1618/4121)
09:05:08   ▶ /_astro/ART_5580-Bearbeitet-2.V4E3MKsB_1d8RUC.webp (reused cache entry) (+2ms) (1619/4121)
09:05:08   ▶ /_astro/ART_5452-Bearbeitet.BIZAKwNc_ZvEsS7.webp (reused cache entry) (+3ms) (1620/4121)
09:05:08   ▶ /_astro/ART_5491-Bearbeitet.C7U5bGBP_2c5G20.webp (reused cache entry) (+2ms) (1621/4121)
09:05:08   ▶ /_astro/ART_5514.BWOBSeX__15JMMS.webp (reused cache entry) (+2ms) (1622/4121)
09:05:08   ▶ /_astro/ART_5557-Bearbeitet.Bu0cdPKE_1snOzY.webp (reused cache entry) (+3ms) (1623/4121)
09:05:08   ▶ /_astro/ART_5465-Bearbeitet.BUDTQexV_Z2q8ll6.webp (reused cache entry) (+3ms) (1624/4121)
09:05:08   ▶ /_astro/ART_5487-Bearbeitet-2.DDf3v2PC_Z2jb6OK.webp (reused cache entry) (+2ms) (1625/4121)
09:05:08   ▶ /_astro/ART_5609.B5-hl2sC_23pc6U.webp (reused cache entry) (+2ms) (1626/4121)
09:05:08   ▶ /_astro/ART_5479-Bearbeitet.BqTt6-Bx_Z1kfaxD.webp (reused cache entry) (+3ms) (1627/4121)
09:05:08   ▶ /_astro/ART_5552-Bearbeitet.BkC05dNb_Z2cchsv.webp (reused cache entry) (+2ms) (1628/4121)
09:05:08   ▶ /_astro/ART_5528-Bearbeitet.Dl3-CmPy_Z1tWqzd.webp (reused cache entry) (+3ms) (1629/4121)
09:05:08   ▶ /_astro/ART_5563-Bearbeitet.I8PUjy4m_ZvyNxl.webp (reused cache entry) (+3ms) (1630/4121)
09:05:08   ▶ /_astro/ART_5663-Bearbeitet.DLxTQc4y_ZUSvNs.webp (reused cache entry) (+2ms) (1631/4121)
09:05:08   ▶ /_astro/ART_5580-Bearbeitet-2.V4E3MKsB_Z1CsHvc.webp (reused cache entry) (+3ms) (1632/4121)
09:05:08   ▶ /_astro/ART_5664-Bearbeitet.BHGExDVX_ZXudSW.webp (reused cache entry) (+2ms) (1633/4121)
09:05:08   ▶ /_astro/ART_5557-Bearbeitet.Bu0cdPKE_GjD1J.webp (reused cache entry) (+2ms) (1634/4121)
09:05:08   ▶ /_astro/ART_5491-Bearbeitet.C7U5bGBP_1ie3pw.webp (reused cache entry) (+3ms) (1635/4121)
09:05:08   ▶ /_astro/ART_5759-Bearbeitet.D7SKg_YW_GAdHS.webp (reused cache entry) (+2ms) (1636/4121)
09:05:08   ▶ /_astro/ART_5514.BWOBSeX__1az0HG.webp (reused cache entry) (+3ms) (1637/4121)
09:05:08   ▶ /_astro/ART_5609.B5-hl2sC_Z19hV1u.webp (reused cache entry) (+2ms) (1638/4121)
09:05:08   ▶ /_astro/ART_5802-Bearbeitet-Bearbeitet.Ckpag7Gh_qd9Ak.webp (reused cache entry) (+2ms) (1639/4121)
09:05:08   ▶ /_astro/ART_5552-Bearbeitet.BkC05dNb_1vdwcz.webp (reused cache entry) (+2ms) (1640/4121)
09:05:08   ▶ /_astro/ART_5663-Bearbeitet.DLxTQc4y_1PxYVS.webp (reused cache entry) (+2ms) (1641/4121)
09:05:08   ▶ /_astro/ART_5563-Bearbeitet.I8PUjy4m_ZMnuqi.webp (reused cache entry) (+2ms) (1642/4121)
09:05:08   ▶ /_astro/ART_5528-Bearbeitet.Dl3-CmPy_Z2nO4bG.webp (reused cache entry) (+3ms) (1643/4121)
09:05:08   ▶ /_astro/ART_5580-Bearbeitet-2.V4E3MKsB_2nOXxP.webp (reused cache entry) (+2ms) (1644/4121)
09:05:08   ▶ /_astro/ART_5664-Bearbeitet.BHGExDVX_1MWhQo.webp (reused cache entry) (+2ms) (1645/4121)
09:05:08   ▶ /_astro/ART_5803-Bearbeitet-Bearbeitet.D6iETrcL_ZqneHo.webp (reused cache entry) (+2ms) (1646/4121)
09:05:08   ▶ /_astro/ART_5809-Bearbeitet-Bearbeitet.Bw0yfAp5_Za7p79.webp (reused cache entry) (+2ms) (1647/4121)
09:05:08   ▶ /_astro/ART_5557-Bearbeitet.Bu0cdPKE_Zj8m9C.webp (reused cache entry) (+2ms) (1648/4121)
09:05:08   ▶ /_astro/ART_5759-Bearbeitet.D7SKg_YW_Z1B9okH.webp (reused cache entry) (+2ms) (1649/4121)
09:05:08   ▶ /_astro/ART_5802-Bearbeitet-Bearbeitet.Ckpag7Gh_ZNyCSx.webp (reused cache entry) (+2ms) (1650/4121)
09:05:08   ▶ /_astro/ART_5609.B5-hl2sC_224FLK.webp (reused cache entry) (+3ms) (1651/4121)
09:05:08   ▶ /_astro/ART_5552-Bearbeitet.BkC05dNb_Am0zQ.webp (reused cache entry) (+2ms) (1652/4121)
09:05:08   ▶ /_astro/ART_5663-Bearbeitet.DLxTQc4y_1yJj3V.webp (reused cache entry) (+2ms) (1653/4121)
09:05:08   ▶ /_astro/ART_5813-Bearbeitet.WL2qUYKE_112Tgh.webp (reused cache entry) (+2ms) (1654/4121)
09:05:08   ▶ /_astro/ART_5563-Bearbeitet.I8PUjy4m_126Rnj.webp (reused cache entry) (+3ms) (1655/4121)
09:05:08   ▶ /_astro/ART_5803-Bearbeitet-Bearbeitet.D6iETrcL_Z1Fa2cg.webp (reused cache entry) (+2ms) (1656/4121)
09:05:08   ▶ /_astro/ART_5664-Bearbeitet.BHGExDVX_1w8AXr.webp (reused cache entry) (+2ms) (1657/4121)
09:05:08   ▶ /_astro/ART_5580-Bearbeitet-2.V4E3MKsB_ZsQS8d.webp (reused cache entry) (+2ms) (1658/4121)
09:05:08   ▶ /_astro/ART_5809-Bearbeitet-Bearbeitet.Bw0yfAp5_1NEgIb.webp (reused cache entry) (+2ms) (1659/4121)
09:05:08   ▶ /_astro/ART_5759-Bearbeitet.D7SKg_YW_Z1RX5dE.webp (reused cache entry) (+2ms) (1660/4121)
09:05:08   ▶ /_astro/ART_5802-Bearbeitet-Bearbeitet.Ckpag7Gh_Z4kr73.webp (reused cache entry) (+2ms) (1661/4121)
09:05:08   ▶ /_astro/ART_5557-Bearbeitet.Bu0cdPKE_Z1dYRLl.webp (reused cache entry) (+3ms) (1662/4121)
09:05:08   ▶ /_astro/ART_5609.B5-hl2sC_24Kkg3.webp (reused cache entry) (+2ms) (1663/4121)
09:05:08   ▶ /_astro/ART_5819-Bearbeitet.CT_GhPB7_ZOfsLi.webp (reused cache entry) (+2ms) (1664/4121)
09:05:08   ▶ /_astro/ART_5813-Bearbeitet.WL2qUYKE_Z1hGHMj.webp (reused cache entry) (+2ms) (1665/4121)
09:05:08   ▶ /_astro/ART_5663-Bearbeitet.DLxTQc4y_Z1YT8wA.webp (reused cache entry) (+2ms) (1666/4121)
09:05:08   ▶ /_astro/ART_5803-Bearbeitet-Bearbeitet.D6iETrcL_ZUUPpL.webp (reused cache entry) (+2ms) (1667/4121)
09:05:08   ▶ /_astro/ART_5563-Bearbeitet.I8PUjy4m_8feKP.webp (reused cache entry) (+2ms) (1668/4121)
09:05:08   ▶ /_astro/ART_5664-Bearbeitet.BHGExDVX_1KD6u6.webp (reused cache entry) (+2ms) (1669/4121)
09:05:08   ▶ /_astro/ART_5809-Bearbeitet-Bearbeitet.Bw0yfAp5_Z2671vv.webp (reused cache entry) (+2ms) (1670/4121)
09:05:08   ▶ /_astro/ART_5557-Bearbeitet.Bu0cdPKE_2es19e.webp (reused cache entry) (+2ms) (1671/4121)
09:05:08   ▶ /_astro/ART_5580-Bearbeitet-2.V4E3MKsB_Z1QCpxs.webp (reused cache entry) (+3ms) (1672/4121)
09:05:08   ▶ /_astro/ART_5759-Bearbeitet.D7SKg_YW_Z2hLrhg.webp (reused cache entry) (+3ms) (1673/4121)
09:05:08   ▶ /_astro/ART_5819-Bearbeitet.CT_GhPB7_1Wc2Y3.webp (reused cache entry) (+2ms) (1674/4121)
09:05:08   ▶ /_astro/ART_5802-Bearbeitet-Bearbeitet.Ckpag7Gh_Z1BHCBK.webp (reused cache entry) (+3ms) (1675/4121)
09:05:08   ▶ /_astro/ART_5609.B5-hl2sC_1AyofJ.webp (reused cache entry) (+3ms) (1676/4121)
09:05:08   ▶ /_astro/ART_5813-Bearbeitet.WL2qUYKE_Z1yvoFg.webp (reused cache entry) (+3ms) (1677/4121)
09:05:08   ▶ /_astro/ART_5821-Bearbeitet.iMc4K9zT_2vYd1p.webp (reused cache entry) (+2ms) (1678/4121)
09:05:08   ▶ /_astro/ART_5803-Bearbeitet-Bearbeitet.D6iETrcL_29XRLu.webp (reused cache entry) (+2ms) (1679/4121)
09:05:08   ▶ /_astro/ART_5663-Bearbeitet.DLxTQc4y_2bqmER.webp (reused cache entry) (+3ms) (1680/4121)
09:05:08   ▶ /_astro/ART_5823-Bearbeitet.BIz4DDtF_1gsyFU.webp (reused cache entry) (+2ms) (1681/4121)
09:05:08   ▶ /_astro/ART_5557-Bearbeitet.Bu0cdPKE_ZUzvVt.webp (reused cache entry) (+2ms) (1682/4121)
09:05:08   ▶ /_astro/ART_5809-Bearbeitet-Bearbeitet.Bw0yfAp5_ZxkBcu.webp (reused cache entry) (+3ms) (1683/4121)
09:05:08   ▶ /_astro/ART_5664-Bearbeitet.BHGExDVX_QLsRC.webp (reused cache entry) (+3ms) (1684/4121)
09:05:08   ▶ /_astro/ART_5833.CMfEJTnx_Z1QQWl7.webp (reused cache entry) (+1ms) (1685/4121)
09:05:08   ▶ /_astro/ART_5819-Bearbeitet.CT_GhPB7_1Fnm66.webp (reused cache entry) (+2ms) (1686/4121)
09:05:08   ▶ /_astro/ART_5759-Bearbeitet.D7SKg_YW_1Sy3Uc.webp (reused cache entry) (+3ms) (1687/4121)
09:05:08   ▶ /_astro/ART_5821-Bearbeitet.iMc4K9zT_dezWO.webp (reused cache entry) (+2ms) (1688/4121)
09:05:08   ▶ /_astro/ART_5813-Bearbeitet.WL2qUYKE_2v5vR0.webp (reused cache entry) (+2ms) (1689/4121)
09:05:08   ▶ /_astro/ART_5802-Bearbeitet-Bearbeitet.Ckpag7Gh_2cx3Hz.webp (reused cache entry) (+3ms) (1690/4121)
09:05:08   ▶ /_astro/ART_5844-Bearbeitet.AKedkmkC_Z2rTdrC.webp (reused cache entry) (+2ms) (1691/4121)
09:05:08   ▶ /_astro/ART_5823-Bearbeitet.BIz4DDtF_Z12h3mF.webp (reused cache entry) (+2ms) (1692/4121)
09:05:08   ▶ /_astro/ART_5557-Bearbeitet.Bu0cdPKE_2o99ie.webp (reused cache entry) (+2ms) (1693/4121)
09:05:08   ▶ /_astro/ART_5803-Bearbeitet-Bearbeitet.D6iETrcL_T2qhS.webp (reused cache entry) (+3ms) (1694/4121)
09:05:08   ▶ /_astro/ART_5847.Dd7Fx-Q__ZeOywb.webp (reused cache entry) (+2ms) (1695/4121)
09:05:08   ▶ /_astro/ART_5849-Bearbeitet.CG4zOdjK_1Tdae4.webp (reused cache entry) (+2ms) (1696/4121)
09:05:08   ▶ /_astro/ART_5809-Bearbeitet-Bearbeitet.Bw0yfAp5_2fKX1I.webp (reused cache entry) (+2ms) (1697/4121)
09:05:08   ▶ /_astro/ART_5833.CMfEJTnx_Z12LmDw.webp (reused cache entry) (+2ms) (1698/4121)
09:05:08   ▶ /_astro/ART_5850-Bearbeitet.ZQ6pvsVO_Z2nzgPj.webp (reused cache entry) (+1ms) (1699/4121)
09:05:08   ▶ /_astro/ART_5819-Bearbeitet.CT_GhPB7_1mVoyu.webp (reused cache entry) (+2ms) (1700/4121)
09:05:08   ▶ /_astro/ART_5821-Bearbeitet.iMc4K9zT_Z3z5U8.webp (reused cache entry) (+2ms) (1701/4121)
09:05:08   ▶ /_astro/ART_5844-Bearbeitet.AKedkmkC_2JLnq.webp (reused cache entry) (+2ms) (1702/4121)
09:05:08   ▶ /_astro/ART_5813-Bearbeitet.WL2qUYKE_1BdSfw.webp (reused cache entry) (+2ms) (1703/4121)
09:05:08   ▶ /_astro/ART_5858.B_hPX4kA_2buyDo.webp (reused cache entry) (+2ms) (1704/4121)
09:05:08   ▶ /_astro/ART_5823-Bearbeitet.BIz4DDtF_Z1j5JfC.webp (reused cache entry) (+2ms) (1705/4121)
09:05:08   ▶ /_astro/ART_5861.B2UO-7sN_1oYSfF.webp (reused cache entry) (+2ms) (1706/4121)
09:05:08   ▶ /_astro/ART_5883-Bearbeitet-Bearbeitet.73DCiKRu_FjSmQ.webp (reused cache entry) (+1ms) (1707/4121)
09:05:08   ▶ /_astro/ART_5847.Dd7Fx-Q__zg1ap.webp (reused cache entry) (+2ms) (1708/4121)
09:05:08   ▶ /_astro/ART_5849-Bearbeitet.CG4zOdjK_ZowrOw.webp (reused cache entry) (+2ms) (1709/4121)
09:05:08   ▶ /_astro/ART_5850-Bearbeitet.ZQ6pvsVO_nReU2.webp (reused cache entry) (+2ms) (1710/4121)
09:05:08   ▶ /_astro/ART_5833.CMfEJTnx_1Yz8oQ.webp (reused cache entry) (+2ms) (1711/4121)
09:05:08   ▶ /_astro/ART_5821-Bearbeitet.iMc4K9zT_Z1BLnRh.webp (reused cache entry) (+2ms) (1712/4121)
09:05:08   ▶ /_astro/ART_5819-Bearbeitet.CT_GhPB7_t4KW1.webp (reused cache entry) (+2ms) (1713/4121)
09:05:08   ▶ /_astro/ART_5844-Bearbeitet.AKedkmkC_1UPuhd.webp (reused cache entry) (+2ms) (1714/4121)
09:05:08   ▶ /_astro/ART_5901-Bearbeitet.CYoT4Hev_QcplQ.webp (reused cache entry) (+2ms) (1715/4121)
09:05:08   ▶ /_astro/ART_5858.B_hPX4kA_Z24AYsW.webp (reused cache entry) (+2ms) (1716/4121)
09:05:08   ▶ /_astro/ART_5861.B2UO-7sN_Z1MHeRJ.webp (reused cache entry) (+2ms) (1717/4121)
09:05:08   ▶ /_astro/ART_5883-Bearbeitet-Bearbeitet.73DCiKRu_ZyrT71.webp (reused cache entry) (+2ms) (1718/4121)
09:05:08   ▶ /_astro/ART_5823-Bearbeitet.BIz4DDtF_aILfW.webp (reused cache entry) (+2ms) (1719/4121)
09:05:08   ▶ /_astro/ART_5847.Dd7Fx-Q__Z1szBA9.webp (reused cache entry) (+2ms) (1720/4121)
09:05:08   ▶ /_astro/ART_5849-Bearbeitet.CG4zOdjK_ZFl8Ht.webp (reused cache entry) (+2ms) (1721/4121)
09:05:08   ▶ /_astro/ART_5850-Bearbeitet.ZQ6pvsVO_73y25.webp (reused cache entry) (+2ms) (1722/4121)
09:05:08   ▶ /_astro/ART_5833.CMfEJTnx_Z1zsKan.webp (reused cache entry) (+2ms) (1723/4121)
09:05:08   ▶ /_astro/ART_5996-Bearbeitet.Hznh3jBV_2sP0x7.webp (reused cache entry) (+2ms) (1724/4121)
09:05:08   ▶ /_astro/ART_5821-Bearbeitet.iMc4K9zT_Z2vD1tK.webp (reused cache entry) (+2ms) (1725/4121)
09:05:08   ▶ /_astro/ART_5844-Bearbeitet.AKedkmkC_Z1VebAq.webp (reused cache entry) (+2ms) (1726/4121)
09:05:08   ▶ /_astro/ART_5901-Bearbeitet.CYoT4Hev_Z1rxcGJ.webp (reused cache entry) (+2ms) (1727/4121)
09:05:08   ▶ /_astro/ART_5858.B_hPX4kA_WJvzq.webp (reused cache entry) (+2ms) (1728/4121)
09:05:08   ▶ /_astro/ART_5861.B2UO-7sN_1nEmUv.webp (reused cache entry) (+2ms) (1729/4121)
09:05:08   ▶ /_astro/ART_5883-Bearbeitet-Bearbeitet.73DCiKRu_2trjoz.webp (reused cache entry) (+2ms) (1730/4121)
09:05:08   ▶ /_astro/ART_5849-Bearbeitet.CG4zOdjK_ZsSead.webp (reused cache entry) (+2ms) (1731/4121)
09:05:08   ▶ /_astro/ART_5847.Dd7Fx-Q__Z26f5XK.webp (reused cache entry) (+2ms) (1732/4121)
09:05:08   ▶ /_astro/ART_5823-Bearbeitet.BIz4DDtF_ZI7Qlw.webp (reused cache entry) (+3ms) (1733/4121)
09:05:08   ▶ /_astro/ART_6018-Bearbeitet.CBMdi_Zg_XQvq3.webp (reused cache entry) (+2ms) (1734/4121)
09:05:08   ▶ /_astro/ART_5850-Bearbeitet.ZQ6pvsVO_Z1ike6B.webp (reused cache entry) (+3ms) (1735/4121)
09:05:08   ▶ /_astro/ART_5996-Bearbeitet.Hznh3jBV_a5ntw.webp (reused cache entry) (+2ms) (1736/4121)
09:05:08   ▶ /_astro/ART_5833.CMfEJTnx_Z1uDxfz.webp (reused cache entry) (+3ms) (1737/4121)
09:05:08   ▶ /_astro/ART_5901-Bearbeitet.CYoT4Hev_Z1IlSzG.webp (reused cache entry) (+2ms) (1738/4121)
09:05:08   ▶ /_astro/ART_5858.B_hPX4kA_25c1UW.webp (reused cache entry) (+2ms) (1739/4121)
09:05:08   ▶ /_astro/ART_5844-Bearbeitet.AKedkmkC_Z2iH7oV.webp (reused cache entry) (+3ms) (1740/4121)
09:05:08   ▶ /_astro/ART_5861.B2UO-7sN_2nGjYa.webp (reused cache entry) (+3ms) (1741/4121)
09:05:08   ▶ /_astro/ART_8686-Bearbeitet-2-scaled.DRBcKNAQ_2bos2b.webp (reused cache entry) (+2ms) (1742/4121)
09:05:08   ▶ /_astro/ART_5847.Dd7Fx-Q__Z21pS3W.webp (reused cache entry) (+3ms) (1743/4121)
09:05:08   ▶ /_astro/ART_5883-Bearbeitet-Bearbeitet.73DCiKRu_1gyPax.webp (reused cache entry) (+3ms) (1744/4121)
09:05:08   ▶ /_astro/ART_5849-Bearbeitet.CG4zOdjK_Z1mJQLG.webp (reused cache entry) (+3ms) (1745/4121)
09:05:08   ▶ /_astro/ART_6018-Bearbeitet.CBMdi_Zg_Z1jS6Cx.webp (reused cache entry) (+2ms) (1746/4121)
09:05:08   ▶ /_astro/ART_0005-scaled.CY6LIGro_2qOEsP.webp (reused cache entry) (+2ms) (1747/4121)
09:05:08   ▶ /_astro/ART_5996-Bearbeitet.Hznh3jBV_Z6Iioq.webp (reused cache entry) (+3ms) (1748/4121)
09:05:08   ▶ /_astro/ART_5850-Bearbeitet.ZQ6pvsVO_Z2cbQI5.webp (reused cache entry) (+3ms) (1749/4121)
09:05:08   ▶ /_astro/ART_9987-Bearbeitet-scaled.D1JCL0Fw_YLHHk.webp (reused cache entry) (+2ms) (1750/4121)
09:05:08   ▶ /_astro/ART_5858.B_hPX4kA_2a1ePK.webp (reused cache entry) (+2ms) (1751/4121)
09:05:08   ▶ /_astro/ART_8686-Bearbeitet-2-scaled.DRBcKNAQ_mDFrn.webp (reused cache entry) (+2ms) (1752/4121)
09:05:08   ▶ /_astro/ART_5901-Bearbeitet.CYoT4Hev_Z2u4Fid.webp (reused cache entry) (+3ms) (1753/4121)
09:05:08   ▶ /_astro/ART_9546-Verbessert-RR-Bearbeitet-scaled.BhJnglqE_ZhruhG.webp (reused cache entry) (+2ms) (1754/4121)
09:05:08   ▶ /_astro/ART_9290-Bearbeitet-scaled.Cvm3Ba5I_1Sxu4j.webp (reused cache entry) (+2ms) (1755/4121)
09:05:08   ▶ /_astro/ART_5861.B2UO-7sN_1TunXQ.webp (reused cache entry) (+3ms) (1756/4121)
09:05:08   ▶ /_astro/ART_0005-scaled.CY6LIGro_ZPY4Ig.webp (reused cache entry) (+2ms) (1757/4121)
09:05:08   ▶ /_astro/ART_6018-Bearbeitet.CBMdi_Zg_Z1AGMvu.webp (reused cache entry) (+2ms) (1758/4121)
09:05:08   ▶ /_astro/ART_8902-Bearbeitet-scaled.Ch-qakXE_Zq9wQp.webp (reused cache entry) (+2ms) (1759/4121)
09:05:08   ▶ /_astro/ART_5883-Bearbeitet-Bearbeitet.73DCiKRu_ZhuwWI.webp (reused cache entry) (+3ms) (1760/4121)
09:05:08   ▶ /_astro/ART_5996-Bearbeitet.Hznh3jBV_1QJp3v.webp (reused cache entry) (+2ms) (1761/4121)
09:05:08   ▶ /_astro/ART_9987-Bearbeitet-scaled.D1JCL0Fw_1Mz8UP.webp (reused cache entry) (+2ms) (1762/4121)
09:05:08   ▶ /_astro/ART_8855-Bearbeitet-scaled.BaAE6E7e_M0pOu.webp (reused cache entry) (+2ms) (1763/4121)
09:05:08   ▶ /_astro/ART_8686-Bearbeitet-2-scaled.DRBcKNAQ_25DgPm.webp (reused cache entry) (+2ms) (1764/4121)
09:05:08   ▶ /_astro/ART_9290-Bearbeitet-scaled.Cvm3Ba5I_Z2nQdw7.webp (reused cache entry) (+2ms) (1765/4121)
09:05:08   ▶ /_astro/ART_9546-Verbessert-RR-Bearbeitet-scaled.BhJnglqE_ZQvM84.webp (reused cache entry) (+2ms) (1766/4121)
09:05:08   ▶ /_astro/ART_9808-scaled.BN1FVjQD_2kljeq.webp (reused cache entry) (+2ms) (1767/4121)
09:05:08   ▶ /_astro/ART_0005-scaled.CY6LIGro_Zr05Jn.webp (reused cache entry) (+2ms) (1768/4121)
09:05:08   ▶ /_astro/ART_5901-Bearbeitet.CYoT4Hev_1GfOTf.webp (reused cache entry) (+3ms) (1769/4121)
09:05:08   ▶ /_astro/ART_8902-Bearbeitet-scaled.Ch-qakXE_mCSm6.webp (reused cache entry) (+2ms) (1770/4121)
09:05:08   ▶ /_astro/ART_9664-scaled.B9GZDfM-_1qmK5S.webp (reused cache entry) (+2ms) (1771/4121)
09:05:08   ▶ /_astro/ART_6018-Bearbeitet.CBMdi_Zg_1oioOS.webp (reused cache entry) (+2ms) (1772/4121)
09:05:08   ▶ /_astro/ART_9987-Bearbeitet-scaled.D1JCL0Fw_2hJioo.webp (reused cache entry) (+2ms) (1773/4121)
09:05:08   ▶ /_astro/ART_5996-Bearbeitet.Hznh3jBV_WRLr2.webp (reused cache entry) (+2ms) (1774/4121)
09:05:08   ▶ /_astro/ART_8855-Bearbeitet-scaled.BaAE6E7e_1zMQ30.webp (reused cache entry) (+2ms) (1775/4121)
09:05:08   ▶ /_astro/ART_8686-Bearbeitet-2-scaled.DRBcKNAQ_2snG8O.webp (reused cache entry) (+2ms) (1776/4121)
09:05:08   ▶ /_astro/ART_9290-Bearbeitet-scaled.Cvm3Ba5I_Z1SG43y.webp (reused cache entry) (+2ms) (1777/4121)
09:05:08   ▶ /_astro/ART_9808-scaled.BN1FVjQD_ZWspWF.webp (reused cache entry) (+2ms) (1778/4121)
09:05:08   ▶ /_astro/ART_0011-Bearbeitet-scaled.D5qbI9-s_15edzd.webp (reused cache entry) (+2ms) (1779/4121)
09:05:08   ▶ /_astro/ART_0005-scaled.CY6LIGro_2hAm4p.webp (reused cache entry) (+2ms) (1780/4121)
09:05:08   ▶ /_astro/ART_9546-Verbessert-RR-Bearbeitet-scaled.BhJnglqE_ZoWJzm.webp (reused cache entry) (+2ms) (1781/4121)
09:05:08   ▶ /_astro/ART_9987-Bearbeitet-scaled.D1JCL0Fw_1s1Xqp.webp (reused cache entry) (+1ms) (1782/4121)
09:05:08   ▶ /_astro/ART_8902-Bearbeitet-scaled.Ch-qakXE_QN2OE.webp (reused cache entry) (+2ms) (1783/4121)
09:05:08   ▶ /_astro/ART_9664-scaled.B9GZDfM-_Z1QqY6d.webp (reused cache entry) (+2ms) (1784/4121)
09:05:08   ▶ /_astro/ART_9985-Bearbeitet-scaled.CqirWSil_1NvXb5.webp (reused cache entry) (+2ms) (1785/4121)
09:05:08   ▶ /_astro/ART_9644-Bearbeitet-scaled.CPeTMYLq_Z2iX1PQ.webp (reused cache entry) (+2ms) (1786/4121)
09:05:08   ▶ /_astro/ART_6018-Bearbeitet.CBMdi_Zg_uqLdp.webp (reused cache entry) (+2ms) (1787/4121)
09:05:08   ▶ /_astro/ART_8855-Bearbeitet-scaled.BaAE6E7e_24X0vy.webp (reused cache entry) (+2ms) (1788/4121)
09:05:08   ▶ /_astro/ART_0011-Bearbeitet-scaled.D5qbI9-s_1S1DMI.webp (reused cache entry) (+2ms) (1789/4121)
09:05:08   ▶ /_astro/ART_9290-Bearbeitet-scaled.Cvm3Ba5I_2lMJMo.webp (reused cache entry) (+2ms) (1790/4121)
09:05:08   ▶ /_astro/ART_9808-scaled.BN1FVjQD_ZxtqXM.webp (reused cache entry) (+2ms) (1791/4121)
09:05:08   ▶ /_astro/ART_0102-Bearbeitet-scaled.B5LLCZ5d_HIH7u.webp (reused cache entry) (+2ms) (1792/4121)
09:05:08   ▶ /_astro/ART_9996-Bearbeitet-1024x683.Db1A_a_e_ZXa1Qs.webp (reused cache entry) (+1ms) (1793/4121)
09:05:08   ▶ /_astro/ART_9985-Bearbeitet-scaled.CqirWSil_Z2sRJpl.webp (reused cache entry) (+1ms) (1794/4121)
09:05:08   ▶ /_astro/ART_8902-Bearbeitet-scaled.Ch-qakXE_25HQF.webp (reused cache entry) (+2ms) (1795/4121)
09:05:08   ▶ /_astro/ART_9546-Verbessert-RR-Bearbeitet-scaled.BhJnglqE_5U8F.webp (reused cache entry) (+2ms) (1796/4121)
09:05:08   ▶ /_astro/ART_0023-Bearbeitet-scaled.Cwp9ZwOM_ZzjqUG.webp (reused cache entry) (+1ms) (1797/4121)
09:05:08   ▶ /_astro/ART_9644-Bearbeitet-scaled.CPeTMYLq_Z1vaACl.webp (reused cache entry) (+2ms) (1798/4121)
09:05:08   ▶ /_astro/ART_9664-scaled.B9GZDfM-_Z1rs07k.webp (reused cache entry) (+2ms) (1799/4121)
09:05:08   ▶ /_astro/ART_0021-Bearbeitet-scaled.B815gj5X_Zcq2pj.webp (reused cache entry) (+1ms) (1800/4121)
09:05:08   ▶ /_astro/ART_8855-Bearbeitet-scaled.BaAE6E7e_1ffFxz.webp (reused cache entry) (+2ms) (1801/4121)
09:05:08   ▶ /_astro/ART_0011-Bearbeitet-scaled.D5qbI9-s_2nbNgh.webp (reused cache entry) (+2ms) (1802/4121)
09:05:08   ▶ /_astro/ART_9808-scaled.BN1FVjQD_2b70P0.webp (reused cache entry) (+2ms) (1803/4121)
09:05:08   ▶ /_astro/ART_9996-Bearbeitet-1024x683.Db1A_a_e_Z2kLvIs.webp (reused cache entry) (+2ms) (1804/4121)
09:05:08   ▶ /_astro/ART_0102-Bearbeitet-scaled.B5LLCZ5d_1vw8l0.webp (reused cache entry) (+2ms) (1805/4121)
09:05:08   ▶ /_astro/ART_0096-Bearbeitet-Bearbeitet-scaled.Dyy8mS4T_ZYpDgK.webp (reused cache entry) (+1ms) (1806/4121)
09:05:08   ▶ /_astro/ART_9985-Bearbeitet-scaled.CqirWSil_Z1XHzVM.webp (reused cache entry) (+1ms) (1807/4121)
09:05:08   ▶ /_astro/ART_0007-Bearbeitet-scaled.CWxX_-v3_Z9SPD2.webp (reused cache entry) (+1ms) (1808/4121)
09:05:08   ▶ /_astro/ART_0023-Bearbeitet-scaled.Cwp9ZwOM_dsYhO.webp (reused cache entry) (+1ms) (1809/4121)
09:05:08   ▶ /_astro/ART_9978-Bearbeitet-1024x683.DTaT48qi_185fa8.webp (reused cache entry) (+1ms) (1810/4121)
09:05:08   ▶ /_astro/ART_0021-Bearbeitet-scaled.B815gj5X_AmnNc.webp (reused cache entry) (+1ms) (1811/4121)
09:05:08   ▶ /_astro/ART_9644-Bearbeitet-scaled.CPeTMYLq_Z110r9M.webp (reused cache entry) (+2ms) (1812/4121)
09:05:08   ▶ /_astro/ART_9984-Bearbeitet-scaled.7hdU-RkL_ZOVOTD.webp (reused cache entry) (+1ms) (1813/4121)
09:05:08   ▶ /_astro/ART_9664-scaled.B9GZDfM-_1h8rGs.webp (reused cache entry) (+2ms) (1814/4121)
09:05:08   ▶ /_astro/ART_0011-Bearbeitet-scaled.D5qbI9-s_1xttii.webp (reused cache entry) (+2ms) (1815/4121)
09:05:08   ▶ /_astro/ART_9996-Bearbeitet-1024x683.Db1A_a_e_Z1uuFg5.webp (reused cache entry) (+1ms) (1816/4121)
09:05:08   ▶ /_astro/ART_0102-Bearbeitet-scaled.B5LLCZ5d_20GhNy.webp (reused cache entry) (+2ms) (1817/4121)
09:05:08   ▶ /_astro/ART_0096-Bearbeitet-Bearbeitet-scaled.Dyy8mS4T_ZD27lF.webp (reused cache entry) (+2ms) (1818/4121)
09:05:08   ▶ /_astro/ART_0007-Bearbeitet-scaled.CWxX_-v3_CSzzt.webp (reused cache entry) (+1ms) (1819/4121)
09:05:08   ▶ /_astro/ART_9985-Bearbeitet-scaled.CqirWSil_2gLdTa.webp (reused cache entry) (+2ms) (1820/4121)
09:05:08   ▶ /_astro/ART_9978-Bearbeitet-1024x683.DTaT48qi_ZeweGR.webp (reused cache entry) (+1ms) (1821/4121)
09:05:08   ▶ /_astro/ART_0023-Bearbeitet-scaled.Cwp9ZwOM_HD8Kn.webp (reused cache entry) (+2ms) (1822/4121)
09:05:08   ▶ /_astro/ART_0021-Bearbeitet-scaled.B815gj5X_15wxgK.webp (reused cache entry) (+2ms) (1823/4121)
09:05:08   ▶ /_astro/ART_9644-Bearbeitet-scaled.CPeTMYLq_Z1PHL7L.webp (reused cache entry) (+2ms) (1824/4121)
09:05:08   ▶ /_astro/ART_9984-Bearbeitet-scaled.7hdU-RkL_Z29oG8.webp (reused cache entry) (+2ms) (1825/4121)
09:05:08   ▶ /_astro/ART_8886-Bearbeitet-scaled.Cf_XNFPu_Z2nrIyk.webp (reused cache entry) (+1ms) (1826/4121)
09:05:08   ▶ /_astro/ART_9842-Bearbeitet-scaled.D3ahYQ8t_ZDfzUv.webp (reused cache entry) (+1ms) (1827/4121)
09:05:08   ▶ /_astro/ART_9996-Bearbeitet-1024x683.Db1A_a_e_oEW0H.webp (reused cache entry) (+2ms) (1828/4121)
09:05:08   ▶ /_astro/ART_0102-Bearbeitet-scaled.B5LLCZ5d_1aXWPz.webp (reused cache entry) (+1ms) (1829/4121)
09:05:08   ▶ /_astro/ART_9972-Bearbeitet-scaled.DIVbu69i_ZlpCwS.webp (reused cache entry) (+1ms) (1830/4121)
09:05:08   ▶ /_astro/ART_0007-Bearbeitet-scaled.CWxX_-v3_183J32.webp (reused cache entry) (+2ms) (1831/4121)
09:05:08   ▶ /_astro/ART_9978-Bearbeitet-1024x683.DTaT48qi_AJAKv.webp (reused cache entry) (+1ms) (1832/4121)
09:05:08   ▶ /_astro/ART_0096-Bearbeitet-Bearbeitet-scaled.Dyy8mS4T_1Rq7z3.webp (reused cache entry) (+2ms) (1833/4121)
09:05:08   ▶ /_astro/ART_8882-Bearbeitet-scaled.CawZs9p5_1Mjz2S.webp (reused cache entry) (+1ms) (1834/4121)
09:05:08   ▶ /_astro/ART_0023-Bearbeitet-scaled.Cwp9ZwOM_Z74bcB.webp (reused cache entry) (+1ms) (1835/4121)
09:05:08   ▶ /_astro/ART_9984-Bearbeitet-scaled.7hdU-RkL_s0JLq.webp (reused cache entry) (+1ms) (1836/4121)
09:05:08   ▶ /_astro/ART_0021-Bearbeitet-scaled.B815gj5X_fOdiL.webp (reused cache entry) (+2ms) (1837/4121)
09:05:08   ▶ /_astro/ART_9842-Bearbeitet-scaled.D3ahYQ8t_9wPi0.webp (reused cache entry) (+1ms) (1838/4121)
09:05:08   ▶ /_astro/ART_9306-Bearbeitet-scaled.D7gayR9S_ZjY8SO.webp (reused cache entry) (+1ms) (1839/4121)
09:05:08   ▶ /_astro/ART_9170-Bearbeitet-1024x683.D_V2uw9C_Z1xXfd8.webp (reused cache entry) (+1ms) (1840/4121)
09:05:08   ▶ /_astro/ART_8886-Bearbeitet-scaled.Cf_XNFPu_Z1zEikO.webp (reused cache entry) (+2ms) (1841/4121)
09:05:08   ▶ /_astro/ART_9972-Bearbeitet-scaled.DIVbu69i_rmMFC.webp (reused cache entry) (+1ms) (1842/4121)
09:05:08   ▶ /_astro/ART_9978-Bearbeitet-1024x683.DTaT48qi_Zw9gO9.webp (reused cache entry) (+1ms) (1843/4121)
09:05:08   ▶ /_astro/ART_0007-Bearbeitet-scaled.CWxX_-v3_ilp53.webp (reused cache entry) (+1ms) (1844/4121)
09:05:08   ▶ /_astro/ART_8882-Bearbeitet-scaled.CawZs9p5_Z2u58xx.webp (reused cache entry) (+1ms) (1845/4121)
09:05:08   ▶ /_astro/ART_0096-Bearbeitet-Bearbeitet-scaled.Dyy8mS4T_2hO60c.webp (reused cache entry) (+2ms) (1846/4121)
09:05:08   ▶ /_astro/ART_8851-Bearbeitet-scaled.BKjMDQcd_Z1giqM.webp (reused cache entry) (+1ms) (1847/4121)
09:05:08   ▶ /_astro/ART_9984-Bearbeitet-scaled.7hdU-RkL_ZmGzby.webp (reused cache entry) (+1ms) (1848/4121)
09:05:08   ▶ /_astro/ART_8691-Bearbeitet-scaled.iBp-ROZ9_13PXoP.webp (reused cache entry) (+1ms) (1849/4121)
09:05:08   ▶ /_astro/ART_9306-Bearbeitet-scaled.D7gayR9S_sNhjG.webp (reused cache entry) (+1ms) (1850/4121)
09:05:08   ▶ /_astro/ART_9170-Bearbeitet-1024x683.D_V2uw9C_29BoIN.webp (reused cache entry) (+1ms) (1851/4121)
09:05:08   ▶ /_astro/ART_9842-Bearbeitet-scaled.D3ahYQ8t_DGYKy.webp (reused cache entry) (+1ms) (1852/4121)
09:05:08   ▶ /_astro/ART_9463-Bearbeitet-1-scaled.CDIK6jIk_ZaYHcn.webp (reused cache entry) (+1ms) (1853/4121)
09:05:08   ▶ /_astro/ART_8608-Bearbeitet-Bearbeitet-scaled.DDjeTDb6_Z2m7SRa.webp (reused cache entry) (+1ms) (1854/4121)
09:05:08   ▶ /_astro/ART_9972-Bearbeitet-scaled.DIVbu69i_VwW9b.webp (reused cache entry) (+1ms) (1855/4121)
09:05:08   ▶ /_astro/ART_8886-Bearbeitet-scaled.Cf_XNFPu_Z15u8Rg.webp (reused cache entry) (+2ms) (1856/4121)
09:05:08   ▶ /_astro/ART_9477-Bearbeitet-1-scaled.D2ZmHIbx_ZuQ15I.webp (reused cache entry) (+1ms) (1857/4121)
09:05:08   ▶ /_astro/ART_8882-Bearbeitet-scaled.CawZs9p5_Z1YTY4Y.webp (reused cache entry) (+1ms) (1858/4121)
09:05:08   ▶ /_astro/ART_9793-Verbessert-RR-Bearbeitet-1-scaled.uvlogwAg_ZUXm5U.webp (reused cache entry) (+1ms) (1859/4121)
09:05:08   ▶ /_astro/ART_8851-Bearbeitet-scaled.BKjMDQcd_Lw7LI.webp (reused cache entry) (+1ms) (1860/4121)
09:05:08   ▶ /_astro/ART_9170-Bearbeitet-1024x683.D_V2uw9C_Z25iSBK.webp (reused cache entry) (+1ms) (1861/4121)
09:05:08   ▶ /_astro/ART_8691-Bearbeitet-scaled.iBp-ROZ9_1QDoCl.webp (reused cache entry) (+1ms) (1862/4121)
09:05:08   ▶ /_astro/ART_9842-Bearbeitet-scaled.D3ahYQ8t_Zb0kcq.webp (reused cache entry) (+1ms) (1863/4121)
09:05:08   ▶ /_astro/ART_9306-Bearbeitet-scaled.D7gayR9S_WXqMf.webp (reused cache entry) (+2ms) (1864/4121)
09:05:08   ▶ /_astro/ART_9463-Bearbeitet-1-scaled.CDIK6jIk_Z1YJtMb.webp (reused cache entry) (+1ms) (1865/4121)
09:05:08   ▶ /_astro/ART_8608-Bearbeitet-Bearbeitet-scaled.DDjeTDb6_Z20JmW5.webp (reused cache entry) (+2ms) (1866/4121)
09:05:08   ▶ /_astro/ART_9972-Bearbeitet-scaled.DIVbu69i_6OCbc.webp (reused cache entry) (+2ms) (1867/4121)
09:05:08   ▶ /_astro/ART_9477-Bearbeitet-1-scaled.D2ZmHIbx_Z2jAMFw.webp (reused cache entry) (+2ms) (1868/4121)
09:05:08   ▶ /_astro/ART_8886-Bearbeitet-scaled.Cf_XNFPu_Z1UcsPf.webp (reused cache entry) (+2ms) (1869/4121)
09:05:08   ▶ /_astro/ART_9793-Verbessert-RR-Bearbeitet-1-scaled.uvlogwAg_Z1MxJ3u.webp (reused cache entry) (+2ms) (1870/4121)
09:05:08   ▶ /_astro/ART_8882-Bearbeitet-scaled.CawZs9p5_2fyOKX.webp (reused cache entry) (+2ms) (1871/4121)
09:05:08   ▶ /_astro/ART_9170-Bearbeitet-1024x683.D_V2uw9C_Z2wJoxk.webp (reused cache entry) (+2ms) (1872/4121)
09:05:08   ▶ /_astro/ART_8851-Bearbeitet-scaled.BKjMDQcd_1gGhfh.webp (reused cache entry) (+2ms) (1873/4121)
09:05:08   ▶ /_astro/ART_9816-1-scaled.BsjxV7uy_2mMSCx.webp (reused cache entry) (+2ms) (1874/4121)
09:05:08   ▶ /_astro/ART_9306-Bearbeitet-scaled.D7gayR9S_8g6Og.webp (reused cache entry) (+2ms) (1875/4121)
09:05:08   ▶ /_astro/ART_8691-Bearbeitet-scaled.iBp-ROZ9_2lNy5T.webp (reused cache entry) (+2ms) (1876/4121)
09:05:08   ▶ /_astro/ART_9463-Bearbeitet-1-scaled.CDIK6jIk_ZgJSoc.webp (reused cache entry) (+2ms) (1877/4121)
09:05:08   ▶ /_astro/ART_8286-Bearbeitet-1-1024x683.BwU7sHVL_ZxMpTQ.webp (reused cache entry) (+2ms) (1878/4121)
09:05:08   ▶ /_astro/ART_8608-Bearbeitet-Bearbeitet-scaled.DDjeTDb6_uHQXD.webp (reused cache entry) (+2ms) (1879/4121)
09:05:08   ▶ /_astro/ART_9808-Verbessert-RR-Bearbeitet-1-scaled.OssWowhd_1pJW99.webp (reused cache entry) (+2ms) (1880/4121)
09:05:08   ▶ /_astro/ART_9477-Bearbeitet-1-scaled.D2ZmHIbx_ZABchx.webp (reused cache entry) (+2ms) (1881/4121)
09:05:08   ▶ /_astro/ART_9474-Bearbeitet-1-scaled.CibJciDA_WRt2W.webp (reused cache entry) (+1ms) (1882/4121)
09:05:08   ▶ /_astro/ART_9793-Verbessert-RR-Bearbeitet-1-scaled.uvlogwAg_ZtDV1f.webp (reused cache entry) (+2ms) (1883/4121)
09:05:08   ▶ /_astro/ART_9814-Bearbeitet-1-819x1024.xOjiitN-_ZrOpMI.webp (reused cache entry) (+2ms) (1884/4121)
09:05:08   ▶ /_astro/ART_9816-1-scaled.BsjxV7uy_ZUDhzQ.webp (reused cache entry) (+2ms) (1885/4121)
09:05:08   ▶ /_astro/ART_9456-Bearbeitet-1-scaled.GOt_svF4_Z2q8Xhn.webp (reused cache entry) (+1ms) (1886/4121)
09:05:08   ▶ /_astro/ART_8851-Bearbeitet-scaled.BKjMDQcd_qXWhi.webp (reused cache entry) (+2ms) (1887/4121)
09:05:08   ▶ /_astro/ART_8286-Bearbeitet-1-1024x683.BwU7sHVL_1FGya1.webp (reused cache entry) (+1ms) (1888/4121)
09:05:08   ▶ /_astro/ART_9463-Bearbeitet-1-scaled.CDIK6jIk_5YvTg.webp (reused cache entry) (+2ms) (1889/4121)
09:05:08   ▶ /_astro/ART_8691-Bearbeitet-scaled.iBp-ROZ9_1w6e7U.webp (reused cache entry) (+2ms) (1890/4121)
09:05:08   ▶ /_astro/ART_9808-Verbessert-RR-Bearbeitet-1-scaled.OssWowhd_yazbz.webp (reused cache entry) (+1ms) (1891/4121)
09:05:08   ▶ /_astro/ART_8608-Bearbeitet-Bearbeitet-scaled.DDjeTDb6_U6PoM.webp (reused cache entry) (+2ms) (1892/4121)
09:05:08   ▶ /_astro/ART_9474-Bearbeitet-1-scaled.CibJciDA_ZPRiwQ.webp (reused cache entry) (+1ms) (1893/4121)
09:05:08   ▶ /_astro/ART_9477-Bearbeitet-1-scaled.D2ZmHIbx_ZdQLY5.webp (reused cache entry) (+2ms) (1894/4121)
09:05:08   ▶ /_astro/ART_9814-Bearbeitet-1-819x1024.xOjiitN-_ZfTUA3.webp (reused cache entry) (+1ms) (1895/4121)
09:05:08   ▶ /_astro/ART_9456-Bearbeitet-1-scaled.GOt_svF4_PinVK.webp (reused cache entry) (+1ms) (1896/4121)
09:05:08   ▶ /_astro/ART_9793-Verbessert-RR-Bearbeitet-1-scaled.uvlogwAg_Z1rko9C.webp (reused cache entry) (+2ms) (1897/4121)
09:05:08   ▶ /_astro/ART_9816-1-scaled.BsjxV7uy_uwpra.webp (reused cache entry) (+2ms) (1898/4121)
09:05:08   ▶ /_astro/ART_8704-Bearbeitet-1-scaled.CeAe_z7E_1SzyXS.webp (reused cache entry) (+1ms) (1899/4121)
09:05:08   ▶ /_astro/ART_9463-Bearbeitet-1-scaled.CDIK6jIk_uzjoo.webp (reused cache entry) (+1ms) (1900/4121)
09:05:08   ▶ /_astro/ART_8286-Bearbeitet-1-1024x683.BwU7sHVL_kUeG2.webp (reused cache entry) (+1ms) (1901/4121)
09:05:08   ▶ /_astro/ART_8427-Bearbeitet-2-1024x683.RCvqE63P_7PsdQ.webp (reused cache entry) (+1ms) (1902/4121)
09:05:08   ▶ /_astro/ART_8802-Verbessert-RR-1-scaled.CUY9tcap_ZymdUn.webp (reused cache entry) (+1ms) (1903/4121)
09:05:08   ▶ /_astro/ART_9808-Verbessert-RR-Bearbeitet-1-scaled.OssWowhd_1R4ndO.webp (reused cache entry) (+1ms) (1904/4121)
09:05:08   ▶ /_astro/ART_8791-Bearbeitet-2-1-scaled.CIofUsvW_Z2piNWJ.webp (reused cache entry) (+1ms) (1905/4121)
09:05:08   ▶ /_astro/ART_9474-Bearbeitet-1-scaled.CibJciDA_R7hQ8.webp (reused cache entry) (+1ms) (1906/4121)
09:05:08   ▶ /_astro/ART_9814-Bearbeitet-1-819x1024.xOjiitN-_7Aohv.webp (reused cache entry) (+1ms) (1907/4121)
09:05:08   ▶ /_astro/ART_8700-Bearbeitet-1-scaled.CGsfM5Zi_Z1ybRB6.webp (reused cache entry) (+1ms) (1908/4121)
09:05:08   ▶ /_astro/ART_9456-Bearbeitet-1-scaled.GOt_svF4_Z2vT9tc.webp (reused cache entry) (+1ms) (1909/4121)
09:05:08   ▶ /_astro/ART_9816-1-scaled.BsjxV7uy_20cjpc.webp (reused cache entry) (+1ms) (1910/4121)
09:05:08   ▶ /_astro/ART_8704-Bearbeitet-1-scaled.CeAe_z7E_4OMo5.webp (reused cache entry) (+1ms) (1911/4121)
09:05:08   ▶ /_astro/ART_9463-Bearbeitet-1-scaled.CDIK6jIk_Qq5Bn.webp (reused cache entry) (+2ms) (1912/4121)
09:05:08   ▶ /_astro/ART_8286-Bearbeitet-1-1024x683.BwU7sHVL_22qjXE.webp (reused cache entry) (+2ms) (1913/4121)
09:05:08   ▶ /_astro/ART_8427-Bearbeitet-2-1024x683.RCvqE63P_2mkriI.webp (reused cache entry) (+1ms) (1914/4121)
09:05:08   ▶ /_astro/ART_8802-Verbessert-RR-1-scaled.CUY9tcap_Z1N91pf.webp (reused cache entry) (+1ms) (1915/4121)
09:05:08   ▶ /_astro/ART_9808-Verbessert-RR-Bearbeitet-1-scaled.OssWowhd_TnU5r.webp (reused cache entry) (+2ms) (1916/4121)
09:05:08   ▶ /_astro/ART_8791-Bearbeitet-2-1-scaled.CIofUsvW_ZvGOck.webp (reused cache entry) (+2ms) (1917/4121)
09:05:08   ▶ /_astro/ART_9474-Bearbeitet-1-scaled.CibJciDA_1eQH9A.webp (reused cache entry) (+2ms) (1918/4121)
09:05:08   ▶ /_astro/ART_8242-Bearbeitet-1-scaled.C1HcyQOp_Z2CFhn.webp (reused cache entry) (+1ms) (1919/4121)
09:05:08   ▶ /_astro/ART_8619-Bearbeitet-2-1-scaled.Dt4IeCtz_Z1E9Hsy.webp (reused cache entry) (+1ms) (1920/4121)
09:05:08   ▶ /_astro/ART_9456-Bearbeitet-1-scaled.GOt_svF4_Z299JaJ.webp (reused cache entry) (+2ms) (1921/4121)
09:05:08   ▶ /_astro/ART_8700-Bearbeitet-1-scaled.CGsfM5Zi_1HftC2.webp (reused cache entry) (+2ms) (1922/4121)
09:05:08   ▶ /_astro/ART_8704-Bearbeitet-1-scaled.CeAe_z7E_1MOnM4.webp (reused cache entry) (+2ms) (1923/4121)
09:05:08   ▶ /_astro/ART_8686-Bearbeitet-1-scaled.CJBlueKW_Z20kdWT.webp (reused cache entry) (+1ms) (1924/4121)
09:05:08   ▶ /_astro/ART_9463-Bearbeitet-1-scaled.CDIK6jIk_sgw03.webp (reused cache entry) (+2ms) (1925/4121)
09:05:08   ▶ /_astro/ART_8427-Bearbeitet-2-1024x683.RCvqE63P_11y7OJ.webp (reused cache entry) (+1ms) (1926/4121)
09:05:08   ▶ /_astro/ART_8434-2-scaled.DbVDvREV_1NQRC9.webp (reused cache entry) (+1ms) (1927/4121)
09:05:08   ▶ /_astro/ART_8324-1024x683.DUg6IUdA_Z21fQrY.webp (reused cache entry) (+1ms) (1928/4121)
09:05:08   ▶ /_astro/ART_8802-Verbessert-RR-1-scaled.CUY9tcap_Z13TOCK.webp (reused cache entry) (+2ms) (1929/4121)
09:05:08   ▶ /_astro/ART_8791-Bearbeitet-2-1-scaled.CIofUsvW_fKpdt.webp (reused cache entry) (+2ms) (1930/4121)
09:05:08   ▶ /_astro/ART_8308-Bearbeitet-1024x683.DziKUXl2_Z1jnOcw.webp (reused cache entry) (+1ms) (1931/4121)
09:05:08   ▶ /_astro/ART_8242-Bearbeitet-1-scaled.C1HcyQOp_Z1QnrRb.webp (reused cache entry) (+2ms) (1932/4121)
09:05:08   ▶ /_astro/ART_8619-Bearbeitet-2-1-scaled.Dt4IeCtz_erhhQ.webp (reused cache entry) (+1ms) (1933/4121)
09:05:08   ▶ /_astro/ART_8686-Bearbeitet-1-scaled.CJBlueKW_1g78ge.webp (reused cache entry) (+1ms) (1934/4121)
09:05:08   ▶ /_astro/ART_9463-Bearbeitet-1-scaled.CDIK6jIk_Z1ISD5p.webp (reused cache entry) (+1ms) (1935/4121)
09:05:08   ▶ /_astro/ART_8704-Bearbeitet-1-scaled.CeAe_z7E_2ayN5w.webp (reused cache entry) (+2ms) (1936/4121)
09:05:08   ▶ /_astro/ART_8700-Bearbeitet-1-scaled.CGsfM5Zi_Z1DW3MU.webp (reused cache entry) (+2ms) (1937/4121)
09:05:08   ▶ /_astro/ART_8427-Bearbeitet-2-1024x683.RCvqE63P_Z2dMRGa.webp (reused cache entry) (+2ms) (1938/4121)
09:05:08   ▶ /_astro/ART_8434-2-scaled.DbVDvREV_Z1tziAf.webp (reused cache entry) (+2ms) (1939/4121)
09:05:08   ▶ /_astro/ART_8324-1024x683.DUg6IUdA_Z1rpwRL.webp (reused cache entry) (+1ms) (1940/4121)
09:05:08   ▶ /_astro/ART_8802-Verbessert-RR-1-scaled.CUY9tcap_Z2tcNSd.webp (reused cache entry) (+2ms) (1941/4121)
09:05:08   ▶ /_astro/ART_8308-Bearbeitet-1024x683.DziKUXl2_2obOJp.webp (reused cache entry) (+1ms) (1942/4121)
09:05:08   ▶ /_astro/ART_8791-Bearbeitet-2-1-scaled.CIofUsvW_Z1zOW4K.webp (reused cache entry) (+1ms) (1943/4121)
09:05:08   ▶ /_astro/ART_8242-Bearbeitet-1-scaled.C1HcyQOp_Z8nQtc.webp (reused cache entry) (+2ms) (1944/4121)
09:05:08   ▶ /_astro/ART_8619-Bearbeitet-2-1-scaled.Dt4IeCtz_10TvHE.webp (reused cache entry) (+2ms) (1945/4121)
09:05:08   ▶ /_astro/ART_9463-Bearbeitet-1-scaled.CDIK6jIk_Z644kF.webp (reused cache entry) (+2ms) (1946/4121)
09:05:08   ▶ /_astro/ART_8686-Bearbeitet-1-scaled.CJBlueKW_Z265p9I.webp (reused cache entry) (+2ms) (1947/4121)
09:05:08   ▶ /_astro/ART_8546-2-1024x683.DfL8ECYL_ZD3Esu.webp (reused cache entry) (+2ms) (1948/4121)
09:05:08   ▶ /_astro/ART_8427-Bearbeitet-2-1024x683.RCvqE63P_Z1fSiqt.webp (reused cache entry) (+2ms) (1949/4121)
09:05:08   ▶ /_astro/ART_8700-Bearbeitet-1-scaled.CGsfM5Zi_Z1hcDus.webp (reused cache entry) (+2ms) (1950/4121)
09:05:08   ▶ /_astro/ART_8434-2-scaled.DbVDvREV_Z3oAye.webp (reused cache entry) (+2ms) (1951/4121)
09:05:08   ▶ /_astro/ART_8426-2-1024x683.BmNlsRjM_180dWp.webp (reused cache entry) (+1ms) (1952/4121)
09:05:08   ▶ /_astro/ART_8324-1024x683.DUg6IUdA_i19wo.webp (reused cache entry) (+2ms) (1953/4121)
09:05:08   ▶ /_astro/ART_8452-2-scaled.JMhlMKXK_ZI9VwX.webp (reused cache entry) (+2ms) (1954/4121)
09:05:08   ▶ /_astro/ART_8308-Bearbeitet-1024x683.DziKUXl2_Z1PIsB9.webp (reused cache entry) (+2ms) (1955/4121)
09:05:08   ▶ /_astro/ART_8242-Bearbeitet-1-scaled.C1HcyQOp_elxOg.webp (reused cache entry) (+1ms) (1956/4121)
09:05:08   ▶ /_astro/ART_8619-Bearbeitet-2-1-scaled.Dt4IeCtz_ZOFPzz.webp (reused cache entry) (+1ms) (1957/4121)
09:05:08   ▶ /_astro/ART_8686-Bearbeitet-1-scaled.CJBlueKW_Z1IkYQg.webp (reused cache entry) (+2ms) (1958/4121)
09:05:08   ▶ /_astro/ART_8546-2-1024x683.DfL8ECYL_1tueTf.webp (reused cache entry) (+2ms) (1959/4121)
09:05:08   ▶ /_astro/ART_8427-Bearbeitet-2-1024x683.RCvqE63P_Z8Bjzg.webp (reused cache entry) (+1ms) (1960/4121)
09:05:08   ▶ /_astro/ART_8426-2-1024x683.BmNlsRjM_Z1OD0tM.webp (reused cache entry) (+1ms) (1961/4121)
09:05:08   ▶ /_astro/ART_8434-2-scaled.DbVDvREV_1rgioN.webp (reused cache entry) (+2ms) (1962/4121)
09:05:08   ▶ /_astro/ART_1916-Bearbeitet.ByfVTV-u_1WBGXc.webp (reused cache entry) (+2ms) (1963/4121)
09:05:08   ▶ /_astro/ART_8324-1024x683.DUg6IUdA_ZhW4f.webp (reused cache entry) (+2ms) (1964/4121)
09:05:08   ▶ /_astro/ART_8452-2-scaled.JMhlMKXK_13A13z.webp (reused cache entry) (+2ms) (1965/4121)
09:05:08   ▶ /_astro/ART_8308-Bearbeitet-1024x683.DziKUXl2_ZcVk3s.webp (reused cache entry) (+2ms) (1966/4121)
09:05:08   ▶ /_astro/ART_0905-Pano-2.BDQVr5TT_1aEFhA.webp (reused cache entry) (+3ms) (1967/4121)
09:05:08   ▶ /_astro/ART_8546-2-1024x683.DfL8ECYL_Zp7pak.webp (reused cache entry) (+2ms) (1968/4121)
09:05:08   ▶ /_astro/ART_2343-Bearbeitet.CjNKLbCM_ZB72H8.webp (reused cache entry) (+3ms) (1969/4121)
09:05:08   ▶ /_astro/ART_8427-Bearbeitet-2-1024x683.RCvqE63P_Z1fVTL4.webp (reused cache entry) (+3ms) (1970/4121)
09:05:08   ▶ /_astro/ART_1601.RWaxc2yv_ZwdY4A.webp (reused cache entry) (+3ms) (1971/4121)
09:05:08   ▶ /_astro/ART_8426-2-1024x683.BmNlsRjM_1lVtfz.webp (reused cache entry) (+3ms) (1972/4121)
09:05:08   ▶ /_astro/ART_2632-Bearbeitet.CtT0F9FD_OGLNq.webp (reused cache entry) (+3ms) (1973/4121)
09:05:08   ▶ /_astro/ART_8452-2-scaled.JMhlMKXK_2tKI5A.webp (reused cache entry) (+3ms) (1974/4121)
09:05:08   ▶ /_astro/ART_1916-Bearbeitet.ByfVTV-u_2wHfxp.webp (reused cache entry) (+4ms) (1975/4121)
09:05:08   ▶ /_astro/ART_3162.Cv2Lp_Vh_29vpIe.webp (reused cache entry) (+4ms) (1976/4121)
09:05:08   ▶ /_astro/ART_2632-hochformat.Br35b2pX_1ianME.webp (reused cache entry) (+4ms) (1977/4121)
09:05:08   ▶ /_astro/ART_2343-Bearbeitet.CjNKLbCM_17xNvR.webp (reused cache entry) (+2ms) (1978/4121)
09:05:08   ▶ /_astro/ART_8546-2-1024x683.DfL8ECYL_O7LdI.webp (reused cache entry) (+3ms) (1979/4121)
09:05:08   ▶ /_astro/ART_0905-Pano-2.BDQVr5TT_35vMl.webp (reused cache entry) (+4ms) (1980/4121)
09:05:08   ▶ /_astro/ART_8427-Bearbeitet-2-1024x683.RCvqE63P_e8teA.webp (reused cache entry) (+3ms) (1981/4121)
09:05:08   ▶ /_astro/ART_8426-2-1024x683.BmNlsRjM_Zc59BB.webp (reused cache entry) (+3ms) (1982/4121)
09:05:08   ▶ /_astro/ART_2632-Bearbeitet.CtT0F9FD_Z1hHg53.webp (reused cache entry) (+3ms) (1983/4121)
09:05:08   ▶ /_astro/ART_3183.Dk3UWMC0_2kRAhi.webp (reused cache entry) (+5ms) (1984/4121)
09:05:08   ▶ /_astro/ART_1601.RWaxc2yv_2lzACS.webp (reused cache entry) (+3ms) (1985/4121)
09:05:08   ▶ /_astro/ART_3162.Cv2Lp_Vh_ZFspyO.webp (reused cache entry) (+2ms) (1986/4121)
09:05:08   ▶ /_astro/ART_8452-2-scaled.JMhlMKXK_Z15KvKj.webp (reused cache entry) (+2ms) (1987/4121)
09:05:08   ▶ /_astro/ART_2632-hochformat.Br35b2pX_Z3ymoK.webp (reused cache entry) (+2ms) (1988/4121)
09:05:08   ▶ /_astro/ART_2343-Bearbeitet.CjNKLbCM_Z2cpGyB.webp (reused cache entry) (+2ms) (1989/4121)
09:05:08   ▶ /_astro/ART_8427-Bearbeitet-2-1024x683.RCvqE63P_rdUdx.webp (reused cache entry) (+2ms) (1990/4121)
09:05:08   ▶ /_astro/ART_1916-Bearbeitet.ByfVTV-u_2nVlI5.webp (reused cache entry) (+3ms) (1991/4121)
09:05:08   ▶ /_astro/ART_0905-Pano-2.BDQVr5TT_1aKfc.webp (reused cache entry) (+2ms) (1992/4121)
09:05:08   ▶ /_astro/ART_3183.Dk3UWMC0_ZF63zG.webp (reused cache entry) (+2ms) (1993/4121)
09:05:08   ▶ /_astro/ART_3217.CkAKCNKs_ZbKdMd.webp (reused cache entry) (+3ms) (1994/4121)
09:05:08   ▶ /_astro/ART_2632-Bearbeitet.CtT0F9FD_svmDp.webp (reused cache entry) (+2ms) (1995/4121)
09:05:08   ▶ /_astro/ART_3162.Cv2Lp_Vh_laIcj.webp (reused cache entry) (+2ms) (1996/4121)
09:05:08   ▶ /_astro/ART_3318.Ddkc8Hae_ZsRxwG.webp (reused cache entry) (+3ms) (1997/4121)
09:05:08   ▶ /_astro/ART_1601.RWaxc2yv_ZrGsBj.webp (reused cache entry) (+3ms) (1998/4121)
09:05:08   ▶ /_astro/ART_0719-Bearbeitet.1ga3nZ_U_2oX9Ik.webp (reused cache entry) (+3ms) (1999/4121)
09:05:08   ▶ /_astro/ART_2632-hochformat.Br35b2pX_Z1iebYQ.webp (reused cache entry) (+3ms) (2000/4121)
09:05:08   ▶ /_astro/ART_2343-Bearbeitet.CjNKLbCM_26HfG5.webp (reused cache entry) (+3ms) (2001/4121)
09:05:08   ▶ /_astro/ART_3183.Dk3UWMC0_lx5br.webp (reused cache entry) (+2ms) (2002/4121)
09:05:08   ▶ /_astro/ART_3217.CkAKCNKs_Z1J7GjU.webp (reused cache entry) (+3ms) (2003/4121)
09:05:08   ▶ /_astro/ART_0905-Pano-2.BDQVr5TT_2rg8AP.webp (reused cache entry) (+3ms) (2004/4121)
09:05:08   ▶ /_astro/ART_2193-Bearbeitet.C4e45AbI_21T1IA.webp (reused cache entry) (+4ms) (2005/4121)
09:05:08   ▶ /_astro/ART_3318.Ddkc8Hae_3nUzG.webp (reused cache entry) (+2ms) (2006/4121)
09:05:08   ▶ /_astro/ART_1916-Bearbeitet.ByfVTV-u_Z1ixdOw.webp (reused cache entry) (+4ms) (2007/4121)
09:05:08   ▶ /_astro/ART_3162.Cv2Lp_Vh_ZEEqyR.webp (reused cache entry) (+3ms) (2008/4121)
09:05:08   ▶ /_astro/ART_2632-Bearbeitet.CtT0F9FD_ZixNTP.webp (reused cache entry) (+4ms) (2009/4121)
09:05:08   ▶ /_astro/ART_0719-Bearbeitet.1ga3nZ_U_sDdpc.webp (reused cache entry) (+3ms) (2010/4121)
09:05:08   ▶ /_astro/ART_2343-Bearbeitet.CjNKLbCM_Z24jhFR.webp (reused cache entry) (+3ms) (2011/4121)
09:05:08   ▶ /_astro/ART_3183.Dk3UWMC0_ZEi4zJ.webp (reused cache entry) (+2ms) (2012/4121)
09:05:08   ▶ /_astro/ART_1601.RWaxc2yv_Z25CRgS.webp (reused cache entry) (+4ms) (2013/4121)
09:05:08   ▶ /_astro/ART_2632-hochformat.Br35b2pX_ZuX5pj.webp (reused cache entry) (+3ms) (2014/4121)
09:05:08   ▶ /_astro/ART_3217.CkAKCNKs_ZHtxxM.webp (reused cache entry) (+3ms) (2015/4121)
09:05:08   ▶ /_astro/ART_3318.Ddkc8Hae_1524lO.webp (reused cache entry) (+2ms) (2016/4121)
09:05:08   ▶ /_astro/ART_2193-Bearbeitet.C4e45AbI_Zm87VC.webp (reused cache entry) (+2ms) (2017/4121)
09:05:08   ▶ /_astro/ART_3162.Cv2Lp_Vh_2pqIj8.webp (reused cache entry) (+2ms) (2018/4121)
09:05:08   ▶ /_astro/ART_0905-Pano-2.BDQVr5TT_Z14sY9b.webp (reused cache entry) (+4ms) (2019/4121)
09:05:08   ▶ /_astro/ART_2632-Bearbeitet.CtT0F9FD_ZCusaj.webp (reused cache entry) (+3ms) (2020/4121)
09:05:08   ▶ /_astro/ART_0719-Bearbeitet.1ga3nZ_U_ZL1BaT.webp (reused cache entry) (+3ms) (2021/4121)
09:05:08   ▶ /_astro/ART_1916-Bearbeitet.ByfVTV-u_2k6e01.webp (reused cache entry) (+4ms) (2022/4121)
09:05:08   ▶ /_astro/ART_3183.Dk3UWMC0_Z2toeVJ.webp (reused cache entry) (+3ms) (2023/4121)
09:05:08   ▶ /_astro/ART_3217.CkAKCNKs_Z1IjHjX.webp (reused cache entry) (+3ms) (2024/4121)
09:05:08   ▶ /_astro/ART_2219.Dj3f_PJc_nmKeF.webp (reused cache entry) (+4ms) (2025/4121)
09:05:08   ▶ /_astro/ART_3318.Ddkc8Hae_4bTzD.webp (reused cache entry) (+3ms) (2026/4121)
09:05:08   ▶ /_astro/ART_1601.RWaxc2yv_2nYTke.webp (reused cache entry) (+4ms) (2027/4121)
09:05:08   ▶ /_astro/ART_2632-hochformat.Br35b2pX_2gR3Nz.webp (reused cache entry) (+4ms) (2028/4121)
09:05:08   ▶ /_astro/ART_0905-Pano-2.BDQVr5TT_Z1h2ssm.webp (reused cache entry) (+3ms) (2029/4121)
09:05:08   ▶ /_astro/ART_2193-Bearbeitet.C4e45AbI_Z1AMWwI.webp (reused cache entry) (+4ms) (2030/4121)
09:05:08   ▶ /_astro/ART_0719-Bearbeitet.1ga3nZ_U_1euoD.webp (reused cache entry) (+3ms) (2031/4121)
09:05:08   ▶ /_astro/ART_1916-Bearbeitet.ByfVTV-u_Z11i7JS.webp (reused cache entry) (+3ms) (2032/4121)
09:05:08   ▶ /_astro/ART_2275.Q9L1Jetn_Zaov7j.webp (reused cache entry) (+5ms) (2033/4121)
09:05:08   ▶ /_astro/ART_0014.B3hHOVfA_Z1wKzLy.webp (reused cache entry) (+5ms) (2034/4121)
09:05:08   ▶ /_astro/ART_3217.CkAKCNKs_4a4MG.webp (reused cache entry) (+3ms) (2035/4121)
09:05:08   ▶ /_astro/ART_2219.Dj3f_PJc_Z1lc7Uk.webp (reused cache entry) (+3ms) (2036/4121)
09:05:08   ▶ /_astro/ART_1601.RWaxc2yv_2o9sD8.webp (reused cache entry) (+3ms) (2037/4121)
09:05:08   ▶ /_astro/ART_3318.Ddkc8Hae_ZcWeVM.webp (reused cache entry) (+3ms) (2038/4121)
09:05:08   ▶ /_astro/ART_0033.Dtg46pw-_kdvXB.webp (reused cache entry) (+5ms) (2039/4121)
09:05:08   ▶ /_astro/ART_0905-Pano-2.BDQVr5TT_1OoRbU.webp (reused cache entry) (+3ms) (2040/4121)
09:05:08   ▶ /_astro/ART_0276-Bearbeitet.BW9f6LuD_1Xl2kk.webp (reused cache entry) (+4ms) (2041/4121)
09:05:08   ▶ /_astro/ART_2193-Bearbeitet.C4e45AbI_ZNwPWb.webp (reused cache entry) (+4ms) (2042/4121)
09:05:08   ▶ /_astro/ART_2275.Q9L1Jetn_1zOs9l.webp (reused cache entry) (+3ms) (2043/4121)
09:05:08   ▶ /_astro/ART_0719-Bearbeitet.1ga3nZ_U_Z1Gwj4G.webp (reused cache entry) (+3ms) (2044/4121)
09:05:08   ▶ /_astro/ART_1916-Bearbeitet.ByfVTV-u_Z2fWWkY.webp (reused cache entry) (+3ms) (2045/4121)
09:05:08   ▶ /_astro/ART_0014.B3hHOVfA_Z1SYMNo.webp (reused cache entry) (+3ms) (2046/4121)
09:05:08   ▶ /_astro/ART_2219.Dj3f_PJc_TRLhg.webp (reused cache entry) (+3ms) (2047/4121)
09:05:08   ▶ /_astro/ART_1601.RWaxc2yv_ZpWKXd.webp (reused cache entry) (+3ms) (2048/4121)
09:05:08   ▶ /_astro/ART_0033.Dtg46pw-_1e1hom.webp (reused cache entry) (+2ms) (2049/4121)
09:05:08   ▶ /_astro/ART_0276-Bearbeitet.BW9f6LuD_ZgpRe2.webp (reused cache entry) (+2ms) (2050/4121)
09:05:08   ▶ /_astro/ART_0905-Pano-2.BDQVr5TT_1a8DkS.webp (reused cache entry) (+3ms) (2051/4121)
09:05:08   ▶ /_astro/ART_0277-Bearbeitet.B_CuKC8e_114NCA.webp (reused cache entry) (+4ms) (2052/4121)
09:05:08   ▶ /_astro/ART_0289._NXJD_of_EwWF6.webp (reused cache entry) (+4ms) (2053/4121)
09:05:08   ▶ /_astro/ART_2275.Q9L1Jetn_Z1ehLs0.webp (reused cache entry) (+3ms) (2054/4121)
09:05:08   ▶ /_astro/ART_2193-Bearbeitet.C4e45AbI_Z24Ar4q.webp (reused cache entry) (+3ms) (2055/4121)
09:05:08   ▶ /_astro/ART_1916-Bearbeitet.ByfVTV-u_Z1sGPKr.webp (reused cache entry) (+3ms) (2056/4121)
09:05:08   ▶ /_astro/ART_0311.CW2YwczN_2lxNPh.webp (reused cache entry) (+4ms) (2057/4121)
09:05:08   ▶ /_astro/ART_0014.B3hHOVfA_m56oc.webp (reused cache entry) (+3ms) (2058/4121)
09:05:08   ▶ /_astro/ART_2219.Dj3f_PJc_j1s1H.webp (reused cache entry) (+3ms) (2059/4121)
09:05:08   ▶ /_astro/ART_0276-Bearbeitet.BW9f6LuD_1tMKuq.webp (reused cache entry) (+3ms) (2060/4121)
09:05:08   ▶ /_astro/ART_0033.Dtg46pw-_2fEqau.webp (reused cache entry) (+3ms) (2061/4121)
09:05:08   ▶ /_astro/ART_1601.RWaxc2yv_Z11O5dL.webp (reused cache entry) (+4ms) (2062/4121)
09:05:08   ▶ /_astro/ART_0277-Bearbeitet.B_CuKC8e_ZsiTUn.webp (reused cache entry) (+3ms) (2063/4121)
09:05:08   ▶ /_astro/ART_0289._NXJD_of_1SGORO.webp (reused cache entry) (+3ms) (2064/4121)
09:05:08   ▶ /_astro/ART_0905-Pano-2.BDQVr5TT_ZFBrxT.webp (reused cache entry) (+4ms) (2065/4121)
09:05:08   ▶ /_astro/ART_4325-Bearbeitet.CGOkPpXH_Z1hNLA1.webp (reused cache entry) (+3ms) (2066/4121)
09:05:08   ▶ /_astro/ART_2275.Q9L1Jetn_Z1P95Hy.webp (reused cache entry) (+3ms) (2067/4121)
09:05:08   ▶ /_astro/ART_0311.CW2YwczN_Z26lALs.webp (reused cache entry) (+3ms) (2068/4121)
09:05:08   ▶ /_astro/ART_1916-Bearbeitet.ByfVTV-u_Z28RKOO.webp (reused cache entry) (+3ms) (2069/4121)
09:05:08   ▶ /_astro/ART_0014.B3hHOVfA_ZeLcQm.webp (reused cache entry) (+3ms) (2070/4121)
09:05:08   ▶ /_astro/ART_0276-Bearbeitet.BW9f6LuD_HIyVb.webp (reused cache entry) (+3ms) (2071/4121)
09:05:08   ▶ /_astro/ART_2219.Dj3f_PJc_1bsprU.webp (reused cache entry) (+3ms) (2072/4121)
09:05:08   ▶ /_astro/ART_0033.Dtg46pw-_1eOgoj.webp (reused cache entry) (+3ms) (2073/4121)
09:05:08   ▶ /_astro/ART_0277-Bearbeitet.B_CuKC8e_1hTHN5.webp (reused cache entry) (+3ms) (2074/4121)
09:05:08   ▶ /_astro/ART_0289._NXJD_of_Z29Qa9Y.webp (reused cache entry) (+3ms) (2075/4121)
09:05:08   ▶ /_astro/ART_1601.RWaxc2yv_gQF8E.webp (reused cache entry) (+3ms) (2076/4121)
09:05:08   ▶ /_astro/ART_4325-Bearbeitet.CGOkPpXH_23yxBW.webp (reused cache entry) (+2ms) (2077/4121)
09:05:08   ▶ /_astro/ART_1916-Bearbeitet.ByfVTV-u_RFKBy.webp (reused cache entry) (+2ms) (2078/4121)
09:05:08   ▶ /_astro/ART_0905-Pano-2.BDQVr5TT_a2owF.webp (reused cache entry) (+3ms) (2079/4121)
09:05:08   ▶ /_astro/ART_0311.CW2YwczN_9Iiq8.webp (reused cache entry) (+3ms) (2080/4121)
09:05:08   ▶ /_astro/ART_2275.Q9L1Jetn_CG95V.webp (reused cache entry) (+4ms) (2081/4121)
09:05:08   ▶ /_astro/ART_0276-Bearbeitet.BW9f6LuD_v8MlA.webp (reused cache entry) (+3ms) (2082/4121)
09:05:08   ▶ /_astro/ART_0014.B3hHOVfA_ZIEUyj.webp (reused cache entry) (+4ms) (2083/4121)
09:05:08   ▶ /_astro/ART_4399.D7ttUKg-_4mke1.webp (reused cache entry) (+3ms) (2084/4121)
09:05:08   ▶ /_astro/ART_0033.Dtg46pw-_A8Oyv.webp (reused cache entry) (+3ms) (2085/4121)
09:05:08   ▶ /_astro/ART_0277-Bearbeitet.B_CuKC8e_vPweP.webp (reused cache entry) (+3ms) (2086/4121)
09:05:08   ▶ /_astro/ART_4325-Bearbeitet.CGOkPpXH_Zfb4qD.webp (reused cache entry) (+3ms) (2087/4121)
09:05:08   ▶ /_astro/ART_0289._NXJD_of_1TuNRL.webp (reused cache entry) (+3ms) (2088/4121)
09:05:08   ▶ /_astro/ART_1916-Bearbeitet.ByfVTV-u_Z1P5j70.webp (reused cache entry) (+3ms) (2089/4121)
09:05:08   ▶ /_astro/ART_4547-Bearbeitet.CJM8URud_ZyrrJq.webp (reused cache entry) (+3ms) (2090/4121)
09:05:08   ▶ /_astro/ART_1601.RWaxc2yv_ZoBXgl.webp (reused cache entry) (+4ms) (2091/4121)
09:05:08   ▶ /_astro/ART_0311.CW2YwczN_Zr80Oq.webp (reused cache entry) (+4ms) (2092/4121)
09:05:08   ▶ /_astro/ART_4564.DoAMFVeZ_Z2cBJsg.webp (reused cache entry) (+3ms) (2093/4121)
09:05:08   ▶ /_astro/ART_4399.D7ttUKg-_Z1hETDm.webp (reused cache entry) (+3ms) (2094/4121)
09:05:08   ▶ /_astro/ART_4774.D9Zxh1Xb_Z1exCcD.webp (reused cache entry) (+3ms) (2095/4121)
09:05:08   ▶ /_astro/ART_4806-Bearbeitet.CNmWbzUm_14VCU8.webp (reused cache entry) (+3ms) (2096/4121)
09:05:08   ▶ /_astro/ART_4325-Bearbeitet.CGOkPpXH_Z1A4xM5.webp (reused cache entry) (+2ms) (2097/4121)
09:05:08   ▶ /_astro/ART_0277-Bearbeitet.B_CuKC8e_Zr7ql9.webp (reused cache entry) (+3ms) (2098/4121)
09:05:08   ▶ /_astro/ART_4908-Bearbeitet.BmJhgA8e_1VmS2i.webp (reused cache entry) (+3ms) (2099/4121)
09:05:08   ▶ /_astro/ART_4547-Bearbeitet.CJM8URud_Z1w8KKY.webp (reused cache entry) (+2ms) (2100/4121)
09:05:08   ▶ /_astro/ART_0289._NXJD_of_Usgg0.webp (reused cache entry) (+3ms) (2101/4121)
09:05:08   ▶ /_astro/ART_1916-Bearbeitet.ByfVTV-u_ZDTEok.webp (reused cache entry) (+3ms) (2102/4121)
09:05:08   ▶ /_astro/ART_4564.DoAMFVeZ_2eYdqc.webp (reused cache entry) (+2ms) (2103/4121)
09:05:08   ▶ /_astro/ART_4399.D7ttUKg-_1onGRn.webp (reused cache entry) (+2ms) (2104/4121)
09:05:08   ▶ /_astro/ART_4774.D9Zxh1Xb_ZrNr6u.webp (reused cache entry) (+2ms) (2105/4121)
09:05:08   ▶ /_astro/ART_5053.CpTTq_60_1kPIVg.webp (reused cache entry) (+3ms) (2106/4121)
09:05:08   ▶ /_astro/ART_4806-Bearbeitet.CNmWbzUm_ZBAICE.webp (reused cache entry) (+2ms) (2107/4121)
09:05:08   ▶ /_astro/ART_4325-Bearbeitet.CGOkPpXH_2etkdR.webp (reused cache entry) (+2ms) (2108/4121)
09:05:08   ▶ /_astro/ART_0311.CW2YwczN_Z1UxEKp.webp (reused cache entry) (+4ms) (2109/4121)
09:05:08   ▶ /_astro/ART_4908-Bearbeitet.BmJhgA8e_ZQkj3c.webp (reused cache entry) (+2ms) (2110/4121)
09:05:08   ▶ /_astro/ART_4547-Bearbeitet.CJM8URud_1fiJYm.webp (reused cache entry) (+2ms) (2111/4121)
09:05:08   ▶ /_astro/ART_5267.BQu7I3nb_29CAm9.webp (reused cache entry) (+3ms) (2112/4121)
09:05:08   ▶ /_astro/ART_4564.DoAMFVeZ_Z99iR0.webp (reused cache entry) (+2ms) (2113/4121)
09:05:08   ▶ /_astro/ART_4399.D7ttUKg-_nxx6c.webp (reused cache entry) (+2ms) (2114/4121)
09:05:08   ▶ /_astro/ART_7795.CG7rf_Vo_1UiRTx.webp (reused cache entry) (+3ms) (2115/4121)
09:05:08   ▶ /_astro/ART_7778.C2QLrJUe_2iVTdH.webp (reused cache entry) (+3ms) (2116/4121)
09:05:08   ▶ /_astro/ART_5053.CpTTq_60_Z11KhGa.webp (reused cache entry) (+2ms) (2117/4121)
09:05:08   ▶ /_astro/ART_4774.D9Zxh1Xb_mh8A6.webp (reused cache entry) (+2ms) (2118/4121)
09:05:08   ▶ /_astro/ART_4325-Bearbeitet.CGOkPpXH_Z1WNSCw.webp (reused cache entry) (+2ms) (2119/4121)
09:05:08   ▶ /_astro/ART_4806-Bearbeitet.CNmWbzUm_8PA1H.webp (reused cache entry) (+2ms) (2120/4121)
09:05:08   ▶ /_astro/ART_4547-Bearbeitet.CJM8URud_Z5zIm5.webp (reused cache entry) (+2ms) (2121/4121)
09:05:08   ▶ /_astro/ART_5267.BQu7I3nb_1VWIdf.webp (reused cache entry) (+2ms) (2122/4121)
09:05:08   ▶ /_astro/ART_4908-Bearbeitet.BmJhgA8e_1U7cH9.webp (reused cache entry) (+2ms) (2123/4121)
09:05:08   ▶ /_astro/ART_7795.CG7rf_Vo_1tVmJb.webp (reused cache entry) (+1ms) (2124/4121)
09:05:08   ▶ /_astro/ART_4564.DoAMFVeZ_Z19YsDb.webp (reused cache entry) (+2ms) (2125/4121)
09:05:08   ▶ /_astro/ART_7802.BMRWxmNt_Z1h07Tj.webp (reused cache entry) (+3ms) (2126/4121)
09:05:08   ▶ /_astro/ART_4399.D7ttUKg-_Z1jdnuj.webp (reused cache entry) (+2ms) (2127/4121)
09:05:08   ▶ /_astro/ART_7778.C2QLrJUe_2tJeDI.webp (reused cache entry) (+2ms) (2128/4121)
09:05:08   ▶ /_astro/ART_5053.CpTTq_60_ZcEGYz.webp (reused cache entry) (+2ms) (2129/4121)
09:05:08   ▶ /_astro/ART_4325-Bearbeitet.CGOkPpXH_1iDCct.webp (reused cache entry) (+2ms) (2130/4121)
09:05:08   ▶ /_astro/ART_4806-Bearbeitet.CNmWbzUm_ZCdAwx.webp (reused cache entry) (+2ms) (2131/4121)
09:05:08   ▶ /_astro/ART_4774.D9Zxh1Xb_1WDk8t.webp (reused cache entry) (+2ms) (2132/4121)
09:05:08   ▶ /_astro/ART_4547-Bearbeitet.CJM8URud_Z27ltJt.webp (reused cache entry) (+2ms) (2133/4121)
09:05:08   ▶ /_astro/ART_5267.BQu7I3nb_Z2j8OT6.webp (reused cache entry) (+2ms) (2134/4121)
09:05:08   ▶ /_astro/ART_7795.CG7rf_Vo_Z1kaQRa.webp (reused cache entry) (+2ms) (2135/4121)
09:05:08   ▶ /_astro/ART_7802.BMRWxmNt_18HL2t.webp (reused cache entry) (+1ms) (2136/4121)
09:05:08   ▶ /_astro/ART_4564.DoAMFVeZ_1tYFCl.webp (reused cache entry) (+2ms) (2137/4121)
09:05:08   ▶ /_astro/ART_4908-Bearbeitet.BmJhgA8e_Z2mNOwf.webp (reused cache entry) (+2ms) (2138/4121)
09:05:08   ▶ /_astro/ART_7778.C2QLrJUe_ZkmYWC.webp (reused cache entry) (+2ms) (2139/4121)
09:05:08   ▶ /_astro/ART_4325-Bearbeitet.CGOkPpXH_Z2l8jbp.webp (reused cache entry) (+2ms) (2140/4121)
09:05:08   ▶ /_astro/ART_7894.CjDuiCAX_Z29Akna.webp (reused cache entry) (+2ms) (2141/4121)
09:05:08   ▶ /_astro/ART_5053.CpTTq_60_1nGtxN.webp (reused cache entry) (+2ms) (2142/4121)
09:05:08   ▶ /_astro/ART_4806-Bearbeitet.CNmWbzUm_ZyqB1M.webp (reused cache entry) (+2ms) (2143/4121)
09:05:08   ▶ /_astro/ART_5267.BQu7I3nb_ZHLDlI.webp (reused cache entry) (+2ms) (2144/4121)
09:05:08   ▶ /_astro/ART_4774.D9Zxh1Xb_utP3w.webp (reused cache entry) (+2ms) (2145/4121)
09:05:08   ▶ /_astro/ART_7897.C0AWNx_u_ZouDbH.webp (reused cache entry) (+2ms) (2146/4121)
09:05:08   ▶ /_astro/ART_7795.CG7rf_Vo_Z1V2b7I.webp (reused cache entry) (+2ms) (2147/4121)
09:05:08   ▶ /_astro/ART_7802.BMRWxmNt_Z23Ym5V.webp (reused cache entry) (+2ms) (2148/4121)
09:05:08   ▶ /_astro/ART_4325-Bearbeitet.CGOkPpXH_2oiEhu.webp (reused cache entry) (+2ms) (2149/4121)
09:05:08   ▶ /_astro/ART_8250.cEYmdwwv_2fw0d8.webp (reused cache entry) (+3ms) (2150/4121)
09:05:08   ▶ /_astro/ART_7778.C2QLrJUe_ZVejdb.webp (reused cache entry) (+3ms) (2151/4121)
09:05:08   ▶ /_astro/ART_4908-Bearbeitet.BmJhgA8e_lKIhS.webp (reused cache entry) (+3ms) (2152/4121)
09:05:08   ▶ /_astro/ART_7894.CjDuiCAX_GS1ui.webp (reused cache entry) (+3ms) (2153/4121)
09:05:08   ▶ /_astro/ART_5267.BQu7I3nb_Z1bw5bC.webp (reused cache entry) (+2ms) (2154/4121)
09:05:08   ▶ /_astro/ART_5053.CpTTq_60_Z20iVBv.webp (reused cache entry) (+3ms) (2155/4121)
09:05:08   ▶ /_astro/ART_8326.CaGOrhYn_1lD0Ai.webp (reused cache entry) (+3ms) (2156/4121)
09:05:08   ▶ /_astro/ART_7897.C0AWNx_u_Z21KT6y.webp (reused cache entry) (+2ms) (2157/4121)
09:05:08   ▶ /_astro/ART_8477-Bearbeitet.BrUyCMhK_1uRr8D.webp (reused cache entry) (+3ms) (2158/4121)
09:05:08   ▶ /_astro/ART_8250.cEYmdwwv_Z29k7iP.webp (reused cache entry) (+2ms) (2159/4121)
09:05:08   ▶ /_astro/ART_7795.CG7rf_Vo_Z2lMAG9.webp (reused cache entry) (+3ms) (2160/4121)
09:05:08   ▶ /_astro/ART_7802.BMRWxmNt_17nfHj.webp (reused cache entry) (+2ms) (2161/4121)
09:05:08   ▶ /_astro/ART_4325-Bearbeitet.CGOkPpXH_1bMtr9.webp (reused cache entry) (+2ms) (2162/4121)
09:05:08   ▶ /_astro/ART_7894.CjDuiCAX_Z27ed73.webp (reused cache entry) (+2ms) (2163/4121)
09:05:08   ▶ /_astro/ART_7778.C2QLrJUe_Z1X9zmY.webp (reused cache entry) (+3ms) (2164/4121)
09:05:08   ▶ /_astro/ART_8670.O_pWl1RF_Z1DwuTv.webp (reused cache entry) (+3ms) (2165/4121)
09:05:08   ▶ /_astro/ART_8326.CaGOrhYn_1WPjTi.webp (reused cache entry) (+2ms) (2166/4121)
09:05:08   ▶ /_astro/ART_8898-2.9qFAiTPD_1hoRf9.webp (reused cache entry) (+2ms) (2167/4121)
09:05:08   ▶ /_astro/ART_8250.cEYmdwwv_Z17FXwH.webp (reused cache entry) (+2ms) (2168/4121)
09:05:08   ▶ /_astro/ART_8477-Bearbeitet.BrUyCMhK_ZxawYo.webp (reused cache entry) (+2ms) (2169/4121)
09:05:08   ▶ /_astro/ART_7897.C0AWNx_u_ej062.webp (reused cache entry) (+2ms) (2170/4121)
09:05:08   ▶ /_astro/ART_9000-3.XND-TxMR_Z1bmvXy.webp (reused cache entry) (+3ms) (2171/4121)
09:05:08   ▶ /_astro/ART_7894.CjDuiCAX_2m6Brk.webp (reused cache entry) (+2ms) (2172/4121)
09:05:08   ▶ /_astro/ART_7802.BMRWxmNt_ZMNbT0.webp (reused cache entry) (+3ms) (2173/4121)
09:05:08   ▶ /_astro/ART_8670.O_pWl1RF_Zq9Aft.webp (reused cache entry) (+2ms) (2174/4121)
09:05:08   ▶ /_astro/ART_9178.DGjdVA3g_Z180Wcr.webp (reused cache entry) (+3ms) (2175/4121)
09:05:08   ▶ /_astro/ART_9030-Bearbeitet.DDTxNkJg_ZGpXfi.webp (reused cache entry) (+3ms) (2176/4121)
09:05:08   ▶ /_astro/ART_8326.CaGOrhYn_ZQgTH3.webp (reused cache entry) (+2ms) (2177/4121)
09:05:08   ▶ /_astro/ART_8898-2.9qFAiTPD_2c0eya.webp (reused cache entry) (+2ms) (2178/4121)
09:05:08   ▶ /_astro/ART_8250.cEYmdwwv_Z28w8iS.webp (reused cache entry) (+2ms) (2179/4121)
09:05:08   ▶ /_astro/ART_8477-Bearbeitet.BrUyCMhK_Z1LPmzu.webp (reused cache entry) (+3ms) (2180/4121)
09:05:08   ▶ /_astro/ART_9000-3.XND-TxMR_ZkWk0h.webp (reused cache entry) (+2ms) (2181/4121)
09:05:08   ▶ /_astro/ART_7897.C0AWNx_u_Zmxj9w.webp (reused cache entry) (+3ms) (2182/4121)
09:05:08   ▶ /_astro/ART_9856.CwfdwSK-_ZtdXSA.webp (reused cache entry) (+3ms) (2183/4121)
09:05:08   ▶ /_astro/ART_9178.DGjdVA3g_Z447Qw.webp (reused cache entry) (+2ms) (2184/4121)
09:05:08   ▶ /_astro/ART_8670.O_pWl1RF_1OUiW7.webp (reused cache entry) (+2ms) (2185/4121)
09:05:08   ▶ /_astro/ART_7894.CjDuiCAX_Z1luF9U.webp (reused cache entry) (+3ms) (2186/4121)
09:05:08   ▶ /_astro/ART_9030-Bearbeitet.DDTxNkJg_1VpjAS.webp (reused cache entry) (+2ms) (2187/4121)
09:05:08   ▶ /_astro/ART_8898-2.9qFAiTPD_Z7ADwa.webp (reused cache entry) (+2ms) (2188/4121)
09:05:08   ▶ /_astro/ART_8326.CaGOrhYn_Z1s8dWB.webp (reused cache entry) (+2ms) (2189/4121)
09:05:08   ▶ /_astro/ART_8250.cEYmdwwv_2vriN2.webp (reused cache entry) (+2ms) (2190/4121)
09:05:08   ▶ /_astro/ART_8477-Bearbeitet.BrUyCMhK_ZYzfYW.webp (reused cache entry) (+2ms) (2191/4121)
09:05:08   ▶ /_astro/ART_9985.C9P9f5Ju_1SnjY4.webp (reused cache entry) (+4ms) (2192/4121)
09:05:08   ▶ /_astro/ART_9000-3.XND-TxMR_2pCUIk.webp (reused cache entry) (+2ms) (2193/4121)
09:05:08   ▶ /_astro/ART_7897.C0AWNx_u_oA11x.webp (reused cache entry) (+3ms) (2194/4121)
09:05:08   ▶ /_astro/ART_9178.DGjdVA3g_Wz0TB.webp (reused cache entry) (+2ms) (2195/4121)
09:05:08   ▶ /_astro/ART_9856.CwfdwSK-_no1cC.webp (reused cache entry) (+3ms) (2196/4121)
09:05:08   ▶ /_astro/ART_8670.O_pWl1RF_1e3YGy.webp (reused cache entry) (+3ms) (2197/4121)
09:05:08   ▶ /_astro/ART_8898-2.9qFAiTPD_1qa0Yc.webp (reused cache entry) (+2ms) (2198/4121)
09:05:08   ▶ /_astro/ART_9030-Bearbeitet.DDTxNkJg_Z1nybtA.webp (reused cache entry) (+3ms) (2199/4121)
09:05:08   ▶ /_astro/ART_0185.CGz-oNkC_Z2ua7vT.webp (reused cache entry) (+3ms) (2200/4121)
09:05:08   ▶ /_astro/ART_8326.CaGOrhYn_29IENx.webp (reused cache entry) (+3ms) (2201/4121)
09:05:08   ▶ /_astro/ART_8477-Bearbeitet.BrUyCMhK_2tz79y.webp (reused cache entry) (+2ms) (2202/4121)
09:05:08   ▶ /_astro/ART_0186.CqZFYt56_1FgJVm.webp (reused cache entry) (+3ms) (2203/4121)
09:05:08   ▶ /_astro/ART_9985.C9P9f5Ju_Z1Mffw9.webp (reused cache entry) (+2ms) (2204/4121)
09:05:08   ▶ /_astro/ART_9000-3.XND-TxMR_Z16Mxzf.webp (reused cache entry) (+3ms) (2205/4121)
09:05:08   ▶ /_astro/ART_9178.DGjdVA3g_Z3g8Qz.webp (reused cache entry) (+2ms) (2206/4121)
09:05:08   ▶ /_astro/ART_9856.CwfdwSK-_1p29XK.webp (reused cache entry) (+3ms) (2207/4121)
09:05:08   ▶ /_astro/ART_0188.DFMUoRpF_Z11HHMJ.webp (reused cache entry) (+3ms) (2208/4121)
09:05:08   ▶ /_astro/ART_8670.O_pWl1RF_ZPqPGg.webp (reused cache entry) (+3ms) (2209/4121)
09:05:08   ▶ /_astro/ART_0185.CGz-oNkC_ZzEWJ.webp (reused cache entry) (+2ms) (2210/4121)
09:05:08   ▶ /_astro/ART_8898-2.9qFAiTPD_Z1NF7w0.webp (reused cache entry) (+3ms) (2211/4121)
09:05:08   ▶ /_astro/ART_9030-Bearbeitet.DDTxNkJg_Z29Cn2P.webp (reused cache entry) (+3ms) (2212/4121)
09:05:08   ▶ /_astro/ART_0186.CqZFYt56_Z20s5xv.webp (reused cache entry) (+2ms) (2213/4121)
09:05:08   ▶ /_astro/ART_0197.BFSMAnSX_1RsiJ3.webp (reused cache entry) (+3ms) (2214/4121)
09:05:08   ▶ /_astro/ART_0226.BmCdi_kC_1v77uR.webp (reused cache entry) (+3ms) (2215/4121)
09:05:08   ▶ /_astro/ART_9985.C9P9f5Ju_sODFr.webp (reused cache entry) (+2ms) (2216/4121)
09:05:08   ▶ /_astro/ART_9000-3.XND-TxMR_MJC4e.webp (reused cache entry) (+2ms) (2217/4121)
09:05:08   ▶ /_astro/ART_0188.DFMUoRpF_Z25LJOH.webp (reused cache entry) (+2ms) (2218/4121)
09:05:08   ▶ /_astro/ART_9178.DGjdVA3g_14Y92x.webp (reused cache entry) (+2ms) (2219/4121)
09:05:08   ▶ /_astro/ART_0185.CGz-oNkC_113sNo.webp (reused cache entry) (+2ms) (2220/4121)
09:05:08   ▶ /_astro/ART_9856.CwfdwSK-_oc0cz.webp (reused cache entry) (+2ms) (2221/4121)
09:05:08   ▶ /_astro/ART_0186.CqZFYt56_ZXNVLn.webp (reused cache entry) (+2ms) (2222/4121)
09:05:08   ▶ /_astro/ART_0239.Dp_lTmfq_Z1CcbuM.webp (reused cache entry) (+3ms) (2223/4121)
09:05:08   ▶ /_astro/ART_0197.BFSMAnSX_1V5i6I.webp (reused cache entry) (+2ms) (2224/4121)
09:05:08   ▶ /_astro/ART_0226.BmCdi_kC_Z1vKT7S.webp (reused cache entry) (+2ms) (2225/4121)
09:05:08   ▶ /_astro/ART_9030-Bearbeitet.DDTxNkJg_Z29Cde2.webp (reused cache entry) (+3ms) (2226/4121)
09:05:08   ▶ /_astro/ART_0188.DFMUoRpF_Z148B3z.webp (reused cache entry) (+2ms) (2227/4121)
09:05:08   ▶ /_astro/ART_0380.DOPmBf-U_24mib7.webp (reused cache entry) (+4ms) (2228/4121)
09:05:08   ▶ /_astro/ART_9985.C9P9f5Ju_Z81Ez7.webp (reused cache entry) (+3ms) (2229/4121)
09:05:08   ▶ /_astro/ART_0185.CGz-oNkC_dj2d.webp (reused cache entry) (+2ms) (2230/4121)
09:05:08   ▶ /_astro/ART_0467.-ta4wO2c_Z25tnI6.webp (reused cache entry) (+3ms) (2231/4121)
09:05:08   ▶ /_astro/ART_0186.CqZFYt56_Z1YE6xy.webp (reused cache entry) (+2ms) (2232/4121)
09:05:08   ▶ /_astro/ART_0197.BFSMAnSX_Z27sGV5.webp (reused cache entry) (+2ms) (2233/4121)
09:05:08   ▶ /_astro/ART_0239.Dp_lTmfq_1ub4Kj.webp (reused cache entry) (+3ms) (2234/4121)
09:05:08   ▶ /_astro/ART_0479.DhYqD41Z_ZP2y8r.webp (reused cache entry) (+3ms) (2235/4121)
09:05:08   ▶ /_astro/ART_9856.CwfdwSK-_ZdiFiG.webp (reused cache entry) (+3ms) (2236/4121)
09:05:08   ▶ /_astro/ART_0380.DOPmBf-U_ZlBKSj.webp (reused cache entry) (+2ms) (2237/4121)
09:05:08   ▶ /_astro/ART_0226.BmCdi_kC_Zu7KlK.webp (reused cache entry) (+3ms) (2238/4121)
09:05:08   ▶ /_astro/ART_0188.DFMUoRpF_Z24XKOK.webp (reused cache entry) (+2ms) (2239/4121)
09:05:08   ▶ /_astro/ART_0185.CGz-oNkC_Z2eeNV0.webp (reused cache entry) (+2ms) (2240/4121)
09:05:08   ▶ /_astro/ART_0467.-ta4wO2c_1c2hY2.webp (reused cache entry) (+2ms) (2241/4121)
09:05:08   ▶ /_astro/ART_0197.BFSMAnSX_1VSh6F.webp (reused cache entry) (+2ms) (2242/4121)
09:05:08   ▶ /_astro/ART_0581.BdijgJ2-_yW9je.webp (reused cache entry) (+4ms) (2243/4121)
09:05:08   ▶ /_astro/ART_0186.CqZFYt56_1Vc3wg.webp (reused cache entry) (+2ms) (2244/4121)
09:05:08   ▶ /_astro/ART_9985.C9P9f5Ju_Z2nI9BC.webp (reused cache entry) (+3ms) (2245/4121)
09:05:08   ▶ /_astro/ART_0239.Dp_lTmfq_2vOdwr.webp (reused cache entry) (+2ms) (2246/4121)
09:05:08   ▶ /_astro/ART_0479.DhYqD41Z_Z1AnAMv.webp (reused cache entry) (+2ms) (2247/4121)
09:05:08   ▶ /_astro/ART_0226.BmCdi_kC_Z1uWU7V.webp (reused cache entry) (+2ms) (2248/4121)
09:05:08   ▶ /_astro/ART_0380.DOPmBf-U_F1mRO.webp (reused cache entry) (+2ms) (2249/4121)
09:05:08   ▶ /_astro/ART_0188.DFMUoRpF_ZKMpcP.webp (reused cache entry) (+2ms) (2250/4121)
09:05:08   ▶ /_astro/ART_0197.BFSMAnSX_28nBjW.webp (reused cache entry) (+2ms) (2251/4121)
09:05:08   ▶ /_astro/ART_0609.Bszd-8ll_h7lKv.webp (reused cache entry) (+2ms) (2252/4121)
09:05:08   ▶ /_astro/ART_0467.-ta4wO2c_Z1C4VCj.webp (reused cache entry) (+2ms) (2253/4121)
09:05:08   ▶ /_astro/ART_0581.BdijgJ2-_Z2mDl4v.webp (reused cache entry) (+2ms) (2254/4121)
09:05:08   ▶ /_astro/ART_0601.CyWDrJrY_1mRDcH.webp (reused cache entry) (+4ms) (2255/4121)
09:05:08   ▶ /_astro/ART_0479.DhYqD41Z_ZyJs1n.webp (reused cache entry) (+2ms) (2256/4121)
09:05:08   ▶ /_astro/ART_0239.Dp_lTmfq_1uY3Kg.webp (reused cache entry) (+2ms) (2257/4121)
09:05:08   ▶ /_astro/ART_0226.BmCdi_kC_1L2q5L.webp (reused cache entry) (+3ms) (2258/4121)
09:05:08   ▶ /_astro/ART_0745-Pano.CMCdQw2q_U3pFf.webp (reused cache entry) (+3ms) (2259/4121)
09:05:08   ▶ /_astro/ART_0647.DCURQzDa_1Uu8VY.webp (reused cache entry) (+4ms) (2260/4121)
09:05:08   ▶ /_astro/ART_0380.DOPmBf-U_ZkNLSm.webp (reused cache entry) (+3ms) (2261/4121)
09:05:08   ▶ /_astro/ART_0609.Bszd-8ll_Z1voOjw.webp (reused cache entry) (+2ms) (2262/4121)
09:05:08   ▶ /_astro/ART_0581.BdijgJ2-_Z1l0cin.webp (reused cache entry) (+3ms) (2263/4121)
09:05:08   ▶ /_astro/ART_0811.DsQE-6rT_Z2aYD0G.webp (reused cache entry) (+4ms) (2264/4121)
09:05:08   ▶ /_astro/ART_0467.-ta4wO2c_Z2dVfRR.webp (reused cache entry) (+3ms) (2265/4121)
09:05:08   ▶ /_astro/ART_0816.DcJl5V1R_z7Mdo.webp (reused cache entry) (+4ms) (2266/4121)
09:05:08   ▶ /_astro/ART_0601.CyWDrJrY_9NrQy.webp (reused cache entry) (+4ms) (2267/4121)
09:05:08   ▶ /_astro/ART_0239.Dp_lTmfq_Z1mgRTS.webp (reused cache entry) (+3ms) (2268/4121)
09:05:08   ▶ /_astro/ART_0479.DhYqD41Z_Z1zzBMy.webp (reused cache entry) (+3ms) (2269/4121)
09:05:08   ▶ /_astro/ART_0745-Pano.CMCdQw2q_eBbbw.webp (reused cache entry) (+3ms) (2270/4121)
09:05:08   ▶ /_astro/ART_0647.DCURQzDa_Z2hcgIU.webp (reused cache entry) (+3ms) (2271/4121)
09:05:08   ▶ /_astro/ART_0609.Bszd-8ll_JF4S4.webp (reused cache entry) (+3ms) (2272/4121)
09:05:08   ▶ /_astro/ART_0380.DOPmBf-U_2khAL1.webp (reused cache entry) (+3ms) (2273/4121)
09:05:08   ▶ /_astro/ART_0811.DsQE-6rT_1vRe7A.webp (reused cache entry) (+2ms) (2274/4121)
09:05:08   ▶ /_astro/ART_0841.DN9xxyyZ_24strF.webp (reused cache entry) (+4ms) (2275/4121)
09:05:08   ▶ /_astro/ART_0581.BdijgJ2-_Z2lPm4y.webp (reused cache entry) (+3ms) (2276/4121)
09:05:08   ▶ /_astro/ART_0816.DcJl5V1R_1ViOWu.webp (reused cache entry) (+2ms) (2277/4121)
09:05:08   ▶ /_astro/ART_0601.CyWDrJrY_2pSm49.webp (reused cache entry) (+3ms) (2278/4121)
09:05:08   ▶ /_astro/ART_0467.-ta4wO2c_Z1hnIuQ.webp (reused cache entry) (+3ms) (2279/4121)
09:05:08   ▶ /_astro/ART_0479.DhYqD41Z_Zz7fxx.webp (reused cache entry) (+3ms) (2280/4121)
09:05:08   ▶ /_astro/ART_0905-Pano.DwQ1zNCE_Z2gVDFo.webp (reused cache entry) (+3ms) (2281/4121)
09:05:08   ▶ /_astro/ART_0609.Bszd-8ll_8NKCv.webp (reused cache entry) (+3ms) (2282/4121)
09:05:08   ▶ /_astro/ART_0745-Pano.CMCdQw2q_1nr5KO.webp (reused cache entry) (+3ms) (2283/4121)
09:05:08   ▶ /_astro/ART_0647.DCURQzDa_Z17mwk.webp (reused cache entry) (+3ms) (2284/4121)
09:05:08   ▶ /_astro/ART_0841.DN9xxyyZ_15iI1z.webp (reused cache entry) (+3ms) (2285/4121)
09:05:08   ▶ /_astro/ART_0811.DsQE-6rT_Z1if0tK.webp (reused cache entry) (+3ms) (2286/4121)
09:05:08   ▶ /_astro/ART_0581.BdijgJ2-_ORrT8.webp (reused cache entry) (+3ms) (2287/4121)
09:05:08   ▶ /_astro/ART_0816.DcJl5V1R_ZRNoDQ.webp (reused cache entry) (+3ms) (2288/4121)
09:05:08   ▶ /_astro/ART_0912.Dr4xw9aX_Z1fUaHT.webp (reused cache entry) (+4ms) (2289/4121)
09:05:08   ▶ /_astro/ART_0905-Pano.DwQ1zNCE_Z1b0jsn.webp (reused cache entry) (+3ms) (2290/4121)
09:05:08   ▶ /_astro/ART_0601.CyWDrJrY_1O22NA.webp (reused cache entry) (+3ms) (2291/4121)
09:05:08   ▶ /_astro/ART_1437.Ox7lpzfA_156yvY.webp (reused cache entry) (+4ms) (2292/4121)
09:05:08   ▶ /_astro/ART_0609.Bszd-8ll_15d0XK.webp (reused cache entry) (+3ms) (2293/4121)
09:05:08   ▶ /_astro/ART_1415.BlnQLy1t_Z2okHft.webp (reused cache entry) (+4ms) (2294/4121)
09:05:08   ▶ /_astro/ART_0745-Pano.CMCdQw2q_VoWpJ.webp (reused cache entry) (+3ms) (2295/4121)
09:05:08   ▶ /_astro/ART_0841.DN9xxyyZ_Z27op6P.webp (reused cache entry) (+3ms) (2296/4121)
09:05:08   ▶ /_astro/ART_0811.DsQE-6rT_Z1T6jJj.webp (reused cache entry) (+3ms) (2297/4121)
09:05:08   ▶ /_astro/ART_0647.DCURQzDa_ZBXFLS.webp (reused cache entry) (+4ms) (2298/4121)
09:05:08   ▶ /_astro/ART_0912.Dr4xw9aX_10RJft.webp (reused cache entry) (+3ms) (2299/4121)
09:05:08   ▶ /_astro/ART_1593.D4Xe-eYP_Z1K0UlJ.webp (reused cache entry) (+4ms) (2300/4121)
09:05:08   ▶ /_astro/ART_0905-Pano.DwQ1zNCE_10E47G.webp (reused cache entry) (+3ms) (2301/4121)
09:05:08   ▶ /_astro/ART_0816.DcJl5V1R_Z1tEHTp.webp (reused cache entry) (+4ms) (2302/4121)
09:05:08   ▶ /_astro/ART_1437.Ox7lpzfA_tfgsQ.webp (reused cache entry) (+2ms) (2303/4121)
09:05:08   ▶ /_astro/ART_1415.BlnQLy1t_cnP44.webp (reused cache entry) (+3ms) (2304/4121)
09:05:08   ▶ /_astro/ART_0601.CyWDrJrY_2aXipW.webp (reused cache entry) (+4ms) (2305/4121)
09:05:08   ▶ /_astro/ART_0745-Pano.CMCdQw2q_ZPjqq2.webp (reused cache entry) (+4ms) (2306/4121)
09:05:08   ▶ /_astro/ART_1594.D8FkmIjZ_1HdhFw.webp (reused cache entry) (+4ms) (2307/4121)
09:05:08   ▶ /_astro/ART_0841.DN9xxyyZ_13XcGp.webp (reused cache entry) (+3ms) (2308/4121)
09:05:08   ▶ /_astro/ART_1593.D4Xe-eYP_nEB9p.webp (reused cache entry) (+3ms) (2309/4121)
09:05:08   ▶ /_astro/ART_0912.Dr4xw9aX_22vS1B.webp (reused cache entry) (+3ms) (2310/4121)
09:05:08   ▶ /_astro/ART_0811.DsQE-6rT_Z1mSXMr.webp (reused cache entry) (+4ms) (2311/4121)
09:05:08   ▶ /_astro/ART_0647.DCURQzDa_Z2lBkDH.webp (reused cache entry) (+4ms) (2312/4121)
09:05:08   ▶ /_astro/ART_1437.Ox7lpzfA_Z2kQX8u.webp (reused cache entry) (+3ms) (2313/4121)
09:05:08   ▶ /_astro/ART_0905-Pano.DwQ1zNCE_Z1JmcLd.webp (reused cache entry) (+4ms) (2314/4121)
09:05:08   ▶ /_astro/ART_0816.DcJl5V1R_1ndrqD.webp (reused cache entry) (+4ms) (2315/4121)
09:05:08   ▶ /_astro/ART_1415.BlnQLy1t_2ssJgE.webp (reused cache entry) (+3ms) (2316/4121)
09:05:08   ▶ /_astro/ART_1594.D8FkmIjZ_1tvBj9.webp (reused cache entry) (+2ms) (2317/4121)
09:05:08   ▶ /_astro/ART_1597.Bhdbd1zQ_ZoNp6t.webp (reused cache entry) (+4ms) (2318/4121)
09:05:08   ▶ /_astro/ART_1593.D4Xe-eYP_Z2qrCrV.webp (reused cache entry) (+3ms) (2319/4121)
09:05:08   ▶ /_astro/ART_0841.DN9xxyyZ_Z2wwIlW.webp (reused cache entry) (+4ms) (2320/4121)
09:05:08   ▶ /_astro/ART_1614.Bga8PUfU_BW2n1.webp (reused cache entry) (+4ms) (2321/4121)
09:05:08   ▶ /_astro/ART_0912.Dr4xw9aX_11FIfq.webp (reused cache entry) (+3ms) (2322/4121)
09:05:08   ▶ /_astro/ART_4346.D1Zi0C4X_ZemMJw.webp (reused cache entry) (+3ms) (2323/4121)
09:05:08   ▶ /_astro/ART_1437.Ox7lpzfA_28sQpS.webp (reused cache entry) (+3ms) (2324/4121)
09:05:08   ▶ /_astro/ART_1635-Pano.BgkUScoT_Z1Eevl4.webp (reused cache entry) (+4ms) (2325/4121)
09:05:08   ▶ /_astro/ART_0905-Pano.DwQ1zNCE_1ggyvq.webp (reused cache entry) (+4ms) (2326/4121)
09:05:08   ▶ /_astro/ART_4392.NJzlXJhP_ZV9ufc.webp (reused cache entry) (+4ms) (2327/4121)
09:05:08   ▶ /_astro/ART_1597.Bhdbd1zQ_1wzrUV.webp (reused cache entry) (+3ms) (2328/4121)
09:05:08   ▶ /_astro/ART_1415.BlnQLy1t_1QBq16.webp (reused cache entry) (+4ms) (2329/4121)
09:05:08   ▶ /_astro/ART_1594.D8FkmIjZ_Z1kACic.webp (reused cache entry) (+4ms) (2330/4121)
09:05:08   ▶ /_astro/ART_4539.CDRK92gN_Z1uARwG.webp (reused cache entry) (+3ms) (2331/4121)
09:05:08   ▶ /_astro/ART_1614.Bga8PUfU_26oLMB.webp (reused cache entry) (+3ms) (2332/4121)
09:05:08   ▶ /_astro/ART_1593.D4Xe-eYP_22Sc6r.webp (reused cache entry) (+3ms) (2333/4121)
09:05:08   ▶ /_astro/ART_4346.D1Zi0C4X_1nef2i.webp (reused cache entry) (+2ms) (2334/4121)
09:05:08   ▶ /_astro/ART_0912.Dr4xw9aX_ZYYR80.webp (reused cache entry) (+3ms) (2335/4121)
09:05:08   ▶ /_astro/ART_1635-Pano.BgkUScoT_Z5mDtk.webp (reused cache entry) (+2ms) (2336/4121)
09:05:08   ▶ /_astro/ART_4392.NJzlXJhP_1iri77.webp (reused cache entry) (+2ms) (2337/4121)
09:05:08   ▶ /_astro/ART_1437.Ox7lpzfA_1ScdJe.webp (reused cache entry) (+3ms) (2338/4121)
09:05:08   ▶ /_astro/ART_1597.Bhdbd1zQ_Z2vXx6R.webp (reused cache entry) (+2ms) (2339/4121)
09:05:08   ▶ /_astro/ART_4539.CDRK92gN_1LlFOJ.webp (reused cache entry) (+1ms) (2340/4121)
09:05:08   ▶ /_astro/ART_4554.BRMymgCU_1WjthJ.webp (reused cache entry) (+3ms) (2341/4121)
09:05:08   ▶ /_astro/ART_1594.D8FkmIjZ_Z1VrVxK.webp (reused cache entry) (+3ms) (2342/4121)
09:05:08   ▶ /_astro/ART_1415.BlnQLy1t_Z1Af32e.webp (reused cache entry) (+3ms) (2343/4121)
09:05:08   ▶ /_astro/ART_4346.D1Zi0C4X_2cjOIS.webp (reused cache entry) (+2ms) (2344/4121)
09:05:08   ▶ /_astro/ART_1614.Bga8PUfU_ZHHrNJ.webp (reused cache entry) (+3ms) (2345/4121)
09:05:08   ▶ /_astro/ART_1593.D4Xe-eYP_ZVUg8u.webp (reused cache entry) (+3ms) (2346/4121)
09:05:08   ▶ /_astro/ART_4392.NJzlXJhP_Z15Geb5.webp (reused cache entry) (+2ms) (2347/4121)
09:05:08   ▶ /_astro/ART_5062._e9vhLUk_1uweaY.webp (reused cache entry) (+3ms) (2348/4121)
09:05:08   ▶ /_astro/ART_1635-Pano.BgkUScoT_ZqzDyT.webp (reused cache entry) (+3ms) (2349/4121)
09:05:08   ▶ /_astro/ART_4539.CDRK92gN_ZBLPss.webp (reused cache entry) (+2ms) (2350/4121)
09:05:08   ▶ /_astro/ART_4554.BRMymgCU_Z10xxVd.webp (reused cache entry) (+2ms) (2351/4121)
09:05:08   ▶ /_astro/ART_1597.Bhdbd1zQ_1xnqUS.webp (reused cache entry) (+3ms) (2352/4121)
09:05:08   ▶ /_astro/ART_4449.SWZbYuAj_Z19G7CJ.webp (reused cache entry) (+3ms) (2353/4121)
09:05:08   ▶ /_astro/ART_4389.DWwpMyM0_13oLty.webp (reused cache entry) (+2ms) (2354/4121)
09:05:08   ▶ /_astro/ART_4346.D1Zi0C4X_Z1hv7wF.webp (reused cache entry) (+2ms) (2355/4121)
09:05:08   ▶ /_astro/ART_1594.D8FkmIjZ_2viVSL.webp (reused cache entry) (+2ms) (2356/4121)
09:05:08   ▶ /_astro/ART_4477.BSzJWcMr_ZTVAjM.webp (reused cache entry) (+2ms) (2357/4121)
09:05:08   ▶ /_astro/ART_5062._e9vhLUk_Z2atY1N.webp (reused cache entry) (+2ms) (2358/4121)
09:05:08   ▶ /_astro/ART_4392.NJzlXJhP_Z26wnWg.webp (reused cache entry) (+2ms) (2359/4121)
09:05:08   ▶ /_astro/ART_4539.CDRK92gN_Z1CC0eD.webp (reused cache entry) (+2ms) (2360/4121)
09:05:08   ▶ /_astro/ART_1614.Bga8PUfU_Z1jyL4i.webp (reused cache entry) (+3ms) (2361/4121)
09:05:08   ▶ /_astro/ART_4554.BRMymgCU_ZbrXeC.webp (reused cache entry) (+2ms) (2362/4121)
09:05:08   ▶ /_astro/ART_1635-Pano.BgkUScoT_ZzoSsV.webp (reused cache entry) (+2ms) (2363/4121)
09:05:08   ▶ /_astro/ART_1597.Bhdbd1zQ_Z8S6vz.webp (reused cache entry) (+2ms) (2364/4121)
09:05:08   ▶ /_astro/ART_4346.D1Zi0C4X_1uEEvD.webp (reused cache entry) (+2ms) (2365/4121)
09:05:08   ▶ /_astro/ART_4449.SWZbYuAj_Lbc1Y.webp (reused cache entry) (+3ms) (2366/4121)
09:05:08   ▶ /_astro/ART_4389.DWwpMyM0_1Rumb9.webp (reused cache entry) (+2ms) (2367/4121)
09:05:08   ▶ /_astro/ART_4529.CGK5-M2D_18N7Xc.webp (reused cache entry) (+2ms) (2368/4121)
09:05:08   ▶ /_astro/ART_4539.CDRK92gN_2c0xxU.webp (reused cache entry) (+2ms) (2369/4121)
09:05:08   ▶ /_astro/ART_4477.BSzJWcMr_Z5Q0Cc.webp (reused cache entry) (+3ms) (2370/4121)
09:05:08   ▶ /_astro/ART_4392.NJzlXJhP_Z2jJcXw.webp (reused cache entry) (+2ms) (2371/4121)
09:05:08   ▶ /_astro/ART_5062._e9vhLUk_Z1lookd.webp (reused cache entry) (+2ms) (2372/4121)
09:05:08   ▶ /_astro/ART_4534-Bearbeitet.C-5R0dbP_Z1NVrTX.webp (reused cache entry) (+1ms) (2373/4121)
09:05:08   ▶ /_astro/ART_4554.BRMymgCU_1oTdiK.webp (reused cache entry) (+2ms) (2374/4121)
09:05:08   ▶ /_astro/ART_4619-Bearbeitet-2.8SAXiroa_UIcak.webp (reused cache entry) (+2ms) (2375/4121)
09:05:08   ▶ /_astro/ART_1635-Pano.BgkUScoT_ZDABLz.webp (reused cache entry) (+3ms) (2376/4121)
09:05:08   ▶ /_astro/ART_1614.Bga8PUfU_1q2GAg.webp (reused cache entry) (+3ms) (2377/4121)
09:05:08   ▶ /_astro/ART_4529.CGK5-M2D_2nRpXV.webp (reused cache entry) (+2ms) (2378/4121)
09:05:08   ▶ /_astro/ART_4449.SWZbYuAj_19iKwY.webp (reused cache entry) (+2ms) (2379/4121)
09:05:08   ▶ /_astro/ART_4389.DWwpMyM0_Zalgzp.webp (reused cache entry) (+2ms) (2380/4121)
09:05:08   ▶ /_astro/ART_4627.R1_185VS_Z1sIioe.webp (reused cache entry) (+2ms) (2381/4121)
09:05:08   ▶ /_astro/ART_4632.DNZdSU2t_23rn7U.webp (reused cache entry) (+2ms) (2382/4121)
09:05:08   ▶ /_astro/ART_5062._e9vhLUk_eWMda.webp (reused cache entry) (+2ms) (2383/4121)
09:05:08   ▶ /_astro/ART_4477.BSzJWcMr_Z28GDnK.webp (reused cache entry) (+2ms) (2384/4121)
09:05:08   ▶ /_astro/ART_4534-Bearbeitet.C-5R0dbP_Wv3Pn.webp (reused cache entry) (+2ms) (2385/4121)
09:05:08   ▶ /_astro/ART_4833.TxfJQAHn_ZwdC6l.webp (reused cache entry) (+2ms) (2386/4121)
09:05:08   ▶ /_astro/ART_4619-Bearbeitet-2.8SAXiroa_Zhtg9A.webp (reused cache entry) (+2ms) (2387/4121)
09:05:08   ▶ /_astro/ART_4990.mjqZbuJV_Z2q5qer.webp (reused cache entry) (+2ms) (2388/4121)
09:05:08   ▶ /_astro/ART_4554.BRMymgCU_Z1nPcg2.webp (reused cache entry) (+2ms) (2389/4121)
09:05:08   ▶ /_astro/ART_4529.CGK5-M2D_1n2gcK.webp (reused cache entry) (+2ms) (2390/4121)
09:05:08   ▶ /_astro/ART_4627.R1_185VS_ZDCHGD.webp (reused cache entry) (+2ms) (2391/4121)
09:05:08   ▶ /_astro/ART_4632.DNZdSU2t_Z2cEaYq.webp (reused cache entry) (+2ms) (2392/4121)
09:05:08   ▶ /_astro/ART_4449.SWZbYuAj_UXUvL.webp (reused cache entry) (+2ms) (2393/4121)
09:05:08   ▶ /_astro/ART_4389.DWwpMyM0_Z2vxz9m.webp (reused cache entry) (+2ms) (2394/4121)
09:05:08   ▶ /_astro/ART_4833.TxfJQAHn_HPETo.webp (reused cache entry) (+2ms) (2395/4121)
09:05:08   ▶ /_astro/ART_5062._e9vhLUk_Z1PCrmM.webp (reused cache entry) (+2ms) (2396/4121)
09:05:08   ▶ /_astro/ART_4477.BSzJWcMr_2qaHp7.webp (reused cache entry) (+2ms) (2397/4121)
09:05:08   ▶ /_astro/ART_4534-Bearbeitet.C-5R0dbP_FGmWq.webp (reused cache entry) (+2ms) (2398/4121)
09:05:08   ▶ /_astro/ART_4619-Bearbeitet-2.8SAXiroa_26zsL.webp (reused cache entry) (+2ms) (2399/4121)
09:05:08   ▶ /_astro/ART_4990.mjqZbuJV_Z1AYPwQ.webp (reused cache entry) (+2ms) (2400/4121)
09:05:08   ▶ /_astro/ART_7264.XZyDEDPr_2bAUks.webp (reused cache entry) (+2ms) (2401/4121)
09:05:08   ▶ /_astro/ART_4529.CGK5-M2D_Z15iP4D.webp (reused cache entry) (+2ms) (2402/4121)
09:05:08   ▶ /_astro/ART_4627.R1_185VS_2nHMlJ.webp (reused cache entry) (+2ms) (2403/4121)
09:05:08   ▶ /_astro/ART_4632.DNZdSU2t_OGk3W.webp (reused cache entry) (+2ms) (2404/4121)
09:05:08   ▶ /_astro/ART_4833.TxfJQAHn_ZhYtQM.webp (reused cache entry) (+2ms) (2405/4121)
09:05:08   ▶ /_astro/ART_7306.Dc5WHsPC_22hD48.webp (reused cache entry) (+2ms) (2406/4121)
09:05:08   ▶ /_astro/ART_4449.SWZbYuAj_Z2mfHsH.webp (reused cache entry) (+3ms) (2407/4121)
09:05:08   ▶ /_astro/ART_4389.DWwpMyM0_Z2qImey.webp (reused cache entry) (+3ms) (2408/4121)
09:05:08   ▶ /_astro/ART_4477.BSzJWcMr_2uYUjU.webp (reused cache entry) (+3ms) (2409/4121)
09:05:08   ▶ /_astro/ART_4619-Bearbeitet-2.8SAXiroa_1QAHG6.webp (reused cache entry) (+2ms) (2410/4121)
09:05:08   ▶ /_astro/ART_4534-Bearbeitet.C-5R0dbP_12MH4g.webp (reused cache entry) (+3ms) (2411/4121)
09:05:08   ▶ /_astro/ART_4990.mjqZbuJV_1qlEvw.webp (reused cache entry) (+3ms) (2412/4121)
09:05:08   ▶ /_astro/ART_7264.XZyDEDPr_ZCvjgS.webp (reused cache entry) (+3ms) (2413/4121)
09:05:08   ▶ /_astro/ART_4529.CGK5-M2D_1lpgg6.webp (reused cache entry) (+3ms) (2414/4121)
09:05:08   ▶ /_astro/ART_4833.TxfJQAHn_Z25cNc4.webp (reused cache entry) (+2ms) (2415/4121)
09:05:08   ▶ /_astro/ART_4627.R1_185VS_vwfBc.webp (reused cache entry) (+3ms) (2416/4121)
09:05:08   ▶ /_astro/ART_7397-2.HIsAW5n7_Z4lfAD.webp (reused cache entry) (+2ms) (2417/4121)
09:05:08   ▶ /_astro/ART_4449.SWZbYuAj_Zm3gbO.webp (reused cache entry) (+2ms) (2418/4121)
09:05:08   ▶ /_astro/ART_4632.DNZdSU2t_Z20pO3M.webp (reused cache entry) (+3ms) (2419/4121)
09:05:08   ▶ /_astro/ART_7306.Dc5WHsPC_Z2dNU3d.webp (reused cache entry) (+2ms) (2420/4121)
09:05:08   ▶ /_astro/ART_7411.6SSIHDsY_wHFsu.webp (reused cache entry) (+2ms) (2421/4121)
09:05:08   ▶ /_astro/ART_4990.mjqZbuJV_1mt8uc.webp (reused cache entry) (+2ms) (2422/4121)
09:05:08   ▶ /_astro/ART_4619-Bearbeitet-2.8SAXiroa_1fOdtt.webp (reused cache entry) (+2ms) (2423/4121)
09:05:08   ▶ /_astro/ART_7264.XZyDEDPr_Z1emCwr.webp (reused cache entry) (+2ms) (2424/4121)
09:05:08   ▶ /_astro/ART_6815.Cfi6yNx6_Wdqb5.webp (reused cache entry) (+2ms) (2425/4121)
09:05:08   ▶ /_astro/ART_4534-Bearbeitet.C-5R0dbP_8V4rM.webp (reused cache entry) (+3ms) (2426/4121)
09:05:08   ▶ /_astro/ART_4833.TxfJQAHn_lvi8F.webp (reused cache entry) (+2ms) (2427/4121)
09:05:08   ▶ /_astro/ART_7397-2.HIsAW5n7_Z2nW8FX.webp (reused cache entry) (+2ms) (2428/4121)
09:05:08   ▶ /_astro/ART_4449.SWZbYuAj_z8xBa.webp (reused cache entry) (+2ms) (2429/4121)
09:05:08   ▶ /_astro/ART_4627.R1_185VS_Alsw0.webp (reused cache entry) (+3ms) (2430/4121)
09:05:08   ▶ /_astro/ART_7411.6SSIHDsY_1ylOeC.webp (reused cache entry) (+2ms) (2431/4121)
09:05:08   ▶ /_astro/ART_7019.DgmB17Tx_1dzuNp.webp (reused cache entry) (+2ms) (2432/4121)
09:05:08   ▶ /_astro/ART_7306.Dc5WHsPC_NwA0a.webp (reused cache entry) (+3ms) (2433/4121)
09:05:08   ▶ /_astro/ART_4632.DNZdSU2t_Z1UAB8Y.webp (reused cache entry) (+3ms) (2434/4121)
09:05:08   ▶ /_astro/ART_4990.mjqZbuJV_1rilp0.webp (reused cache entry) (+2ms) (2435/4121)
09:05:08   ▶ /_astro/ART_6815.Cfi6yNx6_2chIbO.webp (reused cache entry) (+2ms) (2436/4121)
09:05:08   ▶ /_astro/ART_7025.B-vLHq7x_Z2ooUsT.webp (reused cache entry) (+2ms) (2437/4121)
09:05:08   ▶ /_astro/ART_7022.B9ZnakXg_Z1OfJeQ.webp (reused cache entry) (+2ms) (2438/4121)
09:05:08   ▶ /_astro/ART_7082.Bifb2f0m_Z1qX6im.webp (reused cache entry) (+2ms) (2439/4121)
09:05:08   ▶ /_astro/ART_7397-2.HIsAW5n7_ZPbtaB.webp (reused cache entry) (+2ms) (2440/4121)
09:05:08   ▶ /_astro/ART_7264.XZyDEDPr_Z10Y6wf.webp (reused cache entry) (+3ms) (2441/4121)
09:05:08   ▶ /_astro/ART_4449.SWZbYuAj_1YuJa4.webp (reused cache entry) (+2ms) (2442/4121)
09:05:08   ▶ /_astro/ART_7019.DgmB17Tx_2sDMO9.webp (reused cache entry) (+1ms) (2443/4121)
09:05:08   ▶ /_astro/ART_7089.C0s1-IEu_ektbx.webp (reused cache entry) (+1ms) (2444/4121)
09:05:08   ▶ /_astro/ART_7411.6SSIHDsY_xvEsr.webp (reused cache entry) (+2ms) (2445/4121)
09:05:08   ▶ /_astro/Hochzeit_Lauenbrueck_3803-1024x684.B7vX392r_Z27KEGO.webp (reused cache entry) (+1ms) (2446/4121)
09:05:08   ▶ /_astro/ART_7025.B-vLHq7x_Z19kCsa.webp (reused cache entry) (+2ms) (2447/4121)
09:05:08   ▶ /_astro/ART_7022.B9ZnakXg_Zzbre7.webp (reused cache entry) (+1ms) (2448/4121)
09:05:08   ▶ /_astro/ART_6815.Cfi6yNx6_1brypD.webp (reused cache entry) (+2ms) (2449/4121)
09:05:08   ▶ /_astro/ART_7306.Dc5WHsPC_2tOpOK.webp (reused cache entry) (+2ms) (2450/4121)
09:05:08   ▶ /_astro/ART_7082.Bifb2f0m_ZsAmtn.webp (reused cache entry) (+2ms) (2451/4121)
09:05:08   ▶ /_astro/ART_7019.DgmB17Tx_1rND2X.webp (reused cache entry) (+1ms) (2452/4121)
09:05:08   ▶ /_astro/ART_7397-2.HIsAW5n7_ZUNq2O.webp (reused cache entry) (+2ms) (2453/4121)
09:05:08   ▶ /_astro/ART_7089.C0s1-IEu_1fXBWF.webp (reused cache entry) (+2ms) (2454/4121)
09:05:08   ▶ /_astro/Hochzeit_Lauenbrueck_3803-1024x684.B7vX392r_1kYbTw.webp (reused cache entry) (+2ms) (2455/4121)
09:05:08   ▶ /_astro/ART_7264.XZyDEDPr_Z1O4KJu.webp (reused cache entry) (+2ms) (2456/4121)
09:05:08   ▶ /_astro/ART_4449.SWZbYuAj_Z1MCpPs.webp (reused cache entry) (+2ms) (2457/4121)
09:05:08   ▶ /_astro/ART_7411.6SSIHDsY_Zyvm3G.webp (reused cache entry) (+2ms) (2458/4121)
09:05:08   ▶ /_astro/ART_7025.B-vLHq7x_Z2aaMel.webp (reused cache entry) (+2ms) (2459/4121)
09:05:08   ▶ /_astro/ART_7022.B9ZnakXg_Z1A1B0i.webp (reused cache entry) (+2ms) (2460/4121)
09:05:08   ▶ /_astro/ART_7082.Bifb2f0m_1vGtsh.webp (reused cache entry) (+2ms) (2461/4121)
09:05:08   ▶ /_astro/ART_6815.Cfi6yNx6_Z1SfqHg.webp (reused cache entry) (+3ms) (2462/4121)
09:05:08   ▶ /_astro/ART_7019.DgmB17Tx_1kKKVX.webp (reused cache entry) (+2ms) (2463/4121)
09:05:08   ▶ /_astro/ART_7089.C0s1-IEu_f8sbu.webp (reused cache entry) (+2ms) (2464/4121)
09:05:08   ▶ /_astro/Hochzeit_Lauenbrueck_3803-1024x684.B7vX392r_207CPN.webp (reused cache entry) (+2ms) (2465/4121)
09:05:08   ▶ /_astro/Hochzeit_Lauenbrueck_4738-1024x684.B0z6xm4r_Z1kAmbV.webp (reused cache entry) (+1ms) (2466/4121)
09:05:08   ▶ /_astro/ART_7306.Dc5WHsPC_Z2vxv4n.webp (reused cache entry) (+3ms) (2467/4121)
09:05:08   ▶ /_astro/ART_7025.B-vLHq7x_TqA9R.webp (reused cache entry) (+2ms) (2468/4121)
09:05:08   ▶ /_astro/ART_7397-2.HIsAW5n7_2agyIk.webp (reused cache entry) (+7ms) (2469/4121)
09:05:08   ▶ /_astro/ART_4449.SWZbYuAj_Z2m91fu.webp (reused cache entry) (+6ms) (2470/4121)
09:05:08   ▶ /_astro/ART_7022.B9ZnakXg_Z1yGgXl.webp (reused cache entry) (+6ms) (2471/4121)
09:05:08   ▶ /_astro/ART_7082.Bifb2f0m_ZxNnn4.webp (reused cache entry) (+6ms) (2472/4121)
09:05:08   ▶ /_astro/ART_7089.C0s1-IEu_g5FWH.webp (reused cache entry) (+6ms) (2473/4121)
09:05:08   ▶ /_astro/ART_7019.DgmB17Tx_Z1iHgwe.webp (reused cache entry) (+6ms) (2474/4121)
09:05:08   ▶ /_astro/Hochzeit_Lauenbrueck_4738-1024x684.B0z6xm4r_289upp.webp (reused cache entry) (+6ms) (2475/4121)
09:05:08   ▶ /_astro/ART_6815.Cfi6yNx6_xsECt.webp (reused cache entry) (+7ms) (2476/4121)
09:05:08   ▶ /_astro/ART_7025.B-vLHq7x_Z1J2rjk.webp (reused cache entry) (+7ms) (2477/4121)
09:05:08   ▶ /_astro/Hochzeit_Lauenbrueck_4711-2-Bearbeitet-864x1536.B6MdeRrw_Z1Gag60.webp (reused cache entry) (+10ms) (2478/4121)
09:05:08   ▶ /_astro/Hochzeit_Lauenbrueck_3803-1024x684.B7vX392r_1666sM.webp (reused cache entry) (+10ms) (2479/4121)
09:05:08   ▶ /_astro/ART_7411.6SSIHDsY_ZOqEDA.webp (reused cache entry) (+11ms) (2480/4121)
09:05:08   ▶ /_astro/ART_4449.SWZbYuAj_ZWKzEc.webp (reused cache entry) (+6ms) (2481/4121)
09:05:08   ▶ /_astro/ART_7082.Bifb2f0m_Z1hPqkp.webp (reused cache entry) (+5ms) (2482/4121)
09:05:08   ▶ /_astro/Hochzeit_Lauenbrueck_4903-2.DKi9TLbo_ZRu0xn.webp (reused cache entry) (+6ms) (2483/4121)
09:05:08   ▶ /_astro/Hochzeit_Lauenbrueck_4901-2.Yn7GPHCw_Z135Ykd.webp (reused cache entry) (+5ms) (2484/4121)
09:05:08   ▶ /_astro/ART_7089.C0s1-IEu_anmN.webp (reused cache entry) (+6ms) (2485/4121)
09:05:08   ▶ /_astro/Hochzeit_Lauenbrueck_3907-1024x684.DYOfQdVj_ZLkM7q.webp (reused cache entry) (+5ms) (2486/4121)
09:05:08   ▶ /_astro/Hochzeit_Lauenbrueck_5817-1024x682.Bpj40ZU2_Idvlf.webp (reused cache entry) (+4ms) (2487/4121)
09:05:08   ▶ /_astro/ART_7022.B9ZnakXg_R1Omo.webp (reused cache entry) (+7ms) (2488/4121)
09:05:08   ▶ /_astro/Hochzeit_Lauenbrueck_5771-1024x682.Ba1VlOG9_2ufRWL.webp (reused cache entry) (+2ms) (2489/4121)
09:05:08   ▶ /_astro/Hochzeit_Lauenbrueck_4738-1024x684.B0z6xm4r_Z2hTcsf.webp (reused cache entry) (+6ms) (2490/4121)
09:05:08   ▶ /_astro/Hochzeit_Lauenbrueck_5773-1024x682.DMKzNUZf_ZpMlvi.webp (reused cache entry) (+2ms) (2491/4121)
09:05:08   ▶ /_astro/Hochzeit_Lauenbrueck_5901-1024x819.BG133ZbW_1GMcER.webp (reused cache entry) (+2ms) (2492/4121)
09:05:08   ▶ /_astro/ART_4449.SWZbYuAj_Zf4F3j.webp (reused cache entry) (+2ms) (2493/4121)
09:05:08   ▶ /_astro/Hochzeit_Lauenbrueck_5825-3-1024x682.C-4x4QyR_Ifzdh.webp (reused cache entry) (+2ms) (2494/4121)
09:05:08   ▶ /_astro/Hochzeit_Lauenbrueck_3907-1024x684.DYOfQdVj_Z2nM4k1.webp (reused cache entry) (+2ms) (2495/4121)
09:05:08   ▶ /_astro/Hochzeit_Lauenbrueck_4711-2-Bearbeitet-864x1536.B6MdeRrw_Z12X8lx.webp (reused cache entry) (+5ms) (2496/4121)
09:05:08   ▶ /_astro/Hochzeit_Lauenbrueck_5817-1024x682.Bpj40ZU2_ZFS6Bv.webp (reused cache entry) (+3ms) (2497/4121)
09:05:08   ▶ /_astro/Hochzeit_Lauenbrueck_4903-2.DKi9TLbo_Zt4l1E.webp (reused cache entry) (+4ms) (2498/4121)
09:05:08   ▶ /_astro/Hochzeit_Lauenbrueck_5932-1024x819.Q2_JYT2E_Srl4T.webp (reused cache entry) (+4ms) (2499/4121)
09:05:08   ▶ /_astro/Hochzeit_Lauenbrueck_5771-1024x682.Ba1VlOG9_159g01.webp (reused cache entry) (+3ms) (2500/4121)
09:05:08   ▶ /_astro/Hochzeit_Lauenbrueck_4738-1024x684.B0z6xm4r_9kM4y.webp (reused cache entry) (+4ms) (2501/4121)
09:05:08   ▶ /_astro/Hochzeit_Lauenbrueck_5773-1024x682.DMKzNUZf_Z1OSXt3.webp (reused cache entry) (+4ms) (2502/4121)
09:05:08   ▶ /_astro/Hochzeit_Lauenbrueck_4901-2.Yn7GPHCw_ZDFjNu.webp (reused cache entry) (+5ms) (2503/4121)
09:05:08   ▶ /_astro/Hochzeit_Lauenbrueck_5901-1024x819.BG133ZbW_1DmMQi.webp (reused cache entry) (+3ms) (2504/4121)
09:05:08   ▶ /_astro/Hochzeit_Lauenbrueck_5825-3-1024x682.C-4x4QyR_ZIyVC0.webp (reused cache entry) (+3ms) (2505/4121)
09:05:08   ▶ /_astro/Hochzeit_Lauenbrueck_3907-1024x684.DYOfQdVj_Z1IDCnJ.webp (reused cache entry) (+3ms) (2506/4121)
09:05:08   ▶ /_astro/ART_4449.SWZbYuAj_CNyLi.webp (reused cache entry) (+4ms) (2507/4121)
09:05:08   ▶ /_astro/Hochzeit_Lauenbrueck_4711-2-Bearbeitet-864x1536.B6MdeRrw_1H0K27.webp (reused cache entry) (+2ms) (2508/4121)
09:05:08   ▶ /_astro/Hochzeit_Lauenbrueck_4903-2.DKi9TLbo_2pbtDH.webp (reused cache entry) (+2ms) (2509/4121)
09:05:08   ▶ /_astro/Hochzeit_Lauenbrueck_5817-1024x682.Bpj40ZU2_azYyB.webp (reused cache entry) (+2ms) (2510/4121)
09:05:08   ▶ /_astro/Hochzeit_Lauenbrueck_5932-1024x819.Q2_JYT2E_P1Vgk.webp (reused cache entry) (+2ms) (2511/4121)
09:05:08   ▶ /_astro/Hochzeit_Lauenbrueck_6049-1024x682.DsIrFPzD_1u7FIs.webp (reused cache entry) (+2ms) (2512/4121)
09:05:08   ▶ /_astro/Hochzeit_Lauenbrueck_5771-1024x682.Ba1VlOG9_1VCmb8.webp (reused cache entry) (+2ms) (2513/4121)
09:05:08   ▶ /_astro/Hochzeit_Lauenbrueck_5773-1024x682.DMKzNUZf_ZXpRhV.webp (reused cache entry) (+2ms) (2514/4121)
09:05:08   ▶ /_astro/Hochzeit_Lauenbrueck_4901-2.Yn7GPHCw_2ezuQR.webp (reused cache entry) (+2ms) (2515/4121)
09:05:08   ▶ /_astro/Hochzeit_Lauenbrueck_5901-1024x819.BG133ZbW_Z1GE2Sv.webp (reused cache entry) (+2ms) (2516/4121)
09:05:08   ▶ /_astro/Hochzeit_Lauenbrueck_5825-3-1024x682.C-4x4QyR_1A9Tu9.webp (reused cache entry) (+2ms) (2517/4121)
09:05:08   ▶ /_astro/Hochzeit_Lauenbrueck_3907-1024x684.DYOfQdVj_2iEaTv.webp (reused cache entry) (+2ms) (2518/4121)
09:05:08   ▶ /_astro/Hochzeit_Lauenbrueck_6057-1024x819.o44jmQuK_1lvX5E.webp (reused cache entry) (+1ms) (2519/4121)
09:05:08   ▶ /_astro/Hochzeit_Lauenbrueck_5948-1024x682.Ci_s9Lfr_1llTCR.webp (reused cache entry) (+2ms) (2520/4121)
09:05:08   ▶ /_astro/Hochzeit_Lauenbrueck_5817-1024x682.Bpj40ZU2_lGIIX.webp (reused cache entry) (+2ms) (2521/4121)
09:05:08   ▶ /_astro/Hochzeit_Lauenbrueck_4903-2.DKi9TLbo_1V9NLg.webp (reused cache entry) (+2ms) (2522/4121)
09:05:08   ▶ /_astro/Hochzeit_Lauenbrueck_6049-1024x682.DsIrFPzD_513KH.webp (reused cache entry) (+1ms) (2523/4121)
09:05:08   ▶ /_astro/Hochzeit_Lauenbrueck_5932-1024x819.Q2_JYT2E_Z2uYTtt.webp (reused cache entry) (+2ms) (2524/4121)
09:05:08   ▶ /_astro/Hochzeit_Lauenbrueck_5771-1024x682.Ba1VlOG9_ZFhmc3.webp (reused cache entry) (+2ms) (2525/4121)
09:05:08   ▶ /_astro/Hochzeit_Lauenbrueck_5773-1024x682.DMKzNUZf_mDRKJ.webp (reused cache entry) (+2ms) (2526/4121)
09:05:08   ▶ /_astro/Hochzeit_Lauenbrueck_4901-2.Yn7GPHCw_1KxOYq.webp (reused cache entry) (+2ms) (2527/4121)
09:05:08   ▶ /_astro/Hochzeit_Lauenbrueck_5901-1024x819.BG133ZbW_Z1cLkcy.webp (reused cache entry) (+2ms) (2528/4121)
09:05:08   ▶ /_astro/Hochzeit_Lauenbrueck_6262-1024x682.nBviUl1d_ZD3i3c.webp (reused cache entry) (+2ms) (2529/4121)
09:05:08   ▶ /_astro/Hochzeit_Lauenbrueck_6057-1024x819.o44jmQuK_1i6yh5.webp (reused cache entry) (+2ms) (2530/4121)
09:05:08   ▶ /_astro/Hochzeit_Lauenbrueck_5825-3-1024x682.C-4x4QyR_Z5wkGz.webp (reused cache entry) (+2ms) (2531/4121)
09:05:08   ▶ /_astro/Hochzeit_Lauenbrueck_5948-1024x682.Ci_s9Lfr_Z3JHjS.webp (reused cache entry) (+2ms) (2532/4121)
09:05:08   ▶ /_astro/Hochzeit_Lauenbrueck_4794-1-1024x684.B0STXYMJ_2kH5nG.webp (reused cache entry) (+1ms) (2533/4121)
09:05:08   ▶ /_astro/Hochzeit_Lauenbrueck_4766-1.CXwwkNA0_ZKtSJl.webp (reused cache entry) (+2ms) (2534/4121)
09:05:08   ▶ /_astro/Hochzeit_Lauenbrueck_4929-Bearbeitet-1024x684.CCs3mh6b_Z2tNJCa.webp (reused cache entry) (+1ms) (2535/4121)
09:05:08   ▶ /_astro/Hochzeit_Lauenbrueck_6049-1024x682.DsIrFPzD_Vu9VO.webp (reused cache entry) (+2ms) (2536/4121)
09:05:08   ▶ /_astro/Hochzeit_Lauenbrueck_4580-2-1024x684.Yf6qWDT1_WYuGy.webp (reused cache entry) (+1ms) (2537/4121)
09:05:08   ▶ /_astro/Hochzeit_Lauenbrueck_5932-1024x819.Q2_JYT2E_ZQnknR.webp (reused cache entry) (+2ms) (2538/4121)
09:05:08   ▶ /_astro/Hochzeit_Lauenbrueck_7740.DHSrImin_1IAOLe.webp (reused cache entry) (+1ms) (2539/4121)
09:05:08   ▶ /_astro/Hochzeit_Lauenbrueck_7480.DYPmkCo2_2dBf2n.webp (reused cache entry) (+1ms) (2540/4121)
09:05:08   ▶ /_astro/Hochzeit_Lauenbrueck_6262-1024x682.nBviUl1d_Z239U0W.webp (reused cache entry) (+1ms) (2541/4121)
09:05:08   ▶ /_astro/Hochzeit_Lauenbrueck_6057-1024x819.o44jmQuK_Z22UhsI.webp (reused cache entry) (+1ms) (2542/4121)
09:05:08   ▶ /_astro/Hochzeit_Lauenbrueck_6916-2-1024x682.VZg_yQqH_2aSGU0.webp (reused cache entry) (+1ms) (2543/4121)
09:05:08   ▶ /_astro/Hochzeit_Lauenbrueck_4794-1-1024x684.B0STXYMJ_Zg1V4x.webp (reused cache entry) (+1ms) (2544/4121)
09:05:08   ▶ /_astro/Hochzeit_Lauenbrueck_4929-Bearbeitet-1024x684.CCs3mh6b_1bLpIT.webp (reused cache entry) (+1ms) (2545/4121)
09:05:08   ▶ /_astro/Hochzeit_Lauenbrueck_5948-1024x682.Ci_s9Lfr_MInQe.webp (reused cache entry) (+2ms) (2546/4121)
09:05:08   ▶ /_astro/Hochzeit_Lauenbrueck_6916-1024x682._elcM5iu_P7CSH.webp (reused cache entry) (+1ms) (2547/4121)
09:05:08   ▶ /_astro/Hochzeit_Lauenbrueck_4766-1.CXwwkNA0_Zm4edC.webp (reused cache entry) (+2ms) (2548/4121)
09:05:08   ▶ /_astro/Hochzeit_Lauenbrueck_4580-2-1024x684.Yf6qWDT1_Z1CJvKF.webp (reused cache entry) (+1ms) (2549/4121)
09:05:08   ▶ /_astro/Hochzeit_Lauenbrueck_6049-1024x682.DsIrFPzD_Z1efHy6.webp (reused cache entry) (+2ms) (2550/4121)
09:05:08   ▶ /_astro/Hochzeit_Lauenbrueck_7740.DHSrImin_Z2d08rS.webp (reused cache entry) (+2ms) (2551/4121)
09:05:08   ▶ /_astro/Hochzeit_Lauenbrueck_6262-1024x682.nBviUl1d_Z1bFNOP.webp (reused cache entry) (+2ms) (2552/4121)
09:05:08   ▶ /_astro/Hochzeit_Lauenbrueck_7480.DYPmkCo2_Z1HYIbJ.webp (reused cache entry) (+2ms) (2553/4121)
09:05:08   ▶ /_astro/Hochzeit_Lauenbrueck_6057-1024x819.o44jmQuK_Z1PCrsi.webp (reused cache entry) (+2ms) (2554/4121)
09:05:08   ▶ /_astro/Hochzeit_Lauenbrueck_6916-2-1024x682.VZg_yQqH_I4b4I.webp (reused cache entry) (+2ms) (2555/4121)
09:05:08   ▶ /_astro/Hochzeit_Lauenbrueck_4794-1-1024x684.B0STXYMJ_TMppE.webp (reused cache entry) (+2ms) (2556/4121)
09:05:08   ▶ /_astro/Hochzeit_Lauenbrueck_6916-1024x682._elcM5iu_ZyXY43.webp (reused cache entry) (+1ms) (2557/4121)
09:05:08   ▶ /_astro/Hochzeit_Lauenbrueck_4929-Bearbeitet-1024x684.CCs3mh6b_KFt2P.webp (reused cache entry) (+2ms) (2558/4121)
09:05:08   ▶ /_astro/Hochzeit_Lauenbrueck_5948-1024x682.Ci_s9Lfr_ZAOuzs.webp (reused cache entry) (+2ms) (2559/4121)
09:05:08   ▶ /_astro/Hochzeit_Lauenbrueck_4580-2-1024x684.Yf6qWDT1_ZrUagt.webp (reused cache entry) (+2ms) (2560/4121)
09:05:08   ▶ /_astro/Hochzeit_Lauenbrueck_7587.DkUDtnXT_gbuiO.webp (reused cache entry) (+2ms) (2561/4121)
09:05:08   ▶ /_astro/Hochzeit_Lauenbrueck_4766-1.CXwwkNA0_YxQIu.webp (reused cache entry) (+2ms) (2562/4121)
09:05:08   ▶ /_astro/Hochzeit_Lauenbrueck_7740.DHSrImin_1KfMC.webp (reused cache entry) (+2ms) (2563/4121)
09:05:08   ▶ /_astro/Hochzeit_Lauenbrueck_7237-Bearbeitet-1024x682.Dsmceod8_Z1pEhAR.webp (reused cache entry) (+2ms) (2564/4121)
09:05:08   ▶ /_astro/Hochzeit_Lauenbrueck_6262-1024x682.nBviUl1d_Z1hfd8h.webp (reused cache entry) (+2ms) (2565/4121)
09:05:08   ▶ /_astro/Hochzeit_Lauenbrueck_6916-2-1024x682.VZg_yQqH_Z22o6C4.webp (reused cache entry) (+2ms) (2566/4121)
09:05:08   ▶ /_astro/Hochzeit_Lauenbrueck_7480.DYPmkCo2_vKF3L.webp (reused cache entry) (+2ms) (2567/4121)
09:05:08   ▶ /_astro/Hochzeit_Lauenbrueck_4794-1-1024x684.B0STXYMJ_ZLa2H5.webp (reused cache entry) (+2ms) (2568/4121)
09:05:08   ▶ /_astro/Hochzeit_Lauenbrueck_6916-1024x682._elcM5iu_hu774.webp (reused cache entry) (+2ms) (2569/4121)
09:05:08   ▶ /_astro/art-8413.CfTKfiXF_1Aqe0T.webp (reused cache entry) (+2ms) (2570/4121)
09:05:08   ▶ /_astro/Hochzeit_Lauenbrueck_4929-Bearbeitet-1024x684.CCs3mh6b_Z2tSqpX.webp (reused cache entry) (+2ms) (2571/4121)
09:05:08   ▶ /_astro/Hochzeit_Lauenbrueck_4580-2-1024x684.Yf6qWDT1_2rt7fg.webp (reused cache entry) (+2ms) (2572/4121)
09:05:08   ▶ /_astro/Hochzeit_Lauenbrueck_7587.DkUDtnXT_1oLESD.webp (reused cache entry) (+2ms) (2573/4121)
09:05:08   ▶ /_astro/Hochzeit_Lauenbrueck_7237-Bearbeitet-1024x682.Dsmceod8_ZaPq24.webp (reused cache entry) (+1ms) (2574/4121)
09:05:08   ▶ /_astro/Hochzeit_Lauenbrueck_7740.DHSrImin_19pWVY.webp (reused cache entry) (+2ms) (2575/4121)
09:05:08   ▶ /_astro/art-8273.aE_c4-4B_ZOc4wW.webp (reused cache entry) (+2ms) (2576/4121)
09:05:08   ▶ /_astro/Hochzeit_Lauenbrueck_4766-1.CXwwkNA0_1n5Wvk.webp (reused cache entry) (+2ms) (2577/4121)
09:05:08   ▶ /_astro/art-8407.3wOMl0H1_jkuAu.webp (reused cache entry) (+1ms) (2578/4121)
09:05:08   ▶ /_astro/Hochzeit_Lauenbrueck_6916-2-1024x682.VZg_yQqH_ZNqIlC.webp (reused cache entry) (+2ms) (2579/4121)
09:05:08   ▶ /_astro/Hochzeit_Lauenbrueck_6916-1024x682._elcM5iu_Z1dtz4J.webp (reused cache entry) (+2ms) (2580/4121)
09:05:08   ▶ /_astro/art-8413.CfTKfiXF_YEThC.webp (reused cache entry) (+2ms) (2581/4121)
09:05:08   ▶ /_astro/art-8249.DimSaZdj_1utHEw.webp (reused cache entry) (+2ms) (2582/4121)
09:05:08   ▶ /_astro/Hochzeit_Lauenbrueck_7480.DYPmkCo2_1Dqnd8.webp (reused cache entry) (+2ms) (2583/4121)
09:05:08   ▶ /_astro/art-8381.Dmi_sKRT_ZQ11qc.webp (reused cache entry) (+2ms) (2584/4121)
09:05:08   ▶ /_astro/art-8080.CE5tSLja_Z1czW55.webp (reused cache entry) (+1ms) (2585/4121)
09:05:08   ▶ /_astro/Hochzeit_Lauenbrueck_7237-Bearbeitet-1024x682.Dsmceod8_22tsix.webp (reused cache entry) (+2ms) (2586/4121)
09:05:08   ▶ /_astro/art-8273.aE_c4-4B_Z1pWoge.webp (reused cache entry) (+1ms) (2587/4121)
09:05:08   ▶ /_astro/Hochzeit_Lauenbrueck_7587.DkUDtnXT_Z1qE4EM.webp (reused cache entry) (+2ms) (2588/4121)
09:05:08   ▶ /_astro/art-8385.BRCX_yyG_1lUF3u.webp (reused cache entry) (+2ms) (2589/4121)
09:05:08   ▶ /_astro/art-8380.DG7HpQ8T_Z2mEY7E.webp (reused cache entry) (+1ms) (2590/4121)
09:05:08   ▶ /_astro/art-8360.C54zXzEe_1rF982.webp (reused cache entry) (+1ms) (2591/4121)
09:05:08   ▶ /_astro/art-8413.CfTKfiXF_Z2kDceD.webp (reused cache entry) (+1ms) (2592/4121)
09:05:08   ▶ /_astro/art-8407.3wOMl0H1_ZhpO7M.webp (reused cache entry) (+2ms) (2593/4121)
09:05:08   ▶ /_astro/art-8239.DaI_nSyT_SF0Rr.webp (reused cache entry) (+1ms) (2594/4121)
09:05:08   ▶ /_astro/art-8249.DimSaZdj_Z181yCt.webp (reused cache entry) (+1ms) (2595/4121)
09:05:08   ▶ /_astro/art-8381.Dmi_sKRT_Z1rLl9t.webp (reused cache entry) (+1ms) (2596/4121)
09:05:08   ▶ /_astro/art-8080.CE5tSLja_1Lu4i7.webp (reused cache entry) (+1ms) (2597/4121)
09:05:08   ▶ /_astro/art-8273.aE_c4-4B_jUD1r.webp (reused cache entry) (+1ms) (2598/4121)
09:05:08   ▶ /_astro/Hochzeit_Lauenbrueck_7237-Bearbeitet-1024x682.Dsmceod8_1rBaOl.webp (reused cache entry) (+1ms) (2599/4121)
09:05:08   ▶ /_astro/art-8385.BRCX_yyG_Kalkd.webp (reused cache entry) (+1ms) (2600/4121)
09:05:08   ▶ /_astro/Hochzeit_Lauenbrueck_7587.DkUDtnXT_ZiYmvq.webp (reused cache entry) (+2ms) (2601/4121)
09:05:08   ▶ /_astro/art-8380.DG7HpQ8T_26KOX0.webp (reused cache entry) (+1ms) (2602/4121)
09:05:08   ▶ /_astro/art-8360.C54zXzEe_PTOoK.webp (reused cache entry) (+1ms) (2603/4121)
09:05:08   ▶ /_astro/art-8413.CfTKfiXF_1RMdD6.webp (reused cache entry) (+1ms) (2604/4121)
09:05:08   ▶ /_astro/art-8407.3wOMl0H1_1ssd9S.webp (reused cache entry) (+2ms) (2605/4121)
09:05:08   ▶ /_astro/art-8239.DaI_nSyT_Z1IPgpy.webp (reused cache entry) (+2ms) (2606/4121)
09:05:08   ▶ /_astro/art-8381.Dmi_sKRT_i6G8c.webp (reused cache entry) (+2ms) (2607/4121)
09:05:08   ▶ /_astro/art-8249.DimSaZdj_Z18THhf.webp (reused cache entry) (+2ms) (2608/4121)
09:05:08   ▶ /_astro/art-8208.oZC_PtRg_cJfUJ.webp (reused cache entry) (+1ms) (2609/4121)
09:05:08   ▶ /_astro/art-8080.CE5tSLja_Z1r2jf0.webp (reused cache entry) (+2ms) (2610/4121)
09:05:08   ▶ /_astro/art-8273.aE_c4-4B_Z1VSb6f.webp (reused cache entry) (+2ms) (2611/4121)
09:05:08   ▶ /_astro/art-8385.BRCX_yyG_2v3nBS.webp (reused cache entry) (+2ms) (2612/4121)
09:05:08   ▶ /_astro/Hochzeit_Lauenbrueck_7587.DkUDtnXT_2lDiHW.webp (reused cache entry) (+2ms) (2613/4121)
09:05:08   ▶ /_astro/art-8065.Dy1dvGu7_13ciIB.webp (reused cache entry) (+1ms) (2614/4121)
09:05:08   ▶ /_astro/art-8360.C54zXzEe_Z2toh7v.webp (reused cache entry) (+2ms) (2615/4121)
09:05:08   ▶ /_astro/art-8380.DG7HpQ8T_Z1dxgyg.webp (reused cache entry) (+2ms) (2616/4121)
09:05:08   ▶ /_astro/art-8407.3wOMl0H1_Z2cIkx4.webp (reused cache entry) (+2ms) (2617/4121)
09:05:08   ▶ /_astro/art-8239.DaI_nSyT_Z1JIp4k.webp (reused cache entry) (+2ms) (2618/4121)
09:05:08   ▶ /_astro/art-8381.Dmi_sKRT_2cUx94.webp (reused cache entry) (+2ms) (2619/4121)
09:05:08   ▶ /_astro/art-8208.oZC_PtRg_Zo13Mx.webp (reused cache entry) (+1ms) (2620/4121)
09:05:08   ▶ /_astro/art-8249.DimSaZdj_Z2v6Vmo.webp (reused cache entry) (+2ms) (2621/4121)
09:05:08   ▶ /_astro/art-7696.C444ujg8_Z80mDN.webp (reused cache entry) (+1ms) (2622/4121)
09:05:08   ▶ /_astro/art-8385.BRCX_yyG_ZowSdF.webp (reused cache entry) (+2ms) (2623/4121)
09:05:08   ▶ /_astro/art-8065.Dy1dvGu7_rqY0k.webp (reused cache entry) (+1ms) (2624/4121)
09:05:08   ▶ /_astro/art-8080.CE5tSLja_bJORz.webp (reused cache entry) (+2ms) (2625/4121)
09:05:08   ▶ /_astro/Hochzeit_Lauenbrueck_7587.DkUDtnXT_Z1rbvEJ.webp (reused cache entry) (+2ms) (2626/4121)
09:05:08   ▶ /_astro/art-7981.Dywi1RxN_Z53NNo.webp (reused cache entry) (+1ms) (2627/4121)
09:05:09   ▶ /_astro/art-8360.C54zXzEe_2vyS56.webp (reused cache entry) (+2ms) (2628/4121)
09:05:09   ▶ /_astro/art-8380.DG7HpQ8T_Sp0Vf.webp (reused cache entry) (+2ms) (2629/4121)
09:05:09   ▶ /_astro/art-7547.CHNHZV2i_WtMxk.webp (reused cache entry) (+2ms) (2630/4121)
09:05:09   ▶ /_astro/art-7943.CHzqRzdd_QFbV5.webp (reused cache entry) (+1ms) (2631/4121)
09:05:09   ▶ /_astro/art-8239.DaI_nSyT_1XguEs.webp (reused cache entry) (+2ms) (2632/4121)
09:05:09   ▶ /_astro/art-8208.oZC_PtRg_1lQXu8.webp (reused cache entry) (+2ms) (2633/4121)
09:05:09   ▶ /_astro/art-7786.D83guZMy_1Xb19p.webp (reused cache entry) (+1ms) (2634/4121)
09:05:09   ▶ /_astro/art-7696.C444ujg8_ZIKGn5.webp (reused cache entry) (+2ms) (2635/4121)
09:05:09   ▶ /_astro/art-7859.DKVPaDBj_ud120.webp (reused cache entry) (+1ms) (2636/4121)
09:05:09   ▶ /_astro/art-8065.Dy1dvGu7_2ck1i0.webp (reused cache entry) (+1ms) (2637/4121)
09:05:09   ▶ /_astro/art-7981.Dywi1RxN_ZFO8wF.webp (reused cache entry) (+1ms) (2638/4121)
09:05:09   ▶ /_astro/ART0682-Bearbeitet_thumb.DjDIZKDv_Z1N97TS.webp (reused cache entry) (+1ms) (2639/4121)
09:05:09   ▶ /_astro/ART0156-Bearbeitet_thumb.Djt0gFt5_25Wad7.webp (reused cache entry) (+1ms) (2640/4121)
09:05:09   ▶ /_astro/ART0193-1-1.Csb5JXEJ_ZYMaEH.webp (reused cache entry) (+1ms) (2641/4121)
09:05:09   ▶ /_astro/Hochzeit_Lauenbrueck_7587.DkUDtnXT_qkc3A.webp (reused cache entry) (+2ms) (2642/4121)
09:05:09   ▶ /_astro/art-7547.CHNHZV2i_lIsO3.webp (reused cache entry) (+1ms) (2643/4121)
09:05:09   ▶ /_astro/art-7943.CHzqRzdd_fTRcN.webp (reused cache entry) (+1ms) (2644/4121)
09:05:09   ▶ /_astro/art-7786.D83guZMy_1mpGq8.webp (reused cache entry) (+1ms) (2645/4121)
09:05:09   ▶ /_astro/art-7859.DKVPaDBj_Z6xiGh.webp (reused cache entry) (+1ms) (2646/4121)
09:05:09   ▶ /_astro/art-8208.oZC_PtRg_ZsVDqv.webp (reused cache entry) (+2ms) (2647/4121)
09:05:09   ▶ /_astro/art-7696.C444ujg8_117kTA.webp (reused cache entry) (+1ms) (2648/4121)
09:05:09   ▶ /_astro/art-8065.Dy1dvGu7_fj3iK.webp (reused cache entry) (+2ms) (2649/4121)
09:05:09   ▶ /_astro/ART0682-Bearbeitet_thumb.DjDIZKDv_2kyoBi.webp (reused cache entry) (+1ms) (2650/4121)
09:05:09   ▶ /_astro/art-7981.Dywi1RxN_143SK0.webp (reused cache entry) (+1ms) (2651/4121)
09:05:09   ▶ /_astro/ART0156-Bearbeitet_thumb.Djt0gFt5_19sxUm.webp (reused cache entry) (+1ms) (2652/4121)
09:05:09   ▶ /_astro/ART0193-1-1.Csb5JXEJ_Z2kCyix.webp (reused cache entry) (+1ms) (2653/4121)
09:05:09   ▶ /_astro/art-7943.CHzqRzdd_20MTut.webp (reused cache entry) (+1ms) (2654/4121)
09:05:09   ▶ /_astro/art-7547.CHNHZV2i_26Bv6I.webp (reused cache entry) (+1ms) (2655/4121)
09:05:09   ▶ /_astro/ART0874_thumb.Bs2QiDDd_Z2j2ua6.webp (reused cache entry) (+1ms) (2656/4121)
09:05:09   ▶ /_astro/art-7786.D83guZMy_Z1WSp68.webp (reused cache entry) (+1ms) (2657/4121)
09:05:09   ▶ /_astro/Hochzeit_Lauenbrueck_7587.DkUDtnXT_2oFT7O.webp (reused cache entry) (+2ms) (2658/4121)
09:05:09   ▶ /_astro/art-7859.DKVPaDBj_1DkIAo.webp (reused cache entry) (+1ms) (2659/4121)
09:05:09   ▶ /_astro/ART0262-1-1.RkUh86fH_1zzawN.webp (reused cache entry) (+1ms) (2660/4121)
09:05:09   ▶ /_astro/art-7696.C444ujg8_ZPIWQp.webp (reused cache entry) (+2ms) (2661/4121)
09:05:09   ▶ /_astro/art-7981.Dywi1RxN_Dvegi.webp (reused cache entry) (+1ms) (2662/4121)
09:05:09   ▶ /_astro/ART0682-Bearbeitet_thumb.DjDIZKDv_7EOD8.webp (reused cache entry) (+1ms) (2663/4121)
09:05:09   ▶ /_astro/ART0193-1-1.Csb5JXEJ_ZLQSMb.webp (reused cache entry) (+1ms) (2664/4121)
09:05:09   ▶ /_astro/art-7943.CHzqRzdd_ZvNfwz.webp (reused cache entry) (+1ms) (2665/4121)
09:05:09   ▶ /_astro/ART0156-Bearbeitet_thumb.Djt0gFt5_Z13q12N.webp (reused cache entry) (+2ms) (2666/4121)
09:05:09   ▶ /_astro/art-7547.CHNHZV2i_2qolo3.webp (reused cache entry) (+1ms) (2667/4121)
09:05:09   ▶ /_astro/ART0874_thumb.Bs2QiDDd_2puVWD.webp (reused cache entry) (+1ms) (2668/4121)
09:05:09   ▶ /_astro/ART0690-1.ZwejoxAE_1LUsYm.webp (reused cache entry) (+1ms) (2669/4121)
09:05:09   ▶ /_astro/art-7786.D83guZMy_Z1NwJtW.webp (reused cache entry) (+1ms) (2670/4121)
09:05:09   ▶ /_astro/ART0534-Bearbeitet_thumb.1zpha7Td_Z29HfVd.webp (reused cache entry) (+1ms) (2671/4121)
09:05:09   ▶ /_astro/art-7859.DKVPaDBj_Z1KIuSf.webp (reused cache entry) (+1ms) (2672/4121)
09:05:09   ▶ /_astro/ART0583_thumb.DCKt0LLv_27lgpI.webp (reused cache entry) (+1ms) (2673/4121)
09:05:09   ▶ /_astro/ART0262-1-1.RkUh86fH_eILSX.webp (reused cache entry) (+2ms) (2674/4121)
09:05:09   ▶ /_astro/ART0346_thumb.DEkVm9HR_Z1MLahT.webp (reused cache entry) (+1ms) (2675/4121)
09:05:09   ▶ /_astro/ART0193-1-1.Csb5JXEJ_Z6Ti96.webp (reused cache entry) (+1ms) (2676/4121)
09:05:09   ▶ /_astro/ART9903-Wiederhergestellt_thumb.EVZqzE06_1HqwTS.webp (reused cache entry) (+1ms) (2677/4121)
09:05:09   ▶ /_astro/ART0682-Bearbeitet_thumb.DjDIZKDv_1dDYSX.webp (reused cache entry) (+2ms) (2678/4121)
09:05:09   ▶ /_astro/ART0690-1.ZwejoxAE_ZBd3iP.webp (reused cache entry) (+1ms) (2679/4121)
09:05:09   ▶ /_astro/ART9774-Bearbeitet_thumb.DNpudmFu_1OvVO4.webp (reused cache entry) (+1ms) (2680/4121)
09:05:09   ▶ /_astro/ART0156-Bearbeitet_thumb.Djt0gFt5_b4Jjx.webp (reused cache entry) (+2ms) (2681/4121)
09:05:09   ▶ /_astro/ART0874_thumb.Bs2QiDDd_Zilp1f.webp (reused cache entry) (+1ms) (2682/4121)
09:05:09   ▶ /_astro/ART0759-Wiederhergestellt_thumb.QCG6r3DN_Z2vmnai.webp (reused cache entry) (+1ms) (2683/4121)
09:05:09   ▶ /_astro/ART0534-Bearbeitet_thumb.1zpha7Td_WCwXE.webp (reused cache entry) (+1ms) (2684/4121)
09:05:09   ▶ /_astro/ART0583_thumb.DCKt0LLv_1KGyIw.webp (reused cache entry) (+1ms) (2685/4121)
09:05:09   ▶ /_astro/ART0346_thumb.DEkVm9HR_Z29pQY6.webp (reused cache entry) (+1ms) (2686/4121)
09:05:09   ▶ /_astro/ART9903-Wiederhergestellt_thumb.EVZqzE06_TG6Fn.webp (reused cache entry) (+1ms) (2687/4121)
09:05:09   ▶ /_astro/ART0193-1-1.Csb5JXEJ_2j5d2g.webp (reused cache entry) (+1ms) (2688/4121)
09:05:09   ▶ /_astro/ART0262-1-1.RkUh86fH_1Murpk.webp (reused cache entry) (+2ms) (2689/4121)
09:05:09   ▶ /_astro/ART9774-Bearbeitet_thumb.DNpudmFu_S2kwj.webp (reused cache entry) (+1ms) (2690/4121)
09:05:09   ▶ /_astro/ART0690-1.ZwejoxAE_Z1C3d51.webp (reused cache entry) (+1ms) (2691/4121)
09:05:09   ▶ /_astro/ART0682-Bearbeitet_thumb.DjDIZKDv_13tOom.webp (reused cache entry) (+2ms) (2692/4121)
09:05:09   ▶ /_astro/ART0759-Wiederhergestellt_thumb.QCG6r3DN_1L5kp8.webp (reused cache entry) (+1ms) (2693/4121)
09:05:09   ▶ /_astro/ART0156-Bearbeitet_thumb.Djt0gFt5_TyNV.webp (reused cache entry) (+2ms) (2694/4121)
09:05:09   ▶ /_astro/ART0874_thumb.Bs2QiDDd_ZROACN.webp (reused cache entry) (+2ms) (2695/4121)
09:05:09   ▶ /_astro/ART0534-Bearbeitet_thumb.1zpha7Td_ZWsb0o.webp (reused cache entry) (+2ms) (2696/4121)
09:05:09   ▶ /_astro/ART0583_thumb.DCKt0LLv_ZW9Mfm.webp (reused cache entry) (+1ms) (2697/4121)
09:05:09   ▶ /_astro/ART0862-1.DC5kq7HG_1HUiUc.webp (reused cache entry) (+1ms) (2698/4121)
09:05:09   ▶ /_astro/ART0346_thumb.DEkVm9HR_cTTPW.webp (reused cache entry) (+2ms) (2699/4121)
09:05:09   ▶ /_astro/ART9903-Wiederhergestellt_thumb.EVZqzE06_256WfC.webp (reused cache entry) (+2ms) (2700/4121)
09:05:09   ▶ /_astro/ART9774-Bearbeitet_thumb.DNpudmFu_Z1jQeqQ.webp (reused cache entry) (+1ms) (2701/4121)
09:05:09   ▶ /_astro/ART0783-1.CZnlWDcD_Z45fCt.webp (reused cache entry) (+1ms) (2702/4121)
09:05:09   ▶ /_astro/ART0690-1.ZwejoxAE_2tG1re.webp (reused cache entry) (+1ms) (2703/4121)
09:05:09   ▶ /_astro/ART9896-1-1.C-LPNZQu_Z2es3CR.webp (reused cache entry) (+1ms) (2704/4121)
09:05:09   ▶ /_astro/ART0262-1-1.RkUh86fH_Z1uIOSi.webp (reused cache entry) (+2ms) (2705/4121)
09:05:09   ▶ /_astro/ART0759-Wiederhergestellt_thumb.QCG6r3DN_Z28FWOy.webp (reused cache entry) (+2ms) (2706/4121)
09:05:09   ▶ /_astro/ART0862-1.DC5kq7HG_ZFddn0.webp (reused cache entry) (+1ms) (2707/4121)
09:05:09   ▶ /_astro/ART0874_thumb.Bs2QiDDd_Zq2AVG.webp (reused cache entry) (+2ms) (2708/4121)
09:05:09   ▶ /_astro/ART0583_thumb.DCKt0LLv_ZL7OwC.webp (reused cache entry) (+2ms) (2709/4121)
09:05:09   ▶ /_astro/ART0534-Bearbeitet_thumb.1zpha7Td_Z12gNQY.webp (reused cache entry) (+2ms) (2710/4121)
09:05:09   ▶ /_astro/ART0783-1.CZnlWDcD_Z2sdLUF.webp (reused cache entry) (+1ms) (2711/4121)
09:05:09   ▶ /_astro/ART9774-Bearbeitet_thumb.DNpudmFu_209dIS.webp (reused cache entry) (+1ms) (2712/4121)
09:05:09   ▶ /_astro/ART9903-Wiederhergestellt_thumb.EVZqzE06_21M9hd.webp (reused cache entry) (+2ms) (2713/4121)
09:05:09   ▶ /_astro/ART0346_thumb.DEkVm9HR_Zf7V3v.webp (reused cache entry) (+2ms) (2714/4121)
09:05:09   ▶ /_astro/ART9896-1-1.C-LPNZQu_1uSGxe.webp (reused cache entry) (+2ms) (2715/4121)
09:05:09   ▶ /_astro/ART0690-1.ZwejoxAE_Z1XshBU.webp (reused cache entry) (+2ms) (2716/4121)
09:05:09   ▶ /_astro/ART0593-1.C-1AYejg_Z19JKNq.webp (reused cache entry) (+1ms) (2717/4121)
09:05:09   ▶ /_astro/ART0759-Wiederhergestellt_thumb.QCG6r3DN_Z1Q5IS1.webp (reused cache entry) (+2ms) (2718/4121)
09:05:09   ▶ /_astro/ART0862-1.DC5kq7HG_Z1G3n9b.webp (reused cache entry) (+1ms) (2719/4121)
09:05:09   ▶ /_astro/ART0262-1-1.RkUh86fH_UfFi4.webp (reused cache entry) (+2ms) (2720/4121)
09:05:09   ▶ /_astro/ART9470-1.Dyh5e-H__Z2ukXE.webp (reused cache entry) (+2ms) (2721/4121)
09:05:09   ▶ /_astro/ART0583_thumb.DCKt0LLv_ZjkOPv.webp (reused cache entry) (+2ms) (2722/4121)
09:05:09   ▶ /_astro/ART0783-1.CZnlWDcD_1B8c75.webp (reused cache entry) (+1ms) (2723/4121)
09:05:09   ▶ /_astro/ART9774-Bearbeitet_thumb.DNpudmFu_1OY3eh.webp (reused cache entry) (+1ms) (2724/4121)
09:05:09   ▶ /_astro/ART9896-1-1.C-LPNZQu_Z21wLKl.webp (reused cache entry) (+1ms) (2725/4121)
09:05:09   ▶ /_astro/ART9910-1-1.CwyyJ8y1_ZD7V3D.webp (reused cache entry) (+1ms) (2726/4121)
09:05:09   ▶ /_astro/ART9903-Wiederhergestellt_thumb.EVZqzE06_23F9YG.webp (reused cache entry) (+2ms) (2727/4121)
09:05:09   ▶ /_astro/ART0346_thumb.DEkVm9HR_cE3CB.webp (reused cache entry) (+2ms) (2728/4121)
09:05:09   ▶ /_astro/ART0593-1.C-1AYejg_1wiPHj.webp (reused cache entry) (+1ms) (2729/4121)
09:05:09   ▶ /_astro/ART9457-1-1.P5PdvTp5_Z1dElca.webp (reused cache entry) (+1ms) (2730/4121)
09:05:09   ▶ /_astro/ART0862-1.DC5kq7HG_rATk9.webp (reused cache entry) (+1ms) (2731/4121)
09:05:09   ▶ /_astro/ART0759-Wiederhergestellt_thumb.QCG6r3DN_Z1OcIax.webp (reused cache entry) (+1ms) (2732/4121)
09:05:09   ▶ /_astro/ART9470-1.Dyh5e-H__Z2qCRgQ.webp (reused cache entry) (+1ms) (2733/4121)
09:05:09   ▶ /_astro/ART9407-1-1.CbppsBMB_1LlaOk.webp (reused cache entry) (+1ms) (2734/4121)
09:05:09   ▶ /_astro/trauung_standesamt_altona_hamburg0157-1024x684.CUdOHjnL_Z1T5ADV.webp (reused cache entry) (+1ms) (2735/4121)
09:05:09   ▶ /_astro/ART0783-1.CZnlWDcD_YuVdA.webp (reused cache entry) (+1ms) (2736/4121)
09:05:09   ▶ /_astro/ART9896-1-1.C-LPNZQu_26Tqki.webp (reused cache entry) (+1ms) (2737/4121)
09:05:09   ▶ /_astro/trauung_standesamt_altona_hamburg0172-1024x684.Cb40C9EN_25nubO.webp (reused cache entry) (+1ms) (2738/4121)
09:05:09   ▶ /_astro/ART9910-1-1.CwyyJ8y1_Z1XXjGt.webp (reused cache entry) (+1ms) (2739/4121)
09:05:09   ▶ /_astro/ART0346_thumb.DEkVm9HR_b6EP2.webp (reused cache entry) (+1ms) (2740/4121)
09:05:09   ▶ /_astro/ART0593-1.C-1AYejg_vsFV8.webp (reused cache entry) (+1ms) (2741/4121)
09:05:09   ▶ /_astro/ART9457-1-1.P5PdvTp5_2vGoXV.webp (reused cache entry) (+1ms) (2742/4121)
09:05:09   ▶ /_astro/ART0862-1.DC5kq7HG_14DJ4V.webp (reused cache entry) (+1ms) (2743/4121)
09:05:09   ▶ /_astro/ART0759-Wiederhergestellt_thumb.QCG6r3DN_Z1pNJiu.webp (reused cache entry) (+1ms) (2744/4121)
09:05:09   ▶ /_astro/trauung_standesamt_altona_hamburg0157-1024x684.CUdOHjnL_1nHxib.webp (reused cache entry) (+1ms) (2745/4121)
09:05:09   ▶ /_astro/ART9470-1.Dyh5e-H__1CI6KT.webp (reused cache entry) (+2ms) (2746/4121)
09:05:09   ▶ /_astro/ART9407-1-1.CbppsBMB_quMbu.webp (reused cache entry) (+2ms) (2747/4121)
09:05:09   ▶ /_astro/ART0783-1.CZnlWDcD_1BxKXn.webp (reused cache entry) (+1ms) (2748/4121)
09:05:09   ▶ /_astro/trauung_standesamt_altona_hamburg0172-1024x684.Cb40C9EN_hYuk0.webp (reused cache entry) (+1ms) (2749/4121)
09:05:09   ▶ /_astro/ART9896-1-1.C-LPNZQu_Zxicih.webp (reused cache entry) (+1ms) (2750/4121)
09:05:09   ▶ /_astro/ART9910-1-1.CwyyJ8y1_ZqcEb7.webp (reused cache entry) (+1ms) (2751/4121)
09:05:09   ▶ /_astro/ART0346_thumb.DEkVm9HR_Zl3WmV.webp (reused cache entry) (+2ms) (2752/4121)
09:05:09   ▶ /_astro/trauung_standesamt_altona_hamburg0213-1024x684.DmFyfTUo_Z2w4fdv.webp (reused cache entry) (+1ms) (2753/4121)
09:05:09   ▶ /_astro/ART0593-1.C-1AYejg_Z2mS2qh.webp (reused cache entry) (+1ms) (2754/4121)
09:05:09   ▶ /_astro/ART9457-1-1.P5PdvTp5_Z10J4jD.webp (reused cache entry) (+1ms) (2755/4121)
09:05:09   ▶ /_astro/ART0759-Wiederhergestellt_thumb.QCG6r3DN_Z1TkG24.webp (reused cache entry) (+2ms) (2756/4121)
09:05:09   ▶ /_astro/trauung_standesamt_altona_hamburg0157-1024x684.CUdOHjnL_kX6jh.webp (reused cache entry) (+1ms) (2757/4121)
09:05:09   ▶ /_astro/ART9470-1.Dyh5e-H__1MKds0.webp (reused cache entry) (+2ms) (2758/4121)
09:05:09   ▶ /_astro/ART9407-1-1.CbppsBMB_1YgrGQ.webp (reused cache entry) (+2ms) (2759/4121)
09:05:09   ▶ /_astro/ART0783-1.CZnlWDcD_Z1xqtTc.webp (reused cache entry) (+2ms) (2760/4121)
09:05:09   ▶ /_astro/trauung_standesamt_altona_hamburg0172-1024x684.Cb40C9EN_ZJJVDT.webp (reused cache entry) (+2ms) (2761/4121)
09:05:09   ▶ /_astro/ART9896-1-1.C-LPNZQu_Wjwv4.webp (reused cache entry) (+2ms) (2762/4121)
09:05:09   ▶ /_astro/ART9910-1-1.CwyyJ8y1_I8P34.webp (reused cache entry) (+2ms) (2763/4121)
09:05:09   ▶ /_astro/trauung_standesamt_altona_hamburg0213-1024x684.DmFyfTUo_KISIB.webp (reused cache entry) (+2ms) (2764/4121)
09:05:09   ▶ /_astro/ART0593-1.C-1AYejg_Z1JPcFu.webp (reused cache entry) (+2ms) (2765/4121)
09:05:09   ▶ /_astro/ART0346_thumb.DEkVm9HR_ZuYWbz.webp (reused cache entry) (+2ms) (2766/4121)
09:05:09   ▶ /_astro/ART9457-1-1.P5PdvTp5_Z24IuOo.webp (reused cache entry) (+2ms) (2767/4121)
09:05:09   ▶ /_astro/ART0759-Wiederhergestellt_thumb.QCG6r3DN_6BYJX.webp (reused cache entry) (+2ms) (2768/4121)
09:05:09   ▶ /_astro/trauung_standesamt_altona_hamburg0157-1024x684.CUdOHjnL_Z1VVl4T.webp (reused cache entry) (+2ms) (2769/4121)
09:05:09   ▶ /_astro/ART0783-1.CZnlWDcD_1jkriQ.webp (reused cache entry) (+1ms) (2770/4121)
09:05:09   ▶ /_astro/ART9470-1.Dyh5e-H__2pN3cM.webp (reused cache entry) (+2ms) (2771/4121)
09:05:09   ▶ /_astro/ART9407-1-1.CbppsBMB_ZB2OMX.webp (reused cache entry) (+2ms) (2772/4121)
09:05:09   ▶ /_astro/trauung_standesamt_altona_hamburg0172-1024x684.Cb40C9EN_ZfUPpW.webp (reused cache entry) (+2ms) (2773/4121)
09:05:09   ▶ /_astro/ART9896-1-1.C-LPNZQu_Z1WfnzM.webp (reused cache entry) (+2ms) (2774/4121)
09:05:09   ▶ /_astro/trauung_standesamt_altona_hamburg0218-Bearbeitet-1024x684.CsLoLBKg_Z2b1RjJ.webp (reused cache entry) (+1ms) (2775/4121)
09:05:09   ▶ /_astro/ART9910-1-1.CwyyJ8y1_Z1V3Mzv.webp (reused cache entry) (+2ms) (2776/4121)
09:05:09   ▶ /_astro/trauung_standesamt_altona_hamburg0221-1024x684.D8gxxSFd_ZCenUz.webp (reused cache entry) (+1ms) (2777/4121)
09:05:09   ▶ /_astro/trauung_standesamt_altona_hamburg0213-1024x684.DmFyfTUo_Zh0xfi.webp (reused cache entry) (+2ms) (2778/4121)
09:05:09   ▶ /_astro/trauung_standesamt_altona_hamburg0224-1024x684.Cwz-0Bym_1HElRK.webp (reused cache entry) (+1ms) (2779/4121)
09:05:09   ▶ /_astro/ART0783-1.CZnlWDcD_1Ac1iz.webp (reused cache entry) (+1ms) (2780/4121)
09:05:09   ▶ /_astro/ART9457-1-1.P5PdvTp5_lg0lX.webp (reused cache entry) (+2ms) (2781/4121)
09:05:09   ▶ /_astro/trauung_standesamt_altona_hamburg0259-1024x684.uWhQklGF_Z2iu950.webp (reused cache entry) (+1ms) (2782/4121)
09:05:09   ▶ /_astro/ART0759-Wiederhergestellt_thumb.QCG6r3DN_1Abdup.webp (reused cache entry) (+2ms) (2783/4121)
09:05:09   ▶ /_astro/trauung_standesamt_altona_hamburg0291-1024x684.C31A7Ed9_1MvC7L.webp (reused cache entry) (+1ms) (2784/4121)
09:05:09   ▶ /_astro/trauung_standesamt_altona_hamburg0218-Bearbeitet-1024x684.CsLoLBKg_nmTI5.webp (reused cache entry) (+1ms) (2785/4121)
09:05:09   ▶ /_astro/trauung_standesamt_altona_hamburg0312-1024x684.D2QnpIYq_Z1uhqt2.webp (reused cache entry) (+1ms) (2786/4121)
09:05:09   ▶ /_astro/ART9896-1-1.C-LPNZQu_Z1ELktY.webp (reused cache entry) (+2ms) (2787/4121)
09:05:09   ▶ /_astro/ART9407-1-1.CbppsBMB_1NVFno.webp (reused cache entry) (+2ms) (2788/4121)
09:05:09   ▶ /_astro/trauung_standesamt_altona_hamburg0213-1024x684.DmFyfTUo_ZTrRmW.webp (reused cache entry) (+2ms) (2789/4121)
09:05:09   ▶ /_astro/trauung_standesamt_altona_hamburg0224-1024x684.Cwz-0Bym_Z4ICY4.webp (reused cache entry) (+2ms) (2790/4121)
09:05:09   ▶ /_astro/ART0783-1.CZnlWDcD_266HTv.webp (reused cache entry) (+2ms) (2791/4121)
09:05:09   ▶ /_astro/trauung_standesamt_altona_hamburg0317-1024x684.O30mTbZR_Z1PTO3F.webp (reused cache entry) (+2ms) (2792/4121)
09:05:09   ▶ /_astro/trauung_standesamt_altona_hamburg0221-1024x684.D8gxxSFd_Z2pCnMo.webp (reused cache entry) (+2ms) (2793/4121)
09:05:09   ▶ /_astro/trauung_standesamt_altona_hamburg0259-1024x684.uWhQklGF_YiYR7.webp (reused cache entry) (+2ms) (2794/4121)
09:05:09   ▶ /_astro/trauung_standesamt_altona_hamburg0324-1024x684._TW5_QUu_27ARW1.webp (reused cache entry) (+2ms) (2795/4121)
09:05:09   ▶ /_astro/trauung_standesamt_altona_hamburg0312-1024x684.D2QnpIYq_1MvHt5.webp (reused cache entry) (+2ms) (2796/4121)
09:05:09   ▶ /_astro/trauung_standesamt_altona_hamburg0291-1024x684.C31A7Ed9_7CfW.webp (reused cache entry) (+2ms) (2797/4121)
09:05:09   ▶ /_astro/trauung_standesamt_altona_hamburg0218-Bearbeitet-1024x684.CsLoLBKg_ZvBe87.webp (reused cache entry) (+2ms) (2798/4121)
09:05:09   ▶ /_astro/trauung_standesamt_altona_hamburg0325-1024x684.CJwkinIe_a30tH.webp (reused cache entry) (+1ms) (2799/4121)
09:05:09   ▶ /_astro/ART9896-1-1.C-LPNZQu_Z1gxbmF.webp (reused cache entry) (+2ms) (2800/4121)
09:05:09   ▶ /_astro/trauung_standesamt_altona_hamburg0327-1024x684.BDbd-bkw_ZwW3gX.webp (reused cache entry) (+1ms) (2801/4121)
09:05:09   ▶ /_astro/trauung_standesamt_altona_hamburg0317-1024x684.O30mTbZR_1qSjSr.webp (reused cache entry) (+1ms) (2802/4121)
09:05:09   ▶ /_astro/ART0783-1.CZnlWDcD_Zbes0x.webp (reused cache entry) (+1ms) (2803/4121)
09:05:09   ▶ /_astro/trauung_standesamt_altona_hamburg0224-1024x684.Cwz-0Bym_Z17t4WX.webp (reused cache entry) (+2ms) (2804/4121)
09:05:09   ▶ /_astro/trauung_standesamt_altona_hamburg0221-1024x684.D8gxxSFd_1BOj2D.webp (reused cache entry) (+2ms) (2805/4121)
09:05:09   ▶ /_astro/trauung_standesamt_altona_hamburg0259-1024x684.uWhQklGF_Z3qr6M.webp (reused cache entry) (+2ms) (2806/4121)
09:05:09   ▶ /_astro/trauung_standesamt_altona_hamburg0324-1024x684._TW5_QUu_kcS5c.webp (reused cache entry) (+1ms) (2807/4121)
09:05:09   ▶ /_astro/trauung_standesamt_altona_hamburg0312-1024x684.D2QnpIYq_JLgub.webp (reused cache entry) (+1ms) (2808/4121)
09:05:09   ▶ /_astro/trauung_standesamt_altona_hamburg0325-1024x684.CJwkinIe_Z1CkYn7.webp (reused cache entry) (+1ms) (2809/4121)
09:05:09   ▶ /_astro/trauung_standesamt_altona_hamburg0356-1024x684.ByTjNMDw_ZmlkQX.webp (reused cache entry) (+1ms) (2810/4121)
09:05:09   ▶ /_astro/trauung_standesamt_altona_hamburg0291-1024x684.C31A7Ed9_Z12BNHW.webp (reused cache entry) (+2ms) (2811/4121)
09:05:09   ▶ /_astro/trauung_standesamt_altona_hamburg0218-Bearbeitet-1024x684.CsLoLBKg_Z2tqoY0.webp (reused cache entry) (+2ms) (2812/4121)
09:05:09   ▶ /_astro/trauung_standesamt_altona_hamburg0327-1024x684.BDbd-bkw_Z2kl38M.webp (reused cache entry) (+2ms) (2813/4121)
09:05:09   ▶ /_astro/trauung_standesamt_altona_hamburg0317-1024x684.O30mTbZR_o8RTx.webp (reused cache entry) (+1ms) (2814/4121)
09:05:09   ▶ /_astro/ART0783-1.CZnlWDcD_2upcg0.webp (reused cache entry) (+2ms) (2815/4121)
09:05:09   ▶ /_astro/trauung_standesamt_altona_hamburg0224-1024x684.Cwz-0Bym_Z1CWLt7.webp (reused cache entry) (+2ms) (2816/4121)
09:05:09   ▶ /_astro/trauung_standesamt_altona_hamburg0221-1024x684.D8gxxSFd_21c6IJ.webp (reused cache entry) (+2ms) (2817/4121)
09:05:09   ▶ /_astro/trauung_standesamt_altona_hamburg0259-1024x684.uWhQklGF_Tb67R.webp (reused cache entry) (+1ms) (2818/4121)
09:05:09   ▶ /_astro/trauung_standesamt_altona_hamburg0324-1024x684._TW5_QUu_ZHwxSH.webp (reused cache entry) (+2ms) (2819/4121)
09:05:09   ▶ /_astro/trauung_standesamt_altona_hamburg0356-1024x684.ByTjNMDw_Z29JkIM.webp (reused cache entry) (+1ms) (2820/4121)
09:05:09   ▶ /_astro/trauung_standesamt_altona_hamburg0325-1024x684.CJwkinIe_2p6HrU.webp (reused cache entry) (+1ms) (2821/4121)
09:05:09   ▶ /_astro/trauung_standesamt_altona_hamburg0312-1024x684.D2QnpIYq_tDwOb.webp (reused cache entry) (+2ms) (2822/4121)
09:05:09   ▶ /_astro/trauung_standesamt_altona_hamburg0360-1024x684.BhYAaPH5_Z8NkF.webp (reused cache entry) (+2ms) (2823/4121)
09:05:09   ▶ /_astro/trauung_standesamt_altona_hamburg0317-1024x684.O30mTbZR_Zks9DL.webp (reused cache entry) (+1ms) (2824/4121)
09:05:09   ▶ /_astro/trauung_standesamt_altona_hamburg0327-1024x684.BDbd-bkw_1H6DGf.webp (reused cache entry) (+2ms) (2825/4121)
09:05:09   ▶ /_astro/trauung_standesamt_altona_hamburg0291-1024x684.C31A7Ed9_OAt9o.webp (reused cache entry) (+2ms) (2826/4121)
09:05:09   ▶ /_astro/trauung_standesamt_altona_hamburg0374-1024x684.Bh8aneCb_1CEJ9r.webp (reused cache entry) (+1ms) (2827/4121)
09:05:09   ▶ /_astro/trauung_standesamt_altona_hamburg0401-1024x684.Bn47Kzra_kh8Vn.webp (reused cache entry) (+1ms) (2828/4121)
09:05:09   ▶ /_astro/trauung_standesamt_altona_hamburg0439-Bearbeitet-1024x684.DgYIH2Pw_ZBYKrv.webp (reused cache entry) (+1ms) (2829/4121)
09:05:09   ▶ /_astro/trauung_standesamt_altona_hamburg0471-Bearbeitet-819x1024._LqEE3cF_Z2ly2qp.webp (reused cache entry) (+2ms) (2830/4121)
09:05:09   ▶ /_astro/trauung_standesamt_altona_hamburg0324-1024x684._TW5_QUu_QRe39.webp (reused cache entry) (+1ms) (2831/4121)
09:05:09   ▶ /_astro/trauung_standesamt_altona_hamburg0356-1024x684.ByTjNMDw_1RHm6f.webp (reused cache entry) (+1ms) (2832/4121)
09:05:09   ▶ /_astro/trauung_standesamt_altona_hamburg0325-1024x684.CJwkinIe_182MtH.webp (reused cache entry) (+1ms) (2833/4121)
09:05:09   ▶ /_astro/trauung_standesamt_altona_hamburg0576-Bearbeitet-2-1024x684.CDbZZ41L_22LA49.webp (reused cache entry) (+1ms) (2834/4121)
09:05:09   ▶ /_astro/trauung_standesamt_altona_hamburg0360-1024x684.BhYAaPH5_Z1MwNcu.webp (reused cache entry) (+1ms) (2835/4121)
09:05:09   ▶ /_astro/trauung_standesamt_altona_hamburg0615-1024x684.Dl4jAqio_Z1dxUdT.webp (reused cache entry) (+1ms) (2836/4121)
09:05:09   ▶ /_astro/trauung_standesamt_altona_hamburg0401-1024x684.Bn47Kzra_Z1s6PUr.webp (reused cache entry) (+1ms) (2837/4121)
09:05:09   ▶ /_astro/trauung_standesamt_altona_hamburg0327-1024x684.BDbd-bkw_ZnbwWo.webp (reused cache entry) (+1ms) (2838/4121)
09:05:09   ▶ /_astro/trauung_standesamt_altona_hamburg0621-1024x684.BvrE6910_Z1ARn8S.webp (reused cache entry) (+1ms) (2839/4121)
09:05:09   ▶ /_astro/trauung_standesamt_altona_hamburg0374-1024x684.Bh8aneCb_Z9IfHn.webp (reused cache entry) (+1ms) (2840/4121)
09:05:09   ▶ /_astro/trauung_standesamt_altona_hamburg0439-Bearbeitet-1024x684.DgYIH2Pw_1Vp1Aj.webp (reused cache entry) (+1ms) (2841/4121)
09:05:09   ▶ /_astro/trauung_standesamt_altona_hamburg0686-1024x684.ijm5Jb_2_1cK1jk.webp (reused cache entry) (+1ms) (2842/4121)
09:05:09   ▶ /_astro/trauung_standesamt_altona_hamburg0471-Bearbeitet-819x1024._LqEE3cF_HTtq2.webp (reused cache entry) (+1ms) (2843/4121)
09:05:09   ▶ /_astro/trauung_standesamt_altona_hamburg0746-1024x684.Ds6bBr3c_257pU4.webp (reused cache entry) (+1ms) (2844/4121)
09:05:09   ▶ /_astro/trauung_standesamt_altona_hamburg0356-1024x684.ByTjNMDw_Z4IC4k.webp (reused cache entry) (+1ms) (2845/4121)
09:05:09   ▶ /_astro/trauung_standesamt_altona_hamburg0576-Bearbeitet-2-1024x684.CDbZZ41L_2bguuv.webp (reused cache entry) (+1ms) (2846/4121)
09:05:09   ▶ /_astro/trauung_standesamt_altona_hamburg0615-1024x684.Dl4jAqio_24fdId.webp (reused cache entry) (+1ms) (2847/4121)
09:05:09   ▶ /_astro/trauung_standesamt_altona_hamburg0401-1024x684.Bn47Kzra_Z2uQhTl.webp (reused cache entry) (+1ms) (2848/4121)
09:05:09   ▶ /_astro/trauung_standesamt_altona_hamburg0360-1024x684.BhYAaPH5_2eTSCx.webp (reused cache entry) (+1ms) (2849/4121)
09:05:09   ▶ /_astro/trauung_standesamt_altona_hamburg0833-1024x576.LkTp4gCo_Z2s8wiS.webp (reused cache entry) (+1ms) (2850/4121)
09:05:09   ▶ /_astro/trauung_standesamt_altona_hamburg0621-1024x684.BvrE6910_1FUKNe.webp (reused cache entry) (+1ms) (2851/4121)
09:05:09   ▶ /_astro/trauung_standesamt_altona_hamburg0374-1024x684.Bh8aneCb_Z1csGGh.webp (reused cache entry) (+1ms) (2852/4121)
09:05:09   ▶ /_astro/trauung_standesamt_altona_hamburg0439-Bearbeitet-1024x684.DgYIH2Pw_12pRJ7.webp (reused cache entry) (+1ms) (2853/4121)
09:05:09   ▶ /_astro/trauung_standesamt_altona_hamburg0686-1024x684.ijm5Jb_2_ZzCXxu.webp (reused cache entry) (+1ms) (2854/4121)
09:05:09   ▶ /_astro/trauung_standesamt_altona_hamburg0983-1024x684.nTVV8iz4_M1B5d.webp (reused cache entry) (+1ms) (2855/4121)
09:05:09   ▶ /_astro/trauung_standesamt_altona_hamburg0746-1024x684.Ds6bBr3c_hIq3f.webp (reused cache entry) (+1ms) (2856/4121)
09:05:09   ▶ /_astro/trauung_standesamt_altona_hamburg0471-Bearbeitet-819x1024._LqEE3cF_yq4D.webp (reused cache entry) (+2ms) (2857/4121)
09:05:09   ▶ /_astro/trauung_standesamt_altona_hamburg0615-1024x684.Dl4jAqio_11uLJj.webp (reused cache entry) (+1ms) (2858/4121)
09:05:09   ▶ /_astro/trauung_standesamt_altona_hamburg0576-Bearbeitet-2-1024x684.CDbZZ41L_ZaSy1r.webp (reused cache entry) (+1ms) (2859/4121)
09:05:09   ▶ /_astro/trauung_standesamt_altona_hamburg0401-1024x684.Bn47Kzra_1f1VIB.webp (reused cache entry) (+1ms) (2860/4121)
09:05:09   ▶ /_astro/trauung_standesamt_altona_hamburg0360-1024x684.BhYAaPH5_12eBGW.webp (reused cache entry) (+2ms) (2861/4121)
09:05:09   ▶ /_astro/trauung_standesamt_altona_hamburg0833-1024x576.LkTp4gCo_w1Eyv.webp (reused cache entry) (+2ms) (2862/4121)
09:05:09   ▶ /_astro/trauung_standesamt_altona_hamburg0374-1024x684.Bh8aneCb_TqbOa.webp (reused cache entry) (+1ms) (2863/4121)
09:05:09   ▶ /_astro/trauung_standesamt_altona_hamburg0621-1024x684.BvrE6910_DbjOk.webp (reused cache entry) (+2ms) (2864/4121)
09:05:09   ▶ /_astro/trauung_standesamt_altona_hamburg0983-1024x684.nTVV8iz4_Z10mnLB.webp (reused cache entry) (+1ms) (2865/4121)
09:05:09   ▶ /_astro/trauung_standesamt_altona_hamburg0439-Bearbeitet-1024x684.DgYIH2Pw_2PLGH.webp (reused cache entry) (+2ms) (2866/4121)
09:05:09   ▶ /_astro/trauung_standesamt_altona_hamburg0686-1024x684.ijm5Jb_2_Z1Cnpwo.webp (reused cache entry) (+2ms) (2867/4121)
09:05:09   ▶ /_astro/trauung_standesamt_altona_hamburg0746-1024x684.Ds6bBr3c_ZK10UE.webp (reused cache entry) (+2ms) (2868/4121)
09:05:09   ▶ /_astro/trauung_standesamt_altona_hamburg0987-1024x684.CaCkl6sZ_1Rrn5N.webp (reused cache entry) (+1ms) (2869/4121)
09:05:09   ▶ /_astro/trauung_standesamt_altona_hamburg0615-1024x684.Dl4jAqio_Z1b7R7C.webp (reused cache entry) (+2ms) (2870/4121)
09:05:09   ▶ /_astro/trauung_standesamt_altona_hamburg1013-1024x684.D0L5V7jU_ZeU4hs.webp (reused cache entry) (+1ms) (2871/4121)
09:05:09   ▶ /_astro/trauung_standesamt_altona_hamburg1001-1024x684.HcWO0sWT_1PtyWp.webp (reused cache entry) (+2ms) (2872/4121)
09:05:09   ▶ /_astro/trauung_standesamt_altona_hamburg1015-1024x684.DiYdK-ip_16gNOx.webp (reused cache entry) (+1ms) (2873/4121)
09:05:09   ▶ /_astro/trauung_standesamt_altona_hamburg0576-Bearbeitet-2-1024x684.CDbZZ41L_Z1Fn8iR.webp (reused cache entry) (+2ms) (2874/4121)
09:05:09   ▶ /_astro/trauung_standesamt_altona_hamburg0833-1024x576.LkTp4gCo_2dChdu.webp (reused cache entry) (+2ms) (2875/4121)
09:05:09   ▶ /_astro/trauung_standesamt_altona_hamburg0621-1024x684.BvrE6910_2dzmRG.webp (reused cache entry) (+1ms) (2876/4121)
09:05:09   ▶ /_astro/trauung_standesamt_altona_hamburg1070-1024x576.nAfPMQ1P_2dv6j9.webp (reused cache entry) (+1ms) (2877/4121)
09:05:09   ▶ /_astro/trauung_standesamt_altona_hamburg0983-1024x684.nTVV8iz4_Z236OKv.webp (reused cache entry) (+1ms) (2878/4121)
09:05:09   ▶ /_astro/trauung_standesamt_altona_hamburg0987-1024x684.CaCkl6sZ_53ndY.webp (reused cache entry) (+1ms) (2879/4121)
09:05:09   ▶ /_astro/trauung_standesamt_altona_hamburg1108-1024x684.Bpd3dZSI_2t0SAX.webp (reused cache entry) (+1ms) (2880/4121)
09:05:09   ▶ /_astro/trauung_standesamt_altona_hamburg0746-1024x684.Ds6bBr3c_Zo60Vk.webp (reused cache entry) (+2ms) (2881/4121)
09:05:09   ▶ /_astro/trauung_standesamt_altona_hamburg0686-1024x684.ijm5Jb_2_Z25tMvw.webp (reused cache entry) (+2ms) (2882/4121)
09:05:09   ▶ /_astro/trauung_standesamt_altona_hamburg1013-1024x684.D0L5V7jU_Z22j49h.webp (reused cache entry) (+1ms) (2883/4121)
09:05:09   ▶ /_astro/trauung_standesamt_altona_hamburg1140-1024x684.BAmxbcA7_ZpbTzi.webp (reused cache entry) (+1ms) (2884/4121)
09:05:09   ▶ /_astro/trauung_standesamt_altona_hamburg1015-1024x684.DiYdK-ip_ZG7b2h.webp (reused cache entry) (+1ms) (2885/4121)
09:05:09   ▶ /_astro/trauung_standesamt_altona_hamburg1001-1024x684.HcWO0sWT_35z5A.webp (reused cache entry) (+2ms) (2886/4121)
09:05:09   ▶ /_astro/trauung_standesamt_altona_hamburg1143-1024x684.BlQ84W_N_11tgXv.webp (reused cache entry) (+1ms) (2887/4121)
09:05:09   ▶ /_astro/trauung_standesamt_altona_hamburg1070-1024x576.nAfPMQ1P_7t9mB.webp (reused cache entry) (+1ms) (2888/4121)
09:05:09   ▶ /_astro/trauung_standesamt_altona_hamburg0833-1024x576.LkTp4gCo_4dAVb.webp (reused cache entry) (+2ms) (2889/4121)
09:05:09   ▶ /_astro/trauung_standesamt_altona_hamburg0983-1024x684.nTVV8iz4_5wNKI.webp (reused cache entry) (+1ms) (2890/4121)
09:05:09   ▶ /_astro/trauung_standesamt_altona_hamburg0987-1024x684.CaCkl6sZ_ZWG3JU.webp (reused cache entry) (+1ms) (2891/4121)
09:05:09   ▶ /_astro/trauung_standesamt_altona_hamburg1236-1024x684.BuvkcjGB_1E2tB.webp (reused cache entry) (+1ms) (2892/4121)
09:05:09   ▶ /_astro/trauung_standesamt_altona_hamburg1108-1024x684.Bpd3dZSI_FBSJ9.webp (reused cache entry) (+1ms) (2893/4121)
09:05:09   ▶ /_astro/trauung_standesamt_altona_hamburg1243-1024x684.DQj7SB4M_25Uk8a.webp (reused cache entry) (+1ms) (2894/4121)
09:05:09   ▶ /_astro/trauung_standesamt_altona_hamburg1140-1024x684.BAmxbcA7_Z2czTr7.webp (reused cache entry) (+1ms) (2895/4121)
09:05:09   ▶ /_astro/trauung_standesamt_altona_hamburg1013-1024x684.D0L5V7jU_208CFK.webp (reused cache entry) (+2ms) (2896/4121)
09:05:09   ▶ /_astro/trauung_standesamt_altona_hamburg1015-1024x684.DiYdK-ip_Z1IQC1b.webp (reused cache entry) (+2ms) (2897/4121)
09:05:09   ▶ /_astro/trauung_standesamt_altona_hamburg1143-1024x684.BlQ84W_N_ZKTHSj.webp (reused cache entry) (+1ms) (2898/4121)
09:05:09   ▶ /_astro/trauung_standesamt_altona_hamburg1001-1024x684.HcWO0sWT_ZYDQSj.webp (reused cache entry) (+2ms) (2899/4121)
09:05:09   ▶ /_astro/trauung_standesamt_altona_hamburg1070-1024x576.nAfPMQ1P_1O4L1A.webp (reused cache entry) (+1ms) (2900/4121)
09:05:09   ▶ /_astro/trauung_standesamt_altona_hamburg1245-1024x684.DIxDWPO0_ZeWkYo.webp (reused cache entry) (+1ms) (2901/4121)
09:05:09   ▶ /_astro/trauung_standesamt_altona_hamburg1261-1024x684.Dow0SEtx_ZPR1nL.webp (reused cache entry) (+1ms) (2902/4121)
09:05:09   ▶ /_astro/trauung_standesamt_altona_hamburg1236-1024x684.BuvkcjGB_Z1KIWnd.webp (reused cache entry) (+1ms) (2903/4121)
09:05:09   ▶ /_astro/trauung_standesamt_altona_hamburg0987-1024x684.CaCkl6sZ_Z1JKiEw.webp (reused cache entry) (+1ms) (2904/4121)
09:05:09   ▶ /_astro/trauung_standesamt_altona_hamburg1108-1024x684.Bpd3dZSI_Zm7xeK.webp (reused cache entry) (+2ms) (2905/4121)
09:05:09   ▶ /_astro/trauung_standesamt_altona_hamburg1243-1024x684.DQj7SB4M_iwkgl.webp (reused cache entry) (+1ms) (2906/4121)
09:05:09   ▶ /_astro/trauung_standesamt_altona_hamburg1140-1024x684.BAmxbcA7_1OQMnU.webp (reused cache entry) (+1ms) (2907/4121)
09:05:09   ▶ /_astro/trauung_standesamt_altona_hamburg1013-1024x684.D0L5V7jU_Z1nzkPv.webp (reused cache entry) (+1ms) (2908/4121)
09:05:09   ▶ /_astro/trauung_standesamt_altona_hamburg1143-1024x684.BlQ84W_N_Z1NE9Rd.webp (reused cache entry) (+1ms) (2909/4121)
09:05:09   ▶ /_astro/trauung_standesamt_altona_hamburg1015-1024x684.DiYdK-ip_Zi7YOY.webp (reused cache entry) (+1ms) (2910/4121)
09:05:09   ▶ /_astro/trauung_standesamt_altona_hamburg1001-1024x684.HcWO0sWT_2kxQSd.webp (reused cache entry) (+2ms) (2911/4121)
09:05:09   ▶ /_astro/trauung_standesamt_altona_hamburg1070-1024x576.nAfPMQ1P_Z2eoWsT.webp (reused cache entry) (+2ms) (2912/4121)
09:05:09   ▶ /_astro/trauung_standesamt_altona_hamburg1245-1024x684.DIxDWPO0_Z22lkQd.webp (reused cache entry) (+1ms) (2913/4121)
09:05:09   ▶ /_astro/trauung_standesamt_altona_hamburg1261-1024x684.Dow0SEtx_2qV7yl.webp (reused cache entry) (+1ms) (2914/4121)
09:05:09   ▶ /_astro/trauung_standesamt_altona_hamburg1266-Bearbeitet-1024x684.CSR-HvDi_Z1jEiX1.webp (reused cache entry) (+2ms) (2915/4121)
09:05:09   ▶ /_astro/trauung_standesamt_altona_hamburg1236-1024x684.BuvkcjGB_2gHJrO.webp (reused cache entry) (+2ms) (2916/4121)
09:05:09   ▶ /_astro/trauung_standesamt_altona_hamburg1108-1024x684.Bpd3dZSI_1zbgHK.webp (reused cache entry) (+1ms) (2917/4121)
09:05:09   ▶ /_astro/trauung_standesamt_altona_hamburg1243-1024x684.DQj7SB4M_ZJd6Hy.webp (reused cache entry) (+1ms) (2918/4121)
09:05:09   ▶ /_astro/trauung_standesamt_altona_hamburg1140-1024x684.BAmxbcA7_Z1vVg5u.webp (reused cache entry) (+2ms) (2919/4121)
09:05:09   ▶ /_astro/trauung_standesamt_altona_hamburg1287.D4Ncxs4l_1B1fUi.webp (reused cache entry) (+1ms) (2920/4121)
09:05:09   ▶ /_astro/trauung_standesamt_altona_hamburg1291.Dv5zXPcb_ZSj8Sa.webp (reused cache entry) (+1ms) (2921/4121)
09:05:09   ▶ /_astro/trauung_standesamt_altona_hamburg1143-1024x684.BlQ84W_N_2lorwV.webp (reused cache entry) (+1ms) (2922/4121)
09:05:09   ▶ /_astro/ART1825.C5ko5EX-_Z28v0zo.webp (reused cache entry) (+1ms) (2923/4121)
09:05:09   ▶ /_astro/trauung_standesamt_altona_hamburg1298-1024x684.DnEObu75_6FcsB.webp (reused cache entry) (+1ms) (2924/4121)
09:05:09   ▶ /_astro/trauung_standesamt_altona_hamburg1245-1024x684.DIxDWPO0_206lXO.webp (reused cache entry) (+1ms) (2925/4121)
09:05:09   ▶ /_astro/trauung_standesamt_altona_hamburg1261-1024x684.Dow0SEtx_1obFzr.webp (reused cache entry) (+2ms) (2926/4121)
09:05:09   ▶ /_astro/trauung_standesamt_altona_hamburg1266-Bearbeitet-1024x684.CSR-HvDi_1eJt4N.webp (reused cache entry) (+1ms) (2927/4121)
09:05:09   ▶ /_astro/ART2288.B9ym0ot8_2nHWhE.webp (reused cache entry) (+1ms) (2928/4121)
09:05:09   ▶ /_astro/trauung_standesamt_altona_hamburg1236-1024x684.BuvkcjGB_1W3WfA.webp (reused cache entry) (+1ms) (2929/4121)
09:05:09   ▶ /_astro/ART3400-1024x684.CD7ZZ9mI_ZwXr7r.webp (reused cache entry) (+1ms) (2930/4121)
09:05:09   ▶ /_astro/trauung_standesamt_altona_hamburg1243-1024x684.DQj7SB4M_K2HI.webp (reused cache entry) (+1ms) (2931/4121)
09:05:09   ▶ /_astro/ART2418-1024x684.FG_UKCMz_hv9xr.webp (reused cache entry) (+1ms) (2932/4121)
09:05:09   ▶ /_astro/trauung_standesamt_altona_hamburg1287.D4Ncxs4l_1WoLPn.webp (reused cache entry) (+1ms) (2933/4121)
09:05:09   ▶ /_astro/trauung_standesamt_altona_hamburg1291.Dv5zXPcb_ZwUBX5.webp (reused cache entry) (+1ms) (2934/4121)
09:05:09   ▶ /_astro/ART1825.C5ko5EX-_Qp0cP.webp (reused cache entry) (+1ms) (2935/4121)
09:05:09   ▶ /_astro/trauung_standesamt_altona_hamburg1298-1024x684.DnEObu75_Z1FHMod.webp (reused cache entry) (+1ms) (2936/4121)
09:05:09   ▶ /_astro/trauung_standesamt_altona_hamburg1266-Bearbeitet-1024x684.CSR-HvDi_kKkdB.webp (reused cache entry) (+1ms) (2937/4121)
09:05:09   ▶ /_astro/trauung_standesamt_altona_hamburg1245-1024x684.DIxDWPO0_Z1oIOEt.webp (reused cache entry) (+1ms) (2938/4121)
09:05:09   ▶ /_astro/trauung_standesamt_altona_hamburg1261-1024x684.Dow0SEtx_aKHdz.webp (reused cache entry) (+1ms) (2939/4121)
09:05:09   ▶ /_astro/ART2288.B9ym0ot8_iqOfW.webp (reused cache entry) (+1ms) (2940/4121)
09:05:09   ▶ /_astro/ART2899.BIhqbbbx_r97zC.webp (reused cache entry) (+1ms) (2941/4121)
09:05:09   ▶ /_astro/ART2950-1024x732.B5Yat3zI_Z1iIV6p.webp (reused cache entry) (+1ms) (2942/4121)
09:05:09   ▶ /_astro/ART2418-1024x684.FG_UKCMz_Z12r05m.webp (reused cache entry) (+1ms) (2943/4121)
09:05:09   ▶ /_astro/ART3400-1024x684.CD7ZZ9mI_Z1QUAKf.webp (reused cache entry) (+2ms) (2944/4121)
09:05:09   ▶ /_astro/trauung_standesamt_altona_hamburg1287.D4Ncxs4l_ZFvytT.webp (reused cache entry) (+2ms) (2945/4121)
09:05:09   ▶ /_astro/ART1825.C5ko5EX-_ZbFO9r.webp (reused cache entry) (+2ms) (2946/4121)
09:05:09   ▶ /_astro/trauung_standesamt_altona_hamburg1298-1024x684.DnEObu75_2lITqO.webp (reused cache entry) (+2ms) (2947/4121)
09:05:09   ▶ /_astro/trauung_standesamt_altona_hamburg1266-Bearbeitet-1024x684.CSR-HvDi_Z1hWF2j.webp (reused cache entry) (+2ms) (2948/4121)
09:05:09   ▶ /_astro/trauung_standesamt_altona_hamburg1291.Dv5zXPcb_1Tlavz.webp (reused cache entry) (+2ms) (2949/4121)
09:05:09   ▶ /_astro/ART3124.B8Z35PiF_1Xv3oo.webp (reused cache entry) (+2ms) (2950/4121)
09:05:09   ▶ /_astro/ART3161-1024x732.Du8r8P_4_Z1jGNXP.webp (reused cache entry) (+2ms) (2951/4121)
09:05:09   ▶ /_astro/ART2418-1024x684.FG_UKCMz_ZvQoFd.webp (reused cache entry) (+2ms) (2952/4121)
09:05:09   ▶ /_astro/ART2288.B9ym0ot8_ZJE06k.webp (reused cache entry) (+2ms) (2953/4121)
09:05:09   ▶ /_astro/ART2950-1024x732.B5Yat3zI_pVT9H.webp (reused cache entry) (+2ms) (2954/4121)
09:05:09   ▶ /_astro/ART2899.BIhqbbbx_fqpi0.webp (reused cache entry) (+2ms) (2955/4121)
09:05:09   ▶ /_astro/ART1825.C5ko5EX-_Zo7b3m.webp (reused cache entry) (+2ms) (2956/4121)
09:05:09   ▶ /_astro/trauung_standesamt_altona_hamburg1298-1024x684.DnEObu75_Zzx74l.webp (reused cache entry) (+2ms) (2957/4121)
09:05:09   ▶ /_astro/ART3400-1024x684.CD7ZZ9mI_Z1ll0l6.webp (reused cache entry) (+2ms) (2958/4121)
09:05:09   ▶ /_astro/trauung_standesamt_altona_hamburg1287.D4Ncxs4l_1aNQfC.webp (reused cache entry) (+2ms) (2959/4121)
09:05:09   ▶ /_astro/ART3365-1024x684.B9czhZbZ_Z1DCbl3.webp (reused cache entry) (+2ms) (2960/4121)
09:05:09   ▶ /_astro/ART3161-1024x732.Du8r8P_4_oY1hh.webp (reused cache entry) (+2ms) (2961/4121)
09:05:09   ▶ /_astro/ART3124.B8Z35PiF_Z6L4Cj.webp (reused cache entry) (+2ms) (2962/4121)
09:05:09   ▶ /_astro/ART2418-1024x684.FG_UKCMz_Z17cYsd.webp (reused cache entry) (+2ms) (2963/4121)
09:05:09   ▶ /_astro/trauung_standesamt_altona_hamburg1291.Dv5zXPcb_Z1jvxxP.webp (reused cache entry) (+2ms) (2964/4121)
09:05:09   ▶ /_astro/ART2288.B9ym0ot8_ZW5m0f.webp (reused cache entry) (+2ms) (2965/4121)
09:05:09   ▶ /_astro/ART2950-1024x732.B5Yat3zI_ZV18VP.webp (reused cache entry) (+2ms) (2966/4121)
09:05:09   ▶ /_astro/ART3705-1024x684.DUZOIe5T_Z1SkX9n.webp (reused cache entry) (+1ms) (2967/4121)
09:05:09   ▶ /_astro/ART3529-2-1024x684.Cxx8xgCq_Z1hSElX.webp (reused cache entry) (+1ms) (2968/4121)
09:05:09   ▶ /_astro/ART2899.BIhqbbbx_2gE4r3.webp (reused cache entry) (+2ms) (2969/4121)
09:05:09   ▶ /_astro/ART3225.Cx0wgPT5_1xammK.webp (reused cache entry) (+2ms) (2970/4121)
09:05:09   ▶ /_astro/ART3161-1024x732.Du8r8P_4_ZVY1Og.webp (reused cache entry) (+2ms) (2971/4121)
09:05:09   ▶ /_astro/ART3365-1024x684.B9czhZbZ_26BMP5.webp (reused cache entry) (+2ms) (2972/4121)
09:05:09   ▶ /_astro/ART3400-1024x684.CD7ZZ9mI_Z1lfT8Y.webp (reused cache entry) (+2ms) (2973/4121)
09:05:09   ▶ /_astro/ART3645-1024x684.CZVcDEVc_ZnBX1q.webp (reused cache entry) (+2ms) (2974/4121)
09:05:09   ▶ /_astro/ART2540-1024x684.D-A3TKxD_2dCruL.webp (reused cache entry) (+2ms) (2975/4121)
09:05:09   ▶ /_astro/ART3667-1024x684.B9RHLFOk_Z23w3Vs.webp (reused cache entry) (+2ms) (2976/4121)
09:05:09   ▶ /_astro/ART3124.B8Z35PiF_Z19QSYA.webp (reused cache entry) (+2ms) (2977/4121)
09:05:09   ▶ /_astro/ART3705-1024x684.DUZOIe5T_1QT11K.webp (reused cache entry) (+2ms) (2978/4121)
09:05:09   ▶ /_astro/ART3529-2-1024x684.Cxx8xgCq_2bnTOt.webp (reused cache entry) (+2ms) (2979/4121)
09:05:09   ▶ /_astro/ART2950-1024x732.B5Yat3zI_1KxsB4.webp (reused cache entry) (+2ms) (2980/4121)
09:05:09   ▶ /_astro/ART3225.Cx0wgPT5_Z1eFVAp.webp (reused cache entry) (+2ms) (2981/4121)
09:05:09   ▶ /_astro/ART2899.BIhqbbbx_yLPom.webp (reused cache entry) (+2ms) (2982/4121)
09:05:09   ▶ /_astro/ART3161-1024x732.Du8r8P_4_1gC5rQ.webp (reused cache entry) (+2ms) (2983/4121)
09:05:09   ▶ /_astro/ART2528-1024x684.DCWMYXp1_1G1bWd.webp (reused cache entry) (+2ms) (2984/4121)
09:05:09   ▶ /_astro/ART3365-1024x684.B9czhZbZ_Z2rYJyH.webp (reused cache entry) (+2ms) (2985/4121)
09:05:09   ▶ /_astro/ART2540-1024x684.D-A3TKxD_SFhQX.webp (reused cache entry) (+2ms) (2986/4121)
09:05:09   ▶ /_astro/ART3645-1024x684.CZVcDEVc_Z1Hz7Ee.webp (reused cache entry) (+2ms) (2987/4121)
09:05:09   ▶ /_astro/ART3667-1024x684.B9RHLFOk_1GHUeF.webp (reused cache entry) (+2ms) (2988/4121)
09:05:09   ▶ /_astro/ART3705-1024x684.DUZOIe5T_2ntBqT.webp (reused cache entry) (+2ms) (2989/4121)
09:05:09   ▶ /_astro/ART3124.B8Z35PiF_Z1mifSv.webp (reused cache entry) (+2ms) (2990/4121)
09:05:09   ▶ /_astro/ART3644.iaYXb0Bd_Z135rkf.webp (reused cache entry) (+2ms) (2991/4121)
09:05:09   ▶ /_astro/ART3529-2-1024x684.Cxx8xgCq_NcgoV.webp (reused cache entry) (+2ms) (2992/4121)
09:05:09   ▶ /_astro/ART2827-1024x684.DsB6IYtW_OT1q1.webp (reused cache entry) (+1ms) (2993/4121)
09:05:09   ▶ /_astro/ART2528-1024x684.DCWMYXp1_m42jp.webp (reused cache entry) (+1ms) (2994/4121)
09:05:09   ▶ /_astro/ART2899.BIhqbbbx_Z1ySzGW.webp (reused cache entry) (+2ms) (2995/4121)
09:05:09   ▶ /_astro/ART3225.Cx0wgPT5_FOfzO.webp (reused cache entry) (+2ms) (2996/4121)
09:05:09   ▶ /_astro/ART2540-1024x684.D-A3TKxD_1pfSh7.webp (reused cache entry) (+2ms) (2997/4121)
09:05:09   ▶ /_astro/ART3365-1024x684.B9czhZbZ_Z83Rkf.webp (reused cache entry) (+2ms) (2998/4121)
09:05:09   ▶ /_astro/ART3645-1024x684.CZVcDEVc_Z1bYwf5.webp (reused cache entry) (+2ms) (2999/4121)
09:05:09   ▶ /_astro/ART3667-1024x684.B9RHLFOk_2divDO.webp (reused cache entry) (+2ms) (3000/4121)
09:05:09   ▶ /_astro/ART3530-2-1024x684.CF3mNkDk_ZyKLOy.webp (reused cache entry) (+1ms) (3001/4121)
09:05:09   ▶ /_astro/ART3705-1024x684.DUZOIe5T_Z2w71zt.webp (reused cache entry) (+2ms) (3002/4121)
09:05:09   ▶ /_astro/ART2827-1024x684.DsB6IYtW_Zu38cM.webp (reused cache entry) (+2ms) (3003/4121)
09:05:09   ▶ /_astro/ART3644.iaYXb0Bd_1VOyrY.webp (reused cache entry) (+2ms) (3004/4121)
09:05:09   ▶ /_astro/ART3529-2-1024x684.Cxx8xgCq_1USOp6.webp (reused cache entry) (+2ms) (3005/4121)
09:05:09   ▶ /_astro/ART2528-1024x684.DCWMYXp1_RDCIy.webp (reused cache entry) (+2ms) (3006/4121)
09:05:09   ▶ /_astro/ART2899.BIhqbbbx_ZYiRkX.webp (reused cache entry) (+2ms) (3007/4121)
09:05:09   ▶ /_astro/ART3574-Bearbeitet-1024x684.CY63uJ8c_Z10W7nv.webp (reused cache entry) (+1ms) (3008/4121)
09:05:09   ▶ /_astro/ART3225.Cx0wgPT5_tnSFT.webp (reused cache entry) (+2ms) (3009/4121)
09:05:09   ▶ /_astro/ART2540-1024x684.D-A3TKxD_Z26SADg.webp (reused cache entry) (+2ms) (3010/4121)
09:05:09   ▶ /_astro/ART3530-2-1024x684.CF3mNkDk_Z2aFls3.webp (reused cache entry) (+2ms) (3011/4121)
09:05:09   ▶ /_astro/ART3645-1024x684.CZVcDEVc_Z1FxfTp.webp (reused cache entry) (+2ms) (3012/4121)
09:05:09   ▶ /_astro/ART3566-2-1024x732.Dmljfk5G_1cW1fw.webp (reused cache entry) (+1ms) (3013/4121)
09:05:09   ▶ /_astro/ART3667-1024x684.B9RHLFOk_2sDjBQ.webp (reused cache entry) (+2ms) (3014/4121)
09:05:09   ▶ /_astro/ART3548.BmGzKv7K_1qHcKe.webp (reused cache entry) (+1ms) (3015/4121)
09:05:09   ▶ /_astro/ART2827-1024x684.DsB6IYtW_1wscm.webp (reused cache entry) (+2ms) (3016/4121)
09:05:09   ▶ /_astro/ART2528-1024x684.DCWMYXp1_1DX4zc.webp (reused cache entry) (+1ms) (3017/4121)
09:05:09   ▶ /_astro/ART3644.iaYXb0Bd_SIJ5H.webp (reused cache entry) (+2ms) (3018/4121)
09:05:09   ▶ /_astro/ART3557-Bearbeitet-2-1024x684.C0wxx2TU_1qE0wv.webp (reused cache entry) (+1ms) (3019/4121)
09:05:09   ▶ /_astro/ART3574-Bearbeitet-1024x684.CY63uJ8c_dmSNa.webp (reused cache entry) (+2ms) (3020/4121)
09:05:09   ▶ /_astro/ART3390-1024x684.CY7ybcoa_Z2qjHcI.webp (reused cache entry) (+1ms) (3021/4121)
09:05:09   ▶ /_astro/ART_8441_web_1-1024x684.8FUCuIZP_1PUv2O.webp (reused cache entry) (+1ms) (3022/4121)
09:05:09   ▶ /_astro/ART2899.BIhqbbbx_Z2omRq6.webp (reused cache entry) (+2ms) (3023/4121)
09:05:09   ▶ /_astro/ART3530-2-1024x684.CF3mNkDk_1wk8Vl.webp (reused cache entry) (+2ms) (3024/4121)
09:05:09   ▶ /_astro/ART_8494-Bearbeitet_web_1-1024x684.13Gpn7Oi_ZhD14y.webp (reused cache entry) (+2ms) (3025/4121)
09:05:09   ▶ /_astro/ART3566-2-1024x732.Dmljfk5G_FljEa.webp (reused cache entry) (+2ms) (3026/4121)
09:05:09   ▶ /_astro/ART_8671-Bearbeitet_web_1.ap-3C6kk_Z1k5SwR.webp (reused cache entry) (+1ms) (3027/4121)
09:05:09   ▶ /_astro/ART3548.BmGzKv7K_ZDyUgt.webp (reused cache entry) (+2ms) (3028/4121)
09:05:09   ▶ /_astro/ART2827-1024x684.DsB6IYtW_AjriL.webp (reused cache entry) (+2ms) (3029/4121)
09:05:09   ▶ /_astro/ART3557-Bearbeitet-2-1024x684.C0wxx2TU_E02SC.webp (reused cache entry) (+1ms) (3030/4121)
09:05:09   ▶ /_astro/ART3644.iaYXb0Bd_GinbM.webp (reused cache entry) (+2ms) (3031/4121)
09:05:09   ▶ /_astro/ART3574-Bearbeitet-1024x684.CY63uJ8c_ZweA3N.webp (reused cache entry) (+2ms) (3032/4121)
09:05:09   ▶ /_astro/ART_8441_web_1-1024x684.8FUCuIZP_X0PTG.webp (reused cache entry) (+1ms) (3033/4121)
09:05:09   ▶ /_astro/ART3390-1024x684.CY7ybcoa_1jUgXp.webp (reused cache entry) (+2ms) (3034/4121)
09:05:09   ▶ /_astro/ART_8494-Bearbeitet_web_1-1024x684.13Gpn7Oi_Z1T5ih9.webp (reused cache entry) (+1ms) (3035/4121)
09:05:09   ▶ /_astro/ART3530-2-1024x684.CF3mNkDk_Z145GcR.webp (reused cache entry) (+2ms) (3036/4121)
09:05:09   ▶ /_astro/ART2899.BIhqbbbx_CDVMs.webp (reused cache entry) (+2ms) (3037/4121)
09:05:09   ▶ /_astro/ART_8671-Bearbeitet_web_1.ap-3C6kk_ZbuHW3.webp (reused cache entry) (+2ms) (3038/4121)
09:05:09   ▶ /_astro/ART3566-2-1024x732.Dmljfk5G_Z6fAnk.webp (reused cache entry) (+2ms) (3039/4121)
09:05:09   ▶ /_astro/ART_8716-Bearbeitet_web_1.IBCvBvAI_W6W4F.webp (reused cache entry) (+2ms) (3040/4121)
09:05:09   ▶ /_astro/ART_8755-Bearbeitet_web_1-1.DOOYq6i0_5FqYn.webp (reused cache entry) (+1ms) (3041/4121)
09:05:09   ▶ /_astro/ART3548.BmGzKv7K_Z1GEJCK.webp (reused cache entry) (+2ms) (3042/4121)
09:05:09   ▶ /_astro/ART3557-Bearbeitet-2-1024x684.C0wxx2TU_Z1x1euR.webp (reused cache entry) (+2ms) (3043/4121)
09:05:09   ▶ /_astro/ART_8441_web_1-1024x684.8FUCuIZP_Z25g5Lw.webp (reused cache entry) (+2ms) (3044/4121)
09:05:09   ▶ /_astro/ART3574-Bearbeitet-1024x684.CY63uJ8c_Z1iJ7PG.webp (reused cache entry) (+2ms) (3045/4121)
09:05:09   ▶ /_astro/ART_8494-Bearbeitet_web_1-1024x684.13Gpn7Oi_Z1eVQkR.webp (reused cache entry) (+2ms) (3046/4121)
09:05:09   ▶ /_astro/ART3390-1024x684.CY7ybcoa_1PuRny.webp (reused cache entry) (+2ms) (3047/4121)
09:05:09   ▶ /_astro/ART_8791-Bearbeitet_web_1-1-1024x684.BTzCuQz5_1Txk8g.webp (reused cache entry) (+2ms) (3048/4121)
09:05:09   ▶ /_astro/ART_8835-Bearbeitet_web_1-1024x684.DM4xaGsy_Z22R2ok.webp (reused cache entry) (+1ms) (3049/4121)
09:05:09   ▶ /_astro/ART_8671-Bearbeitet_web_1.ap-3C6kk_Z1HkSH2.webp (reused cache entry) (+2ms) (3050/4121)
09:05:09   ▶ /_astro/ART_8716-Bearbeitet_web_1.IBCvBvAI_25H7Eu.webp (reused cache entry) (+1ms) (3051/4121)
09:05:09   ▶ /_astro/ART3566-2-1024x732.Dmljfk5G_Z1MY4d3.webp (reused cache entry) (+2ms) (3052/4121)
09:05:09   ▶ /_astro/ART_8755-Bearbeitet_web_1-1.DOOYq6i0_u66v6.webp (reused cache entry) (+2ms) (3053/4121)
09:05:09   ▶ /_astro/ART_8973_print.stA-aEVK_Z2glvpo.webp (reused cache entry) (+1ms) (3054/4121)
09:05:09   ▶ /_astro/ART3557-Bearbeitet-2-1024x684.C0wxx2TU_ZGP5eW.webp (reused cache entry) (+2ms) (3055/4121)
09:05:09   ▶ /_astro/ART_8441_web_1-1024x684.8FUCuIZP_Z2uWkyX.webp (reused cache entry) (+1ms) (3056/4121)
09:05:09   ▶ /_astro/ART3548.BmGzKv7K_Z1T66wF.webp (reused cache entry) (+2ms) (3057/4121)
09:05:09   ▶ /_astro/ART_8494-Bearbeitet_web_1-1024x684.13Gpn7Oi_28MDTD.webp (reused cache entry) (+2ms) (3058/4121)
09:05:09   ▶ /_astro/ART_8791-Bearbeitet_web_1-1-1024x684.BTzCuQz5_ZGbGjX.webp (reused cache entry) (+1ms) (3059/4121)
09:05:09   ▶ /_astro/ART_8835-Bearbeitet_web_1-1024x684.DM4xaGsy_1pROd1.webp (reused cache entry) (+2ms) (3060/4121)
09:05:09   ▶ /_astro/ART3390-1024x684.CY7ybcoa_13jDYA.webp (reused cache entry) (+2ms) (3061/4121)
09:05:09   ▶ /_astro/ART_8671-Bearbeitet_web_1.ap-3C6kk_MCfnY.webp (reused cache entry) (+2ms) (3062/4121)
09:05:09   ▶ /_astro/ART_8716-Bearbeitet_web_1.IBCvBvAI_yQVTv.webp (reused cache entry) (+2ms) (3063/4121)
09:05:09   ▶ /_astro/ART_9124-Bearbeitet_web_1-1024x684.lyi4DO8i_1sRhTW.webp (reused cache entry) (+2ms) (3064/4121)
09:05:09   ▶ /_astro/ART_9148_web_1.CQK-U-1Q_2hCpY4.webp (reused cache entry) (+1ms) (3065/4121)
09:05:09   ▶ /_astro/ART_8755-Bearbeitet_web_1-1.DOOYq6i0_1PIcsd.webp (reused cache entry) (+2ms) (3066/4121)
09:05:09   ▶ /_astro/ART_9156-Bearbeitet_web_1-1.DurFR5Xq_25yWm.webp (reused cache entry) (+1ms) (3067/4121)
09:05:09   ▶ /_astro/ART_8973_print.stA-aEVK_HgbKD.webp (reused cache entry) (+2ms) (3068/4121)
09:05:09   ▶ /_astro/ART_9230_web_1-1-1024x684.ClQMPPj__2p7QMS.webp (reused cache entry) (+1ms) (3069/4121)
09:05:09   ▶ /_astro/ART_9180-Bearbeitet_web_1-1.CorCrxHs_ZAojJL.webp (reused cache entry) (+2ms) (3070/4121)
09:05:09   ▶ /_astro/ART_8791-Bearbeitet_web_1-1-1024x684.BTzCuQz5_tCEae.webp (reused cache entry) (+2ms) (3071/4121)
09:05:09   ▶ /_astro/ART_9234-Bearbeitet_print.ctrDKBC0_Z2jvCCj.webp (reused cache entry) (+1ms) (3072/4121)
09:05:09   ▶ /_astro/ART_9278-Bearbeitet_web_1.DMjQVMDf_ZWoW7h.webp (reused cache entry) (+1ms) (3073/4121)
09:05:09   ▶ /_astro/ART_9148_web_1.CQK-U-1Q_ZYnzrf.webp (reused cache entry) (+1ms) (3074/4121)
09:05:09   ▶ /_astro/ART_8835-Bearbeitet_web_1-1024x684.DM4xaGsy_251g9i.webp (reused cache entry) (+2ms) (3075/4121)
09:05:09   ▶ /_astro/ART_9124-Bearbeitet_web_1-1024x684.lyi4DO8i_Z8yYhD.webp (reused cache entry) (+1ms) (3076/4121)
09:05:09   ▶ /_astro/ART_8716-Bearbeitet_web_1.IBCvBvAI_Z20m2Np.webp (reused cache entry) (+2ms) (3077/4121)
09:05:09   ▶ /_astro/ART_8755-Bearbeitet_web_1-1.DOOYq6i0_2egif3.webp (reused cache entry) (+1ms) (3078/4121)
09:05:09   ▶ /_astro/ART_9156-Bearbeitet_web_1-1.DurFR5Xq_qvet5.webp (reused cache entry) (+2ms) (3079/4121)
09:05:09   ▶ /_astro/ART_9230_web_1-1-1024x684.ClQMPPj__Zl7inb.webp (reused cache entry) (+1ms) (3080/4121)
09:05:09   ▶ /_astro/ART_8973_print.stA-aEVK_14OM0w.webp (reused cache entry) (+2ms) (3081/4121)
09:05:09   ▶ /_astro/ART_9180-Bearbeitet_web_1-1.CorCrxHs_ZbXEe3.webp (reused cache entry) (+2ms) (3082/4121)
09:05:09   ▶ /_astro/ART_9234-Bearbeitet_print.ctrDKBC0_Z1aUs2u.webp (reused cache entry) (+1ms) (3083/4121)
09:05:09   ▶ /_astro/ART_8791-Bearbeitet_web_1-1-1024x684.BTzCuQz5_1bsRTv.webp (reused cache entry) (+2ms) (3084/4121)
09:05:09   ▶ /_astro/ART_9278-Bearbeitet_web_1.DMjQVMDf_bbdsx.webp (reused cache entry) (+1ms) (3085/4121)
09:05:09   ▶ /_astro/ART_9148_web_1.CQK-U-1Q_Z1y7wj9.webp (reused cache entry) (+1ms) (3086/4121)
09:05:09   ▶ /_astro/ART_9294-Bearbeitet_web_1.DUt2UJPD_k4EXw.webp (reused cache entry) (+1ms) (3087/4121)
09:05:09   ▶ /_astro/ART_9124-Bearbeitet_web_1-1024x684.lyi4DO8i_vyrDD.webp (reused cache entry) (+1ms) (3088/4121)
09:05:09   ▶ /_astro/ART_9311-Bearbeitet-Bearbeitet_web_1.DNBq9HfP_1xcpow.webp (reused cache entry) (+1ms) (3089/4121)
09:05:09   ▶ /_astro/ART_9230_web_1-1-1024x684.ClQMPPj__Z1oFSrz.webp (reused cache entry) (+1ms) (3090/4121)
09:05:09   ▶ /_astro/ART_9156-Bearbeitet_web_1-1.DurFR5Xq_1M8kqc.webp (reused cache entry) (+1ms) (3091/4121)
09:05:09   ▶ /_astro/ART_8835-Bearbeitet_web_1-1024x684.DM4xaGsy_Z1ukyVT.webp (reused cache entry) (+2ms) (3092/4121)
09:05:09   ▶ /_astro/ART_9315-Bearbeitet_web-1024x684.D334lQmv_Z2hljyz.webp (reused cache entry) (+1ms) (3093/4121)
09:05:09   ▶ /_astro/ART_8973_print.stA-aEVK_EcV5e.webp (reused cache entry) (+2ms) (3094/4121)
09:05:09   ▶ /_astro/ART_9180-Bearbeitet_web_1-1.CorCrxHs_19DqI4.webp (reused cache entry) (+2ms) (3095/4121)
09:05:09   ▶ /_astro/ART_9234-Bearbeitet_print.ctrDKBC0_2nqv1s.webp (reused cache entry) (+1ms) (3096/4121)
09:05:09   ▶ /_astro/ART_9294-Bearbeitet_web_1.DUt2UJPD_1sEPyl.webp (reused cache entry) (+1ms) (3097/4121)
09:05:09   ▶ /_astro/ART_9148_web_1.CQK-U-1Q_kh0re.webp (reused cache entry) (+1ms) (3098/4121)
09:05:09   ▶ /_astro/ART_9278-Bearbeitet_web_1.DMjQVMDf_Z1kDWhr.webp (reused cache entry) (+2ms) (3099/4121)
09:05:09   ▶ /_astro/ART_9124-Bearbeitet_web_1-1024x684.lyi4DO8i_PvHE7.webp (reused cache entry) (+1ms) (3100/4121)
09:05:09   ▶ /_astro/ART_9323_web_1.CTxSzu5F_Z23g5aC.webp (reused cache entry) (+1ms) (3101/4121)
09:05:09   ▶ /_astro/ART_9230_web_1-1-1024x684.ClQMPPj__ZCcaaq.webp (reused cache entry) (+1ms) (3102/4121)
09:05:09   ▶ /_astro/ART_9311-Bearbeitet-Bearbeitet_web_1.DNBq9HfP_Z2fh5Nz.webp (reused cache entry) (+2ms) (3103/4121)
09:05:09   ▶ /_astro/ART_9156-Bearbeitet_web_1-1.DurFR5Xq_2aFqd2.webp (reused cache entry) (+1ms) (3104/4121)
09:05:09   ▶ /_astro/ART_9421-Bearbeitet_web-768x1151.C0HITzYY_1MGByf.webp (reused cache entry) (+1ms) (3105/4121)
09:05:09   ▶ /_astro/ART_9315-Bearbeitet_web-1024x684.D334lQmv_ZACR61.webp (reused cache entry) (+1ms) (3106/4121)
09:05:09   ▶ /_astro/ART_9180-Bearbeitet_web_1-1.CorCrxHs_1xbwuT.webp (reused cache entry) (+1ms) (3107/4121)
09:05:09   ▶ /_astro/ART_9234-Bearbeitet_print.ctrDKBC0_ZbMtGs.webp (reused cache entry) (+1ms) (3108/4121)
09:05:09   ▶ /_astro/ART_9474-Bearbeitet_web_1-768x1151.BQwZtgJf_Z1h2UwI.webp (reused cache entry) (+1ms) (3109/4121)
09:05:09   ▶ /_astro/ART_9294-Bearbeitet_web_1.DUt2UJPD_Z3akbD.webp (reused cache entry) (+1ms) (3110/4121)
09:05:09   ▶ /_astro/ART_9527-2_print.Bj5DKPLO_ZuJcL9.webp (reused cache entry) (+1ms) (3111/4121)
09:05:09   ▶ /_astro/ART_9623_web-1024x1024.Gz8a3YfZ_ZLWPER.webp (reused cache entry) (+1ms) (3112/4121)
09:05:09   ▶ /_astro/ART_9323_web_1.CTxSzu5F_UlC0p.webp (reused cache entry) (+1ms) (3113/4121)
09:05:09   ▶ /_astro/ART_9278-Bearbeitet_web_1.DMjQVMDf_1ajbNz.webp (reused cache entry) (+2ms) (3114/4121)
09:05:09   ▶ /_astro/ART_9421-Bearbeitet_web-768x1151.C0HITzYY_Z1vzIoQ.webp (reused cache entry) (+1ms) (3115/4121)
09:05:09   ▶ /_astro/ART_9766-Bearbeitet_print.urB1gcOU_1qNTkT.webp (reused cache entry) (+1ms) (3116/4121)
09:05:09   ▶ /_astro/ART_9315-Bearbeitet_web-1024x684.D334lQmv_2r2Lii.webp (reused cache entry) (+1ms) (3117/4121)
09:05:09   ▶ /_astro/ART_9311-Bearbeitet-Bearbeitet_web_1.DNBq9HfP_Z1TtiB3.webp (reused cache entry) (+2ms) (3118/4121)
09:05:09   ▶ /_astro/ART_9875_print-1024x684.BmzL_DEp_Z1UduFa.webp (reused cache entry) (+1ms) (3119/4121)
09:05:09   ▶ /_astro/ART_9955_print-1024x684.DzdbkWlx_1QxF7t.webp (reused cache entry) (+1ms) (3120/4121)
09:05:09   ▶ /_astro/ART_9474-Bearbeitet_web_1-768x1151.BQwZtgJf_Z2i6F6r.webp (reused cache entry) (+1ms) (3121/4121)
09:05:09   ▶ /_astro/ART_9527-2_print.Bj5DKPLO_aKLc8.webp (reused cache entry) (+2ms) (3122/4121)
09:05:09   ▶ /_astro/ART_9294-Bearbeitet_web_1.DUt2UJPD_2rMNTn.webp (reused cache entry) (+2ms) (3123/4121)
09:05:09   ▶ /_astro/ART_9623_web-1024x1024.Gz8a3YfZ_v41QR.webp (reused cache entry) (+2ms) (3124/4121)
09:05:09   ▶ /_astro/ART_9323_web_1.CTxSzu5F_1hUdfi.webp (reused cache entry) (+2ms) (3125/4121)
09:05:09   ▶ /_astro/ART_9960_print-1024x684.CYDlFsB6_WdN6G.webp (reused cache entry) (+2ms) (3126/4121)
09:05:09   ▶ /_astro/ART_9421-Bearbeitet_web-768x1151.C0HITzYY_1elWSa.webp (reused cache entry) (+2ms) (3127/4121)
09:05:09   ▶ /_astro/ART_9766-Bearbeitet_print.urB1gcOU_Z2uM3Sd.webp (reused cache entry) (+2ms) (3128/4121)
09:05:09   ▶ /_astro/ART_9315-Bearbeitet_web-1024x684.D334lQmv_PX2w0.webp (reused cache entry) (+2ms) (3129/4121)
09:05:09   ▶ /_astro/ART_9875_print-1024x684.BmzL_DEp_2h3Y0D.webp (reused cache entry) (+2ms) (3130/4121)
09:05:09   ▶ /_astro/ART_9955_print-1024x684.DzdbkWlx_XD0Yl.webp (reused cache entry) (+2ms) (3131/4121)
09:05:09   ▶ /_astro/ART_9311-Bearbeitet-Bearbeitet_web_1.DNBq9HfP_Z2kzHIm.webp (reused cache entry) (+2ms) (3132/4121)
09:05:09   ▶ /_astro/ART_9474-Bearbeitet_web_1-768x1151.BQwZtgJf_191R6v.webp (reused cache entry) (+2ms) (3133/4121)
09:05:09   ▶ /_astro/ART_5851_web.6uwfHXqh_Fp0Qc.webp (reused cache entry) (+2ms) (3134/4121)
09:05:09   ▶ /_astro/ART_9623_web-1024x1024.Gz8a3YfZ_ZOa0YB.webp (reused cache entry) (+2ms) (3135/4121)
09:05:09   ▶ /_astro/ART_9527-2_print.Bj5DKPLO_ZQDsXj.webp (reused cache entry) (+2ms) (3136/4121)
09:05:09   ▶ /_astro/ART_9960_print-1024x684.CYDlFsB6_4j8Xy.webp (reused cache entry) (+2ms) (3137/4121)
09:05:09   ▶ /_astro/ART_9323_web_1.CTxSzu5F_Rimk0.webp (reused cache entry) (+2ms) (3138/4121)
09:05:09   ▶ /_astro/ART_3680-Bearbeitet-Wiederhergestellt_web.BTVRqwAr_2woq1J.webp (reused cache entry) (+2ms) (3139/4121)
09:05:09   ▶ /_astro/ART_9766-Bearbeitet_print.urB1gcOU_13yTaJ.webp (reused cache entry) (+2ms) (3140/4121)
09:05:09   ▶ /_astro/ART_9875_print-1024x684.BmzL_DEp_ZLcWFz.webp (reused cache entry) (+1ms) (3141/4121)
09:05:09   ▶ /_astro/ART_4059_web.EUTYujms_1G1rbO.webp (reused cache entry) (+2ms) (3142/4121)
09:05:09   ▶ /_astro/ART_9955_print-1024x684.DzdbkWlx_Z24CUGR.webp (reused cache entry) (+2ms) (3143/4121)
09:05:09   ▶ /_astro/ART_9474-Bearbeitet_web_1-768x1151.BQwZtgJf_1Kg5K8.webp (reused cache entry) (+1ms) (3144/4121)
09:05:09   ▶ /_astro/ART_4447-Bearbeitet_web.CAuQbpjW_we2yA.webp (reused cache entry) (+2ms) (3145/4121)
09:05:09   ▶ /_astro/ART_9623_web-1024x1024.Gz8a3YfZ_ZJjXAa.webp (reused cache entry) (+2ms) (3146/4121)
09:05:09   ▶ /_astro/ART_5851_web.6uwfHXqh_Z13Ouvz.webp (reused cache entry) (+2ms) (3147/4121)
09:05:09   ▶ /_astro/ART_9960_print-1024x684.CYDlFsB6_26el6h.webp (reused cache entry) (+1ms) (3148/4121)
09:05:09   ▶ /_astro/ART_9527-2_print.Bj5DKPLO_Z1R9La4.webp (reused cache entry) (+2ms) (3149/4121)
09:05:09   ▶ /_astro/ART_4661-Bearbeitet_web.CvK4V9d5_1ePy4H.webp (reused cache entry) (+2ms) (3150/4121)
09:05:09   ▶ /_astro/ART_3680-Bearbeitet-Wiederhergestellt_web.BTVRqwAr_1EO34a.webp (reused cache entry) (+2ms) (3151/4121)
09:05:09   ▶ /_astro/ART_9766-Bearbeitet_print.urB1gcOU_Z1vE5xb.webp (reused cache entry) (+1ms) (3152/4121)
09:05:09   ▶ /_astro/ART_9875_print-1024x684.BmzL_DEp_Z2uWn5X.webp (reused cache entry) (+2ms) (3153/4121)
09:05:09   ▶ /_astro/ART_9955_print-1024x684.DzdbkWlx_Z2bydcD.webp (reused cache entry) (+2ms) (3154/4121)
09:05:09   ▶ /_astro/ART_4059_web.EUTYujms_Z3d4aW.webp (reused cache entry) (+2ms) (3155/4121)
09:05:09   ▶ /_astro/ART_9474-Bearbeitet_web_1-768x1151.BQwZtgJf_13QoP1.webp (reused cache entry) (+2ms) (3156/4121)
09:05:09   ▶ /_astro/ART_4447-Bearbeitet_web.CAuQbpjW_Z1qCikt.webp (reused cache entry) (+2ms) (3157/4121)
09:05:09   ▶ /_astro/ART_5057-Bearbeitet_web.DW9YvA9k_Zvl8mn.webp (reused cache entry) (+2ms) (3158/4121)
09:05:09   ▶ /_astro/ART_9960_print-1024x684.CYDlFsB6_cwHiz.webp (reused cache entry) (+2ms) (3159/4121)
09:05:09   ▶ /_astro/ART_5093_web.C754Xsyx_VFfvE.webp (reused cache entry) (+2ms) (3160/4121)
09:05:09   ▶ /_astro/ART_5851_web.6uwfHXqh_ZC6DtI.webp (reused cache entry) (+2ms) (3161/4121)
09:05:09   ▶ /_astro/ART_4661-Bearbeitet_web.CvK4V9d5_ZI0LOm.webp (reused cache entry) (+2ms) (3162/4121)
09:05:09   ▶ /_astro/ART_5111-Bearbeitet_web.mkTgxZY1_24E7Ld.webp (reused cache entry) (+2ms) (3163/4121)
09:05:09   ▶ /_astro/ART_5992-Bearbeitet_web.CIQjDujS_ZOxPpl.webp (reused cache entry) (+2ms) (3164/4121)
09:05:09   ▶ /_astro/ART_6065-Bearbeitet_web.BOV0I_5J_Z12JUCx.webp (reused cache entry) (+2ms) (3165/4121)
09:05:09   ▶ /_astro/ART_3680-Bearbeitet-Wiederhergestellt_web.BTVRqwAr_Z1VE03P.webp (reused cache entry) (+2ms) (3166/4121)
09:05:09   ▶ /_astro/ART_9474-Bearbeitet_web_1-768x1151.BQwZtgJf_1HK8WT.webp (reused cache entry) (+2ms) (3167/4121)
09:05:09   ▶ /_astro/ART_4059_web.EUTYujms_nuLPT.webp (reused cache entry) (+2ms) (3168/4121)
09:05:09   ▶ /_astro/ART_5057-Bearbeitet_web.DW9YvA9k_Z2tctgr.webp (reused cache entry) (+2ms) (3169/4121)
09:05:09   ▶ /_astro/ART_4447-Bearbeitet_web.CAuQbpjW_1It7up.webp (reused cache entry) (+2ms) (3170/4121)
09:05:09   ▶ /_astro/ART_6078-Bearbeitet_web.Dexp9KOx_2tF001.webp (reused cache entry) (+2ms) (3171/4121)
09:05:09   ▶ /_astro/ART_5093_web.C754Xsyx_ZMyfQ7.webp (reused cache entry) (+2ms) (3172/4121)
09:05:09   ▶ /_astro/ART_4661-Bearbeitet_web.CvK4V9d5_2r5D0w.webp (reused cache entry) (+2ms) (3173/4121)
09:05:09   ▶ /_astro/ART_5851_web.6uwfHXqh_ZqioJL.webp (reused cache entry) (+2ms) (3174/4121)
09:05:09   ▶ /_astro/ART_5111-Bearbeitet_web.mkTgxZY1_6MLR9.webp (reused cache entry) (+2ms) (3175/4121)
09:05:09   ▶ /_astro/ART_5992-Bearbeitet_web.CIQjDujS_2hLWuw.webp (reused cache entry) (+2ms) (3176/4121)
09:05:09   ▶ /_astro/ART_6065-Bearbeitet_web.BOV0I_5J_24zRhk.webp (reused cache entry) (+2ms) (3177/4121)
09:05:09   ▶ /_astro/ART_9474-Bearbeitet_web_1-768x1151.BQwZtgJf_2tPkwz.webp (reused cache entry) (+2ms) (3178/4121)
09:05:09   ▶ /_astro/ART_3680-Bearbeitet-Wiederhergestellt_web.BTVRqwAr_ZDGoOR.webp (reused cache entry) (+2ms) (3179/4121)
09:05:09   ▶ /_astro/ART_5057-Bearbeitet_web.DW9YvA9k_FSVyr.webp (reused cache entry) (+2ms) (3180/4121)
09:05:09   ▶ /_astro/ART_4447-Bearbeitet_web.CAuQbpjW_Z1Yrm1t.webp (reused cache entry) (+2ms) (3181/4121)
09:05:09   ▶ /_astro/ART_6078-Bearbeitet_web.Dexp9KOx_1Dy66A.webp (reused cache entry) (+2ms) (3182/4121)
09:05:09   ▶ /_astro/ART_4059_web.EUTYujms_mw6NV.webp (reused cache entry) (+3ms) (3183/4121)
09:05:09   ▶ /_astro/ART_5851_web.6uwfHXqh_X1BLR.webp (reused cache entry) (+2ms) (3184/4121)
09:05:09   ▶ /_astro/ART_5093_web.C754Xsyx_ZlPoOg.webp (reused cache entry) (+3ms) (3185/4121)
09:05:09   ▶ /_astro/ART_4661-Bearbeitet_web.CvK4V9d5_ZaaUtE.webp (reused cache entry) (+3ms) (3186/4121)
09:05:09   ▶ /_astro/ART_5111-Bearbeitet_web.mkTgxZY1_Z1NhV6T.webp (reused cache entry) (+3ms) (3187/4121)
09:05:09   ▶ /_astro/ART_5992-Bearbeitet_web.CIQjDujS_mGevt.webp (reused cache entry) (+2ms) (3188/4121)
09:05:09   ▶ /_astro/ART_9474-Bearbeitet_web_1-768x1151.BQwZtgJf_Z29xTU.webp (reused cache entry) (+2ms) (3189/4121)
09:05:09   ▶ /_astro/ART_6080-Bearbeitet_web.DuR5jFs__Z1eoxuO.webp (reused cache entry) (+2ms) (3190/4121)
09:05:09   ▶ /_astro/ART_6065-Bearbeitet_web.BOV0I_5J_9u9ih.webp (reused cache entry) (+3ms) (3191/4121)
09:05:09   ▶ /_astro/ART_6329-Bearbeitet_web.1cmtBaBu_2n7nDL.webp (reused cache entry) (+2ms) (3192/4121)
09:05:09   ▶ /_astro/ART_6601-Bearbeitet_web.C30oGreG_Z2cFFo9.webp (reused cache entry) (+2ms) (3193/4121)
09:05:09   ▶ /_astro/ART_5851_web.6uwfHXqh_ZDNmdH.webp (reused cache entry) (+2ms) (3194/4121)
09:05:09   ▶ /_astro/ART_5057-Bearbeitet_web.DW9YvA9k_1i45K5.webp (reused cache entry) (+3ms) (3195/4121)
09:05:09   ▶ /_astro/ART_6078-Bearbeitet_web.Dexp9KOx_QcO8b.webp (reused cache entry) (+3ms) (3196/4121)
09:05:09   ▶ /_astro/ART_6874-Bearbeitet_web.lKrw3duW_v2W1k.webp (reused cache entry) (+2ms) (3197/4121)
09:05:09   ▶ /_astro/ART_5093_web.C754Xsyx_Z2kreOp.webp (reused cache entry) (+3ms) (3198/4121)
09:05:09   ▶ /_astro/ART_9474-Bearbeitet_web_1-768x1151.BQwZtgJf_Z9iYci.webp (reused cache entry) (+2ms) (3199/4121)
09:05:09   ▶ /_astro/ART_5111-Bearbeitet_web.mkTgxZY1_e0Y1q.webp (reused cache entry) (+3ms) (3200/4121)
09:05:09   ▶ /_astro/ART_6080-Bearbeitet_web.DuR5jFs__1RVfp3.webp (reused cache entry) (+3ms) (3201/4121)
09:05:09   ▶ /_astro/ART_5992-Bearbeitet_web.CIQjDujS_1H0uRX.webp (reused cache entry) (+3ms) (3202/4121)
09:05:09   ▶ /_astro/ART_6065-Bearbeitet_web.BOV0I_5J_53YYN.webp (reused cache entry) (+3ms) (3203/4121)
09:05:09   ▶ /_astro/ART_6329-Bearbeitet_web.1cmtBaBu_pg2JH.webp (reused cache entry) (+3ms) (3204/4121)
09:05:09   ▶ /_astro/ART_6601-Bearbeitet_web.C30oGreG_TE7vI.webp (reused cache entry) (+3ms) (3205/4121)
09:05:09   ▶ /_astro/ART_5851_web.6uwfHXqh_2rr52O.webp (reused cache entry) (+2ms) (3206/4121)
09:05:09   ▶ /_astro/ART_6929-Bearbeitet_web.DkR01Vb9_27MGcO.webp (reused cache entry) (+2ms) (3207/4121)
09:05:09   ▶ /_astro/ART_7009-Bearbeitet_web.B7fn18TT_Z2vecfK.webp (reused cache entry) (+2ms) (3208/4121)
09:05:09   ▶ /_astro/ART_6874-Bearbeitet_web.lKrw3duW_Z1rNnRJ.webp (reused cache entry) (+2ms) (3209/4121)
09:05:09   ▶ /_astro/ART_9474-Bearbeitet_web_1-768x1151.BQwZtgJf_Z4EuH9.webp (reused cache entry) (+2ms) (3210/4121)
09:05:09   ▶ /_astro/manija-biebow-braut-makeup-hamburg-01.BJsnd2JV_13Suog.webp (reused cache entry) (+2ms) (3211/4121)
09:05:09   ▶ /_astro/ART_6078-Bearbeitet_web.Dexp9KOx_22Urt9.webp (reused cache entry) (+3ms) (3212/4121)
09:05:09   ▶ /_astro/manija-biebow-braut-makeup-hamburg-02.D6sc8xBs_1ViWnW.webp (reused cache entry) (+2ms) (3213/4121)
09:05:09   ▶ /_astro/ART_6080-Bearbeitet_web.DuR5jFs__Z29sz0.webp (reused cache entry) (+2ms) (3214/4121)
09:05:09   ▶ /_astro/manija-biebow-braut-makeup-hamburg-03.CtDg-iEg_1fQ20f.webp (reused cache entry) (+2ms) (3215/4121)
09:05:09   ▶ /_astro/ART_6329-Bearbeitet_web.1cmtBaBu_Z1uOFel.webp (reused cache entry) (+2ms) (3216/4121)
09:05:09   ▶ /_astro/manija-biebow-brautstyling-hamburg-04.CDalfKYX_ZVGvKs.webp (reused cache entry) (+2ms) (3217/4121)
09:05:09   ▶ /_astro/ART_6601-Bearbeitet_web.C30oGreG_Z10qAsk.webp (reused cache entry) (+2ms) (3218/4121)
09:05:09   ▶ /_astro/ART_6929-Bearbeitet_web.DkR01Vb9_9VliK.webp (reused cache entry) (+2ms) (3219/4121)
09:05:09   ▶ /_astro/manija-biebow-brautstyling-hamburg-05.CRPxaO9W_2nYjdV.webp (reused cache entry) (+2ms) (3220/4121)
09:05:09   ▶ /_astro/ART_7009-Bearbeitet_web.B7fn18TT_B6AE7.webp (reused cache entry) (+2ms) (3221/4121)
09:05:09   ▶ /_astro/ART_6874-Bearbeitet_web.lKrw3duW_1Hi1W9.webp (reused cache entry) (+2ms) (3222/4121)
09:05:09   ▶ /_astro/ART_6078-Bearbeitet_web.Dexp9KOx_ZWr1O6.webp (reused cache entry) (+2ms) (3223/4121)
09:05:09   ▶ /_astro/manija-biebow-braut-makeup-hamburg-01.BJsnd2JV_1ph1jl.webp (reused cache entry) (+2ms) (3224/4121)
09:05:09   ▶ /_astro/manija-biebow-braut-makeup-hamburg-02.D6sc8xBs_2hGtj2.webp (reused cache entry) (+2ms) (3225/4121)
09:05:09   ▶ /_astro/manija-biebow-braut-makeup-hamburg-03.CtDg-iEg_1BexUk.webp (reused cache entry) (+2ms) (3226/4121)
09:05:09   ▶ /_astro/ART_6080-Bearbeitet_web.DuR5jFs__ZJR6fT.webp (reused cache entry) (+2ms) (3227/4121)
09:05:09   ▶ /_astro/ART_6329-Bearbeitet_web.1cmtBaBu_Zy1eoa.webp (reused cache entry) (+2ms) (3228/4121)
09:05:09   ▶ /_astro/manija-biebow-brautstyling-hamburg-04.CDalfKYX_ZAiYPn.webp (reused cache entry) (+2ms) (3229/4121)
09:05:09   ▶ /_astro/manija-biebow-brautstyling-hamburg-05.CRPxaO9W_Z2kOiEU.webp (reused cache entry) (+2ms) (3230/4121)
09:05:09   ▶ /_astro/ART_6601-Bearbeitet_web.C30oGreG_ZmneWs.webp (reused cache entry) (+2ms) (3231/4121)
09:05:09   ▶ /_astro/ART_6929-Bearbeitet_web.DkR01Vb9_Z1K9mFi.webp (reused cache entry) (+2ms) (3232/4121)
09:05:09   ▶ /_astro/ART_7009-Bearbeitet_web.B7fn18TT_Z1iY7jV.webp (reused cache entry) (+2ms) (3233/4121)
09:05:09   ▶ /_astro/ART_6874-Bearbeitet_web.lKrw3duW_2u6WSk.webp (reused cache entry) (+2ms) (3234/4121)
09:05:09   ▶ /_astro/ART_6078-Bearbeitet_web.Dexp9KOx_2DCt6.webp (reused cache entry) (+2ms) (3235/4121)
09:05:09   ▶ /_astro/manija-biebow-braut-makeup-hamburg-01.BJsnd2JV_Z1dDk0V.webp (reused cache entry) (+2ms) (3236/4121)
09:05:09   ▶ /_astro/manija-biebow-braut-makeup-hamburg-02.D6sc8xBs_ZldR1f.webp (reused cache entry) (+2ms) (3237/4121)
09:05:09   ▶ /_astro/salon-manija-biebow-hamburg-schild.BBlvRXcJ_1Q3HPi.webp (reused cache entry) (+2ms) (3238/4121)
09:05:09   ▶ /_astro/manija-biebow-braut-makeup-hamburg-03.CtDg-iEg_Z11FMoW.webp (reused cache entry) (+2ms) (3239/4121)
09:05:09   ▶ /_astro/yildiz-duman-werner-brautstyling-hamburg.DO4WWdKG_Z6KuwO.webp (reused cache entry) (+2ms) (3240/4121)
09:05:09   ▶ /_astro/brautfrisur-offenes-haar._l0Yra-T_EhA19.webp (reused cache entry) (+2ms) (3241/4121)
09:05:09   ▶ /_astro/manija-biebow-brautstyling-hamburg-05.CRPxaO9W_6rtNJ.webp (reused cache entry) (+2ms) (3242/4121)
09:05:09   ▶ /_astro/manija-biebow-brautstyling-hamburg-04.CDalfKYX_1PWMDh.webp (reused cache entry) (+3ms) (3243/4121)
09:05:09   ▶ /_astro/brautstyling-editorial-detail.-7wJ7Nxk_24eNyS.webp (reused cache entry) (+2ms) (3244/4121)
09:05:09   ▶ /_astro/ART_6929-Bearbeitet_web.DkR01Vb9_1Omtxe.webp (reused cache entry) (+2ms) (3245/4121)
09:05:09   ▶ /_astro/ART_7009-Bearbeitet_web.B7fn18TT_mXPVB.webp (reused cache entry) (+2ms) (3246/4121)
09:05:09   ▶ /_astro/manija-biebow-braut-makeup-hamburg-01.BJsnd2JV_CG5IA.webp (reused cache entry) (+2ms) (3247/4121)
09:05:09   ▶ /_astro/ART_6078-Bearbeitet_web.Dexp9KOx_Z13g2Oe.webp (reused cache entry) (+2ms) (3248/4121)
09:05:09   ▶ /_astro/manija-biebow-braut-makeup-hamburg-02.D6sc8xBs_1v6xIh.webp (reused cache entry) (+2ms) (3249/4121)
09:05:09   ▶ /_astro/salon-manija-biebow-hamburg-schild.BBlvRXcJ_eBqCH.webp (reused cache entry) (+2ms) (3250/4121)
09:05:09   ▶ /_astro/manija-biebow-brautstyling-hamburg-05.CRPxaO9W_1WLTyg.webp (reused cache entry) (+2ms) (3251/4121)
09:05:09   ▶ /_astro/manija-biebow-braut-makeup-hamburg-03.CtDg-iEg_ODCkz.webp (reused cache entry) (+3ms) (3252/4121)
09:05:09   ▶ /_astro/yildiz-duman-werner-brautstyling-hamburg.DO4WWdKG_1A96Xt.webp (reused cache entry) (+3ms) (3253/4121)
09:05:09   ▶ /_astro/brautfrisur-offenes-haar._l0Yra-T_ZhfvpH.webp (reused cache entry) (+2ms) (3254/4121)
09:05:09   ▶ /_astro/brautstyling-editorial-modern.DVpsSVHR_Z2q3bK4.webp (reused cache entry) (+2ms) (3255/4121)
09:05:09   ▶ /_astro/brautstyling-louvre-paris.-AjQoHKl_Z246N7P.webp (reused cache entry) (+2ms) (3256/4121)
09:05:09   ▶ /_astro/manija-biebow-brautstyling-hamburg-04.CDalfKYX_Z1mSUq8.webp (reused cache entry) (+3ms) (3257/4121)
09:05:09   ▶ /_astro/brautstyling-editorial-detail.-7wJ7Nxk_2mmB7f.webp (reused cache entry) (+3ms) (3258/4121)
09:05:09   ▶ /_astro/ART_4908-Bearbeitet.DCix7CM3_FGJeP.webp (reused cache entry) (+2ms) (3259/4121)
09:05:09   ▶ /_astro/spiegel_timeblending.Bjs2dm-1_A79zh.webp (reused cache entry) (+2ms) (3260/4121)
09:05:09   ▶ /_astro/salon-manija-biebow-hamburg-schild.BBlvRXcJ_165wNO.webp (reused cache entry) (+2ms) (3261/4121)
09:05:09   ▶ /_astro/dockland.BTNrefPt_Z1lujf2.webp (reused cache entry) (+2ms) (3262/4121)
09:05:09   ▶ /_astro/ART_2315-HDR-web.C7CQU6cg_Z1vvFJe.webp (reused cache entry) (+1ms) (3263/4121)
09:05:09   ▶ /_astro/brautstyling-editorial-modern.DVpsSVHR_Z27UocH.webp (reused cache entry) (+1ms) (3264/4121)
09:05:09   ▶ /_astro/ART_6078-Bearbeitet_web.Dexp9KOx_ZnUCLI.webp (reused cache entry) (+3ms) (3265/4121)
09:05:09   ▶ /_astro/yildiz-duman-werner-brautstyling-hamburg.DO4WWdKG_11A6av.webp (reused cache entry) (+2ms) (3266/4121)
09:05:09   ▶ /_astro/brautfrisur-offenes-haar._l0Yra-T_FkYiH.webp (reused cache entry) (+2ms) (3267/4121)
09:05:09   ▶ /_astro/ART_2287-Bearbeitet-scaled.CfuN79d7_Z2ol39t.webp (reused cache entry) (+2ms) (3268/4121)
09:05:09   ▶ /_astro/brautstyling-louvre-paris.-AjQoHKl_Z1gjmTk.webp (reused cache entry) (+2ms) (3269/4121)
09:05:09   ▶ /_astro/brautstyling-editorial-detail.-7wJ7Nxk_KPDuI.webp (reused cache entry) (+2ms) (3270/4121)
09:05:09   ▶ /_astro/ART_4908-Bearbeitet.DCix7CM3_Z1tgquB.webp (reused cache entry) (+2ms) (3271/4121)
09:05:09   ▶ /_astro/spiegel_timeblending.Bjs2dm-1_2lkMiJ.webp (reused cache entry) (+2ms) (3272/4121)
09:05:09   ▶ /_astro/salon-manija-biebow-hamburg-schild.BBlvRXcJ_25FwQH.webp (reused cache entry) (+2ms) (3273/4121)
09:05:09   ▶ /_astro/dockland.BTNrefPt_2q4MK9.webp (reused cache entry) (+2ms) (3274/4121)
09:05:09   ▶ /_astro/ART_2315-HDR-web.C7CQU6cg_1Hxpwy.webp (reused cache entry) (+2ms) (3275/4121)
09:05:09   ▶ /_astro/brautstyling-editorial-modern.DVpsSVHR_1lJLYH.webp (reused cache entry) (+2ms) (3276/4121)
09:05:09   ▶ /_astro/ART_3555-Bearbeitet_web.D191trUB_Z2mqID5.webp (reused cache entry) (+2ms) (3277/4121)
09:05:09   ▶ /_astro/ART_4902-Bearbeitet.Cd7CM9zW_13a1e1.webp (reused cache entry) (+2ms) (3278/4121)
09:05:09   ▶ /_astro/elbviehspiegelei-1_print.BKmPHwOm_1Wb3LK.webp (reused cache entry) (+1ms) (3279/4121)
09:05:09   ▶ /_astro/ART_2287-Bearbeitet-scaled.CfuN79d7_ZhmqOm.webp (reused cache entry) (+2ms) (3280/4121)
09:05:09   ▶ /_astro/ART_6078-Bearbeitet_web.Dexp9KOx_2hpQEH.webp (reused cache entry) (+2ms) (3281/4121)
09:05:09   ▶ /_astro/brautstyling-louvre-paris.-AjQoHKl_ZL9dqL.webp (reused cache entry) (+2ms) (3282/4121)
09:05:09   ▶ /_astro/ART_4908-Bearbeitet.DCix7CM3_Z1EneIA.webp (reused cache entry) (+2ms) (3283/4121)
09:05:09   ▶ /_astro/spiegel_timeblending.Bjs2dm-1_1zgAJu.webp (reused cache entry) (+2ms) (3284/4121)
09:05:09   ▶ /_astro/salon-manija-biebow-hamburg-schild.BBlvRXcJ_Z2lVzET.webp (reused cache entry) (+2ms) (3285/4121)
09:05:09   ▶ /_astro/dockland.BTNrefPt_Z1B60QA.webp (reused cache entry) (+2ms) (3286/4121)
09:05:09   ▶ /_astro/ART_1412-HDR-Bearbeitet_web.DnIku0bN_Z1DyGO2.webp (reused cache entry) (+2ms) (3287/4121)
09:05:09   ▶ /_astro/ART_4902-Bearbeitet.Cd7CM9zW_Z1Ttddb.webp (reused cache entry) (+2ms) (3288/4121)
09:05:09   ▶ /_astro/ART_3555-Bearbeitet_web.D191trUB_1OPK2I.webp (reused cache entry) (+2ms) (3289/4121)
09:05:09   ▶ /_astro/ART_2315-HDR-web.C7CQU6cg_1GW82m.webp (reused cache entry) (+2ms) (3290/4121)
09:05:09   ▶ /_astro/elbviehspiegelei-1_print.BKmPHwOm_Z72YvD.webp (reused cache entry) (+2ms) (3291/4121)
09:05:09   ▶ /_astro/Unbenannt-4.BQwaMM8__ZiQ5YB.webp (reused cache entry) (+2ms) (3292/4121)
09:05:09   ▶ /_astro/ART_4908-Bearbeitet.DCix7CM3_Dcttx.webp (reused cache entry) (+1ms) (3293/4121)
09:05:09   ▶ /_astro/ART_2287-Bearbeitet-scaled.CfuN79d7_Zon364.webp (reused cache entry) (+2ms) (3294/4121)
09:05:09   ▶ /_astro/brautstyling-louvre-paris.-AjQoHKl_1qtCCA.webp (reused cache entry) (+2ms) (3295/4121)
09:05:09   ▶ /_astro/ART_6976-Bearbeitet_thumb.D-G6ZDD5_Z4vdgf.webp (reused cache entry) (+2ms) (3296/4121)
09:05:09   ▶ /_astro/spiegel_timeblending.Bjs2dm-1_1LUYjz.webp (reused cache entry) (+2ms) (3297/4121)
09:05:09   ▶ /_astro/dockland.BTNrefPt_2tr0zV.webp (reused cache entry) (+2ms) (3298/4121)
09:05:09   ▶ /_astro/ART_1412-HDR-Bearbeitet_web.DnIku0bN_pilNG.webp (reused cache entry) (+2ms) (3299/4121)
09:05:09   ▶ /_astro/ART_4902-Bearbeitet.Cd7CM9zW_1h6gwb.webp (reused cache entry) (+2ms) (3300/4121)
09:05:09   ▶ /_astro/elbviehspiegelei-1_print.BKmPHwOm_Z2jVytN.webp (reused cache entry) (+2ms) (3301/4121)
09:05:09   ▶ /_astro/ART_3555-Bearbeitet_web.D191trUB_Z1pDQ9D.webp (reused cache entry) (+2ms) (3302/4121)
09:05:09   ▶ /_astro/Unbenannt-4.BQwaMM8__Z1DGtCr.webp (reused cache entry) (+2ms) (3303/4121)
09:05:09   ▶ /_astro/ART_2315-HDR-web.C7CQU6cg_Z2nzTrd.webp (reused cache entry) (+2ms) (3304/4121)
09:05:09   ▶ /_astro/ART_0174-Bearbeitet-2_web.xRwi97Fx_24YiCr.webp (reused cache entry) (+2ms) (3305/4121)
09:05:09   ▶ /_astro/ART_4908-Bearbeitet.DCix7CM3_Z2jqJWE.webp (reused cache entry) (+2ms) (3306/4121)
09:05:09   ▶ /_astro/ART_2287-Bearbeitet-scaled.CfuN79d7_1mCloo.webp (reused cache entry) (+3ms) (3307/4121)
09:05:09   ▶ /_astro/ART_6976-Bearbeitet_thumb.D-G6ZDD5_2fqKmC.webp (reused cache entry) (+2ms) (3308/4121)
09:05:09   ▶ /_astro/spiegel_timeblending.Bjs2dm-1_1Uel5U.webp (reused cache entry) (+2ms) (3309/4121)
09:05:09   ▶ /_astro/dockland.BTNrefPt_iSIhD.webp (reused cache entry) (+2ms) (3310/4121)
09:05:09   ▶ /_astro/ART_4902-Bearbeitet.Cd7CM9zW_Z1JLlTA.webp (reused cache entry) (+2ms) (3311/4121)
09:05:09   ▶ /_astro/ART_1412-HDR-Bearbeitet_web.DnIku0bN_2gbPoV.webp (reused cache entry) (+3ms) (3312/4121)
09:05:09   ▶ /_astro/elbviehspiegelei-1_print.BKmPHwOm_1sCT91.webp (reused cache entry) (+2ms) (3313/4121)
09:05:09   ▶ /_astro/Unbenannt-4.BQwaMM8__Z5UO75.webp (reused cache entry) (+2ms) (3314/4121)
09:05:09   ▶ /_astro/ART_3555-Bearbeitet_web.D191trUB_Z2vje83.webp (reused cache entry) (+3ms) (3315/4121)
09:05:09   ▶ /_astro/ART_2315-HDR-web.C7CQU6cg_20sow9.webp (reused cache entry) (+3ms) (3316/4121)
09:05:09   ▶ /_astro/ART_0174-Bearbeitet-2_web.xRwi97Fx_ZFfQxC.webp (reused cache entry) (+2ms) (3317/4121)
09:05:09   ▶ /_astro/K1024_ART_9680-HDR-Bearbeitet_web-1.3yyBnWJs_1MNlYf.webp (reused cache entry) (+2ms) (3318/4121)
09:05:09   ▶ /_astro/ART_4908-Bearbeitet.DCix7CM3_R8ILH.webp (reused cache entry) (+2ms) (3319/4121)
09:05:09   ▶ /_astro/ART_2287-Bearbeitet-scaled.CfuN79d7_Z2mOHw3.webp (reused cache entry) (+2ms) (3320/4121)
09:05:09   ▶ /_astro/ART_6171-Bearbeitet_thumb.Csb09uPX_Z1WJwnK.webp (reused cache entry) (+2ms) (3321/4121)
09:05:09   ▶ /_astro/ART_6976-Bearbeitet_thumb.D-G6ZDD5_1bRaie.webp (reused cache entry) (+2ms) (3322/4121)
09:05:09   ▶ /_astro/ART_4902-Bearbeitet.Cd7CM9zW_PX6Jh.webp (reused cache entry) (+2ms) (3323/4121)
09:05:09   ▶ /_astro/ART_1412-HDR-Bearbeitet_web.DnIku0bN_Z1nzLSo.webp (reused cache entry) (+2ms) (3324/4121)
09:05:09   ▶ /_astro/elbviehspiegelei-1_print.BKmPHwOm_DizC4.webp (reused cache entry) (+2ms) (3325/4121)
09:05:09   ▶ /_astro/Unbenannt-4.BQwaMM8__Qiusd.webp (reused cache entry) (+2ms) (3326/4121)
09:05:09   ▶ /_astro/ART8353.DssGr2lP_Z18JCqv.webp (reused cache entry) (+2ms) (3327/4121)
09:05:09   ▶ /_astro/K1024_ART_9680-HDR-Bearbeitet_web-1.3yyBnWJs_Z1qs1i0.webp (reused cache entry) (+2ms) (3328/4121)
09:05:09   ▶ /_astro/ART_3555-Bearbeitet_web.D191trUB_IIBdY.webp (reused cache entry) (+2ms) (3329/4121)
09:05:09   ▶ /_astro/ART_0174-Bearbeitet-2_web.xRwi97Fx_Z14wadi.webp (reused cache entry) (+2ms) (3330/4121)
09:05:09   ▶ /_astro/ART_4908-Bearbeitet.DCix7CM3_O4qqt.webp (reused cache entry) (+2ms) (3331/4121)
09:05:09   ▶ /_astro/planten1.D8LQVnD-_OFEiC.webp (reused cache entry) (+2ms) (3332/4121)
09:05:09   ▶ /_astro/ART8709-Bearbeitet_web.DF-IVd8g_S6sz5.webp (reused cache entry) (+2ms) (3333/4121)
09:05:09   ▶ /_astro/ART_6171-Bearbeitet_thumb.Csb09uPX_mcrf7.webp (reused cache entry) (+2ms) (3334/4121)
09:05:09   ▶ /_astro/stintubahn.n0DNuzlB_Z1njoVD.webp (reused cache entry) (+2ms) (3335/4121)
09:05:09   ▶ /_astro/ART_6976-Bearbeitet_thumb.D-G6ZDD5_Z1p4yYt.webp (reused cache entry) (+2ms) (3336/4121)
09:05:09   ▶ /_astro/Unbenannt-4.BQwaMM8__Z1MP3XF.webp (reused cache entry) (+2ms) (3337/4121)
09:05:09   ▶ /_astro/ART_1412-HDR-Bearbeitet_web.DnIku0bN_Z2smID9.webp (reused cache entry) (+2ms) (3338/4121)
09:05:09   ▶ /_astro/ART8353.DssGr2lP_Z1vXk55.webp (reused cache entry) (+2ms) (3339/4121)
09:05:09   ▶ /_astro/K1024_ART_9680-HDR-Bearbeitet_web-1.3yyBnWJs_1QcY19.webp (reused cache entry) (+2ms) (3340/4121)
09:05:09   ▶ /_astro/Unbenannt-1-3.CgTWPcMM_Z2leIMT.webp (reused cache entry) (+2ms) (3341/4121)
09:05:09   ▶ /_astro/ART8709-Bearbeitet_web.DF-IVd8g_Z2hLDeX.webp (reused cache entry) (+2ms) (3342/4121)
09:05:09   ▶ /_astro/ART_4908-Bearbeitet.DCix7CM3_ZGngWa.webp (reused cache entry) (+2ms) (3343/4121)
09:05:09   ▶ /_astro/planten1.D8LQVnD-_Z1MOBYn.webp (reused cache entry) (+2ms) (3344/4121)
09:05:09   ▶ /_astro/ART_0174-Bearbeitet-2_web.xRwi97Fx_2vFIGE.webp (reused cache entry) (+2ms) (3345/4121)
09:05:09   ▶ /_astro/mundsburg1.C_yEcAfo_Z1cExMa.webp (reused cache entry) (+2ms) (3346/4121)
09:05:09   ▶ /_astro/ART_6188-HDR-Bearbeitet_thumb.f-RqZzyH_Z1VsV13.webp (reused cache entry) (+1ms) (3347/4121)
09:05:09   ▶ /_astro/ART_6171-Bearbeitet_thumb.Csb09uPX_ZGm8Oh.webp (reused cache entry) (+2ms) (3348/4121)
09:05:09   ▶ /_astro/ART_7936-Bearbeitet_thumb.wvJh4ZgY_ZIcpNL.webp (reused cache entry) (+2ms) (3349/4121)
09:05:09   ▶ /_astro/stintubahn.n0DNuzlB_ZjEUDn.webp (reused cache entry) (+2ms) (3350/4121)
09:05:09   ▶ /_astro/Unbenannt-1-3.CgTWPcMM_Z24P5sO.webp (reused cache entry) (+2ms) (3351/4121)
09:05:09   ▶ /_astro/K1024_ART_9680-HDR-Bearbeitet_web-1.3yyBnWJs_2r6tek.webp (reused cache entry) (+2ms) (3352/4121)
09:05:09   ▶ /_astro/ART8353.DssGr2lP_ZySIs0.webp (reused cache entry) (+2ms) (3353/4121)
09:05:09   ▶ /_astro/ART8709-Bearbeitet_web.DF-IVd8g_Z1XbMBB.webp (reused cache entry) (+2ms) (3354/4121)
09:05:09   ▶ /_astro/ART_0951-Bearbeitet_web.D6JefstU_Z7kcwV.webp (reused cache entry) (+2ms) (3355/4121)
09:05:09   ▶ /_astro/mundsburg1.C_yEcAfo_Z2cgud8.webp (reused cache entry) (+2ms) (3356/4121)
09:05:09   ▶ /_astro/planten1.D8LQVnD-_Z16Q3xF.webp (reused cache entry) (+2ms) (3357/4121)
09:05:09   ▶ /_astro/ART_0174-Bearbeitet-2_web.xRwi97Fx_Z1K6Yb5.webp (reused cache entry) (+2ms) (3358/4121)
09:05:09   ▶ /_astro/ART_6188-HDR-Bearbeitet_thumb.f-RqZzyH_Z1fJss2.webp (reused cache entry) (+2ms) (3359/4121)
09:05:09   ▶ /_astro/ART_7936-Bearbeitet_thumb.wvJh4ZgY_Z1s8JRk.webp (reused cache entry) (+2ms) (3360/4121)
09:05:09   ▶ /_astro/uhafencity1-1.BeK7W-lN_ZPKmEQ.webp (reused cache entry) (+2ms) (3361/4121)
09:05:09   ▶ /_astro/ART_6171-Bearbeitet_thumb.Csb09uPX_132r0Y.webp (reused cache entry) (+2ms) (3362/4121)
09:05:09   ▶ /_astro/Unbenannt-1-3.CgTWPcMM_29oUs7.webp (reused cache entry) (+2ms) (3363/4121)
09:05:09   ▶ /_astro/stintubahn.n0DNuzlB_ZGDiIb.webp (reused cache entry) (+3ms) (3364/4121)
09:05:09   ▶ /_astro/ART8709-Bearbeitet_web.DF-IVd8g_IDHLC.webp (reused cache entry) (+2ms) (3365/4121)
09:05:09   ▶ /_astro/ART_0951-Bearbeitet_web.D6JefstU_Z10eQF4.webp (reused cache entry) (+2ms) (3366/4121)
09:05:09   ▶ /_astro/ART8353.DssGr2lP_Mosse.webp (reused cache entry) (+3ms) (3367/4121)
09:05:09   ▶ /_astro/ART_4701-HDR-Bearbeitet_web.9iJmGuE4_Z1qflDt.webp (reused cache entry) (+2ms) (3368/4121)
09:05:09   ▶ /_astro/planten1.D8LQVnD-_Z1XAG40.webp (reused cache entry) (+2ms) (3369/4121)
09:05:09   ▶ /_astro/mundsburg1.C_yEcAfo_Z14c0vQ.webp (reused cache entry) (+3ms) (3370/4121)
09:05:09   ▶ /_astro/ART_6188-HDR-Bearbeitet_thumb.f-RqZzyH_Z1xeWB2.webp (reused cache entry) (+3ms) (3371/4121)
09:05:09   ▶ /_astro/wedel2-1.BLtAV6jl_Z1BEYDk.webp (reused cache entry) (+2ms) (3372/4121)
09:05:09   ▶ /_astro/uhafencity1-1.BeK7W-lN_28rI0f.webp (reused cache entry) (+2ms) (3373/4121)
09:05:09   ▶ /_astro/ART_7936-Bearbeitet_thumb.wvJh4ZgY_ZLBXgp.webp (reused cache entry) (+3ms) (3374/4121)
09:05:09   ▶ /_astro/Unbenannt-1-3.CgTWPcMM_Z1Bzo1n.webp (reused cache entry) (+3ms) (3375/4121)
09:05:09   ▶ /_astro/ART8709-Bearbeitet_web.DF-IVd8g_ZOLts8.webp (reused cache entry) (+2ms) (3376/4121)
09:05:09   ▶ /_astro/stintubahn.n0DNuzlB_Z1U0cNW.webp (reused cache entry) (+3ms) (3377/4121)
09:05:09   ▶ /_astro/ART_0951-Bearbeitet_web.D6JefstU_OrEVv.webp (reused cache entry) (+2ms) (3378/4121)
09:05:09   ▶ /_astro/Unbenannt-1_thumb-1.CCAuBcf4_Z2goe5m.webp (reused cache entry) (+2ms) (3379/4121)
09:05:09   ▶ /_astro/ART_4701-HDR-Bearbeitet_web.9iJmGuE4_Z8c9Rn.webp (reused cache entry) (+2ms) (3380/4121)
09:05:09   ▶ /_astro/ART8353.DssGr2lP_XB6Vb.webp (reused cache entry) (+2ms) (3381/4121)
09:05:09   ▶ /_astro/ART_6340-Bearbeitet_thumb.MPbFu_5U_w8LDf.webp (reused cache entry) (+2ms) (3382/4121)
09:05:09   ▶ /_astro/mundsburg1.C_yEcAfo_ZJDDOt.webp (reused cache entry) (+2ms) (3383/4121)
09:05:09   ▶ /_astro/wedel2-1.BLtAV6jl_29T7lQ.webp (reused cache entry) (+2ms) (3384/4121)
09:05:09   ▶ /_astro/ART_7936-Bearbeitet_thumb.wvJh4ZgY_Z2fjMl5.webp (reused cache entry) (+2ms) (3385/4121)
09:05:09   ▶ /_astro/uhafencity1-1.BeK7W-lN_ZzoCXD.webp (reused cache entry) (+2ms) (3386/4121)
09:05:09   ▶ /_astro/Unbenannt-1-3.CgTWPcMM_rO3uw.webp (reused cache entry) (+2ms) (3387/4121)
09:05:09   ▶ /_astro/K1024_Unbenannt-28.G7FdAlq2_150QUb.webp (reused cache entry) (+2ms) (3388/4121)
09:05:09   ▶ /_astro/K1024_Unbenannt-38.BRcZyQNM_Z1ei9u3.webp (reused cache entry) (+2ms) (3389/4121)
09:05:09   ▶ /_astro/Unbenannt-1_thumb-1.CCAuBcf4_Z1IA4PB.webp (reused cache entry) (+2ms) (3390/4121)
09:05:09   ▶ /_astro/ART_0951-Bearbeitet_web.D6JefstU_13pcln.webp (reused cache entry) (+2ms) (3391/4121)
09:05:09   ▶ /_astro/K1024_Unbenannt-31.DioRteVb_Z2rsfXi.webp (reused cache entry) (+2ms) (3392/4121)
09:05:09   ▶ /_astro/ART_4701-HDR-Bearbeitet_web.9iJmGuE4_2tvbzu.webp (reused cache entry) (+2ms) (3393/4121)
09:05:09   ▶ /_astro/ART_6340-Bearbeitet_thumb.MPbFu_5U_Z2e6nwO.webp (reused cache entry) (+2ms) (3394/4121)
09:05:09   ▶ /_astro/K1024_Unbenannt-43.F2QGC6zv_2nF1KA.webp (reused cache entry) (+2ms) (3395/4121)
09:05:09   ▶ /_astro/mundsburg1.C_yEcAfo_ZHlsc0.webp (reused cache entry) (+2ms) (3396/4121)
09:05:09   ▶ /_astro/wedel2-1.BLtAV6jl_Z1RgGfS.webp (reused cache entry) (+2ms) (3397/4121)
09:05:09   ▶ /_astro/K1024_Unbenannt-37.B6gsi2jP_47xE7.webp (reused cache entry) (+2ms) (3398/4121)
09:05:09   ▶ /_astro/uhafencity1-1.BeK7W-lN_BUAjR.webp (reused cache entry) (+2ms) (3399/4121)
09:05:09   ▶ /_astro/Unbenannt-1_thumb-1.CCAuBcf4_1uLMTF.webp (reused cache entry) (+2ms) (3400/4121)
09:05:09   ▶ /_astro/K1024_Unbenannt-28.G7FdAlq2_ZczPqW.webp (reused cache entry) (+2ms) (3401/4121)
09:05:09   ▶ /_astro/K1024_Unbenannt-38.BRcZyQNM_ZRjTaU.webp (reused cache entry) (+2ms) (3402/4121)
09:05:09   ▶ /_astro/K1024_Unbenannt-31.DioRteVb_ZulzYD.webp (reused cache entry) (+2ms) (3403/4121)
09:05:09   ▶ /_astro/ART_0951-Bearbeitet_web.D6JefstU_ZLJ66w.webp (reused cache entry) (+2ms) (3404/4121)
09:05:09   ▶ /_astro/ART_6340-Bearbeitet_thumb.MPbFu_5U_2rOrBr.webp (reused cache entry) (+2ms) (3405/4121)
09:05:09   ▶ /_astro/K1024_Unbenannt-43.F2QGC6zv_2mcE5H.webp (reused cache entry) (+2ms) (3406/4121)
09:05:09   ▶ /_astro/K1024_Unbenannt-29.Nq06f8uw_ZNyOI1.webp (reused cache entry) (+2ms) (3407/4121)
09:05:09   ▶ /_astro/ART_4701-HDR-Bearbeitet_web.9iJmGuE4_1UGG0j.webp (reused cache entry) (+3ms) (3408/4121)
09:05:09   ▶ /_astro/K1024_Unbenannt-41.4VmDpdEH_2vsLaV.webp (reused cache entry) (+2ms) (3409/4121)
09:05:09   ▶ /_astro/K1024_Unbenannt-37.B6gsi2jP_q5MXf.webp (reused cache entry) (+2ms) (3410/4121)
09:05:09   ▶ /_astro/Unbenannt-1_thumb-1.CCAuBcf4_ZkhCAp.webp (reused cache entry) (+2ms) (3411/4121)
09:05:09   ▶ /_astro/wedel2-1.BLtAV6jl_ZDLRVh.webp (reused cache entry) (+3ms) (3412/4121)
09:05:09   ▶ /_astro/K1024_Unbenannt-30.DPvMDMeX_Z2pRYSt.webp (reused cache entry) (+1ms) (3413/4121)
09:05:09   ▶ /_astro/K1024_Unbenannt-28.G7FdAlq2_Z1OGsCL.webp (reused cache entry) (+3ms) (3414/4121)
09:05:09   ▶ /_astro/K1024_Unbenannt-31.DioRteVb_Q2c7l.webp (reused cache entry) (+2ms) (3415/4121)
09:05:09   ▶ /_astro/K1024_Unbenannt-38.BRcZyQNM_2bPACX.webp (reused cache entry) (+3ms) (3416/4121)
09:05:09   ▶ /_astro/ART_6340-Bearbeitet_thumb.MPbFu_5U_5hLsX.webp (reused cache entry) (+2ms) (3417/4121)
09:05:09   ▶ /_astro/K1024_Unbenannt-29.Nq06f8uw_18wPfD.webp (reused cache entry) (+2ms) (3418/4121)
09:05:09   ▶ /_astro/K1024_Unbenannt-43.F2QGC6zv_Z2vIVba.webp (reused cache entry) (+3ms) (3419/4121)
09:05:09   ▶ /_astro/K1024_Unbenannt-41.4VmDpdEH_Z2cK7jR.webp (reused cache entry) (+2ms) (3420/4121)
09:05:09   ▶ /_astro/K1024_Unbenannt-26.D0lqKVaM_ZkemzA.webp (reused cache entry) (+2ms) (3421/4121)
09:05:09   ▶ /_astro/ART_4701-HDR-Bearbeitet_web.9iJmGuE4_1JnBPi.webp (reused cache entry) (+3ms) (3422/4121)
09:05:09   ▶ /_astro/K1024_Unbenannt-37.B6gsi2jP_Z1zUP1N.webp (reused cache entry) (+3ms) (3423/4121)
09:05:09   ▶ /_astro/K1024_Unbenannt-28.G7FdAlq2_Z1WmVST.webp (reused cache entry) (+2ms) (3424/4121)
09:05:09   ▶ /_astro/K1024_Unbenannt-30.DPvMDMeX_ZsLjTO.webp (reused cache entry) (+2ms) (3425/4121)
09:05:09   ▶ /_astro/K1024_Unbenannt-48.C9yGsSx-_13vj4X.webp (reused cache entry) (+2ms) (3426/4121)
09:05:09   ▶ /_astro/K1024_Unbenannt-39.t_vIUDyI_Z21ME19.webp (reused cache entry) (+2ms) (3427/4121)
09:05:09   ▶ /_astro/K1024_Unbenannt-31.DioRteVb_Z1Cm0C.webp (reused cache entry) (+2ms) (3428/4121)
09:05:09   ▶ /_astro/wedel2-1.BLtAV6jl_2fQXzm.webp (reused cache entry) (+3ms) (3429/4121)
09:05:09   ▶ /_astro/K1024_Unbenannt-29.Nq06f8uw_2tUCmC.webp (reused cache entry) (+2ms) (3430/4121)
09:05:09   ▶ /_astro/K1024_Unbenannt-26.D0lqKVaM_1BRio4.webp (reused cache entry) (+2ms) (3431/4121)
09:05:09   ▶ /_astro/K1024_Unbenannt-41.4VmDpdEH_Qpnu1.webp (reused cache entry) (+2ms) (3432/4121)
09:05:09   ▶ /_astro/ART_4701-HDR-Bearbeitet_web.9iJmGuE4_Z1SkJEX.webp (reused cache entry) (+2ms) (3433/4121)
09:05:09   ▶ /_astro/K1024_Unbenannt-43.F2QGC6zv_Z28vrnP.webp (reused cache entry) (+2ms) (3434/4121)
09:05:09   ▶ /_astro/K1024_Unbenannt-45.ekHI2uJC_Z1E86Or.webp (reused cache entry) (+2ms) (3435/4121)
09:05:09   ▶ /_astro/K1024_Unbenannt-28.G7FdAlq2_ZggUf.webp (reused cache entry) (+2ms) (3436/4121)
09:05:09   ▶ /_astro/K1024_Unbenannt-39.t_vIUDyI_Z4FY2u.webp (reused cache entry) (+2ms) (3437/4121)
09:05:09   ▶ /_astro/K1024_Unbenannt-40.DaZSYIqW_ZIcpHE.webp (reused cache entry) (+2ms) (3438/4121)
09:05:09   ▶ /_astro/K1024_Unbenannt-48.C9yGsSx-_1ptyo6.webp (reused cache entry) (+2ms) (3439/4121)
09:05:09   ▶ /_astro/K1024_Unbenannt-30.DPvMDMeX_RBsca.webp (reused cache entry) (+2ms) (3440/4121)
09:05:09   ▶ /_astro/K1024_Unbenannt-47.C4lT9292_1Pib9R.webp (reused cache entry) (+2ms) (3441/4121)
09:05:09   ▶ /_astro/K1024_Unbenannt-46.B44qrH1Y_1Dckug.webp (reused cache entry) (+1ms) (3442/4121)
09:05:09   ▶ /_astro/ART_4701-HDR-Bearbeitet_web.9iJmGuE4_15nTb3.webp (reused cache entry) (+1ms) (3443/4121)
09:05:09   ▶ /_astro/K1024_Unbenannt-26.D0lqKVaM_Z26V3iS.webp (reused cache entry) (+2ms) (3444/4121)
09:05:09   ▶ /_astro/K1024_Unbenannt-29.Nq06f8uw_Z6Wsqk.webp (reused cache entry) (+2ms) (3445/4121)
09:05:09   ▶ /_astro/K1024_Unbenannt-49.DfUjHM5W_GskF2.webp (reused cache entry) (+2ms) (3446/4121)
09:05:09   ▶ /_astro/K1024_Unbenannt-45.ekHI2uJC_Z1i9Qvj.webp (reused cache entry) (+2ms) (3447/4121)
09:05:09   ▶ /_astro/K1024_Unbenannt-28.G7FdAlq2_1l7vbJ.webp (reused cache entry) (+2ms) (3448/4121)
09:05:09   ▶ /_astro/K1024_Unbenannt-39.t_vIUDyI_1gGN4u.webp (reused cache entry) (+2ms) (3449/4121)
09:05:09   ▶ /_astro/K1024_Unbenannt-40.DaZSYIqW_1dTfg0.webp (reused cache entry) (+2ms) (3450/4121)
09:05:09   ▶ /_astro/K1024_Unbenannt-48.C9yGsSx-_ZAx4AW.webp (reused cache entry) (+2ms) (3451/4121)
09:05:09   ▶ /_astro/K1024_Unbenannt-47.C4lT9292_1NONtY.webp (reused cache entry) (+2ms) (3452/4121)
09:05:09   ▶ /_astro/K1024_Unbenannt-46.B44qrH1Y_1BIWOn.webp (reused cache entry) (+2ms) (3453/4121)
09:05:09   ▶ /_astro/K1024_Unbenannt-30.DPvMDMeX_LhNqM.webp (reused cache entry) (+2ms) (3454/4121)
09:05:09   ▶ /_astro/K1024_Unbenannt-42.qpQ811xN_2rxCFo.webp (reused cache entry) (+2ms) (3455/4121)
09:05:09   ▶ /_astro/ART_4701-HDR-Bearbeitet_web.9iJmGuE4_Z1jN3C0.webp (reused cache entry) (+2ms) (3456/4121)
09:05:09   ▶ /_astro/K1024_Unbenannt-26.D0lqKVaM_Z2ijX0s.webp (reused cache entry) (+2ms) (3457/4121)
09:05:09   ▶ /_astro/K1024_Unbenannt-49.DfUjHM5W_13qzYa.webp (reused cache entry) (+2ms) (3458/4121)
09:05:09   ▶ /_astro/K1024_Unbenannt-45.ekHI2uJC_1L0Diz.webp (reused cache entry) (+2ms) (3459/4121)
09:05:09   ▶ /_astro/K1024_Unbenannt-28.G7FdAlq2_Z2ttQYd.webp (reused cache entry) (+2ms) (3460/4121)
09:05:09   ▶ /_astro/K1024_Unbenannt-40.DaZSYIqW_Z2uT6qW.webp (reused cache entry) (+2ms) (3461/4121)
09:05:09   ▶ /_astro/K1024_Unbenannt-36.DhVQrMTY_Z15IJcR.webp (reused cache entry) (+2ms) (3462/4121)
09:05:09   ▶ /_astro/K1024_Unbenannt-39.t_vIUDyI_Z2eA0TQ.webp (reused cache entry) (+2ms) (3463/4121)
09:05:09   ▶ /_astro/K1024_Unbenannt-42.qpQ811xN_2q5g0v.webp (reused cache entry) (+2ms) (3464/4121)
09:05:09   ▶ /_astro/K1024_Unbenannt-47.C4lT9292_215m23.webp (reused cache entry) (+2ms) (3465/4121)
09:05:09   ▶ /_astro/K1024_Unbenannt-46.B44qrH1Y_1NYvmr.webp (reused cache entry) (+2ms) (3466/4121)
09:05:09   ▶ /_astro/K1024_Unbenannt-30.DPvMDMeX_27ms4z.webp (reused cache entry) (+2ms) (3467/4121)
09:05:09   ▶ /_astro/K1024_Unbenannt-35.BxJhgZXA_Z1d5ckx.webp (reused cache entry) (+2ms) (3468/4121)
09:05:09   ▶ /_astro/ART_4701-HDR-Bearbeitet_web.9iJmGuE4_Z4k7O9.webp (reused cache entry) (+2ms) (3469/4121)
09:05:09   ▶ /_astro/K1024_Unbenannt-28.G7FdAlq2_12mOvz.webp (reused cache entry) (+2ms) (3470/4121)
09:05:09   ▶ /_astro/K1024_Unbenannt-44.bczhBsS1_ZzDAjC.webp (reused cache entry) (+2ms) (3471/4121)
09:05:09   ▶ /_astro/K1024_Unbenannt-49.DfUjHM5W_ZWA30S.webp (reused cache entry) (+2ms) (3472/4121)
09:05:09   ▶ /_astro/K1024_Unbenannt-36.DhVQrMTY_QmUKM.webp (reused cache entry) (+2ms) (3473/4121)
09:05:09   ▶ /_astro/K1024_Unbenannt-40.DaZSYIqW_Z2sKT45.webp (reused cache entry) (+2ms) (3474/4121)
09:05:09   ▶ /_astro/K1024_poel-2.CeLPLC02_22evDx.webp (reused cache entry) (+2ms) (3475/4121)
09:05:09   ▶ /_astro/K1024_Unbenannt-42.qpQ811xN_Z2rQkgm.webp (reused cache entry) (+2ms) (3476/4121)
09:05:09   ▶ /_astro/ART_1204.C5H8WNDF_ZgDjaD.webp (reused cache entry) (+2ms) (3477/4121)
09:05:09   ▶ /_astro/K1024_Unbenannt-46.B44qrH1Y_aSMoF.webp (reused cache entry) (+2ms) (3478/4121)
09:05:09   ▶ /_astro/K1024_Unbenannt-47.C4lT9292_1eETdx.webp (reused cache entry) (+2ms) (3479/4121)
09:05:09   ▶ /_astro/K1024_Unbenannt-35.BxJhgZXA_Z6Xpdt.webp (reused cache entry) (+2ms) (3480/4121)
09:05:09   ▶ /_astro/ART_3354_web_1.n3UBZbSv_Z1YxneT.webp (reused cache entry) (+2ms) (3481/4121)
09:05:09   ▶ /_astro/K1024_Unbenannt-28.G7FdAlq2_1itsM8.webp (reused cache entry) (+2ms) (3482/4121)
09:05:09   ▶ /_astro/K1024_Unbenannt-44.bczhBsS1_Z17zepm.webp (reused cache entry) (+2ms) (3483/4121)
09:05:09   ▶ /_astro/K1024_Unbenannt-24.Ba70DPr4_Z1CMHRp.webp (reused cache entry) (+2ms) (3484/4121)
09:05:09   ▶ /_astro/ART_4701-HDR-Bearbeitet_web.9iJmGuE4_1JFu1F.webp (reused cache entry) (+2ms) (3485/4121)
09:05:09   ▶ /_astro/K1024_Unbenannt-36.DhVQrMTY_2cKHRL.webp (reused cache entry) (+2ms) (3486/4121)
09:05:09   ▶ /_astro/ART_7017-Bearbeitet_web.D_-RYfl5_1H0sGJ.webp (reused cache entry) (+1ms) (3487/4121)
09:05:09   ▶ /_astro/ART_1204.C5H8WNDF_ZRoCSU.webp (reused cache entry) (+1ms) (3488/4121)
09:05:09   ▶ /_astro/K1024_Unbenannt-21.DmsMIEvp_HEiyV.webp (reused cache entry) (+2ms) (3489/4121)
09:05:09   ▶ /_astro/K1024_poel-2.CeLPLC02_tRGkp.webp (reused cache entry) (+2ms) (3490/4121)
09:05:09   ▶ /_astro/K1024_Unbenannt-42.qpQ811xN_ZagG1V.webp (reused cache entry) (+2ms) (3491/4121)
09:05:09   ▶ /_astro/K1024_Unbenannt-35.BxJhgZXA_1u8xkr.webp (reused cache entry) (+2ms) (3492/4121)
09:05:09   ▶ /_astro/ART_3354_web_1.n3UBZbSv_Z1eVnWJ.webp (reused cache entry) (+2ms) (3493/4121)
09:05:09   ▶ /_astro/K1024_Unbenannt-28.G7FdAlq2_9hwAO.webp (reused cache entry) (+2ms) (3494/4121)
09:05:09   ▶ /_astro/K1024_Unbenannt-24.Ba70DPr4_1uCimU.webp (reused cache entry) (+2ms) (3495/4121)
09:05:09   ▶ /_astro/K1024_Unbenannt-44.bczhBsS1_26H70e.webp (reused cache entry) (+2ms) (3496/4121)
09:05:09   ▶ /_astro/ART_7017-Bearbeitet_web.D_-RYfl5_1N834C.webp (reused cache entry) (+1ms) (3497/4121)
09:05:09   ▶ /_astro/K1024_Unbenannt-36.DhVQrMTY_1koC27.webp (reused cache entry) (+2ms) (3498/4121)
09:05:09   ▶ /_astro/ART_1204.C5H8WNDF_aBGih.webp (reused cache entry) (+2ms) (3499/4121)
09:05:09   ▶ /_astro/ART_4701-HDR-Bearbeitet_web.9iJmGuE4_x1spk.webp (reused cache entry) (+2ms) (3500/4121)
09:05:09   ▶ /_astro/K1024_Unbenannt-21.DmsMIEvp_ZSfg3y.webp (reused cache entry) (+2ms) (3501/4121)
09:05:09   ▶ /_astro/K1024_Unbenannt-2_web.dUq4aoB4_ZQgB9q.webp (reused cache entry) (+2ms) (3502/4121)
09:05:09   ▶ /_astro/K1024_poel-2.CeLPLC02_Z2chldn.webp (reused cache entry) (+2ms) (3503/4121)
09:05:09   ▶ /_astro/K1024_Unbenannt-25.BucByHwh_2qC8O9.webp (reused cache entry) (+2ms) (3504/4121)
09:05:09   ▶ /_astro/ART_3354_web_1.n3UBZbSv_Z1zN46w.webp (reused cache entry) (+2ms) (3505/4121)
09:05:09   ▶ /_astro/K1024_Unbenannt-35.BxJhgZXA_Z2rsora.webp (reused cache entry) (+2ms) (3506/4121)
09:05:09   ▶ /_astro/K1024_Unbenannt-17a.C3zI6bzG_Z1iefvO.webp (reused cache entry) (+2ms) (3507/4121)
09:05:09   ▶ /_astro/K1024_Unbenannt-24.Ba70DPr4_1m1hXR.webp (reused cache entry) (+2ms) (3508/4121)
09:05:09   ▶ /_astro/K1024_Ruegen-1.Cm2Gp3MB_12JRun.webp (reused cache entry) (+1ms) (3509/4121)
09:05:09   ▶ /_astro/ART_7017-Bearbeitet_web.D_-RYfl5_P0kbh.webp (reused cache entry) (+2ms) (3510/4121)
09:05:09   ▶ /_astro/schweirn-1_web.Dg_Lwxnj_1RxMrU.webp (reused cache entry) (+2ms) (3511/4121)
09:05:09   ▶ /_astro/K1024_Unbenannt-21.DmsMIEvp_ZFYHvu.webp (reused cache entry) (+2ms) (3512/4121)
09:05:09   ▶ /_astro/K1024_poel-2.CeLPLC02_Z7jYet.webp (reused cache entry) (+1ms) (3513/4121)
09:05:09   ▶ /_astro/K1024_Unbenannt-2_web.dUq4aoB4_Zz04fM.webp (reused cache entry) (+2ms) (3514/4121)
09:05:09   ▶ /_astro/ART_1204.C5H8WNDF_1MslAA.webp (reused cache entry) (+2ms) (3515/4121)
09:05:09   ▶ /_astro/K1024_Unbenannt-25.BucByHwh_OHzbE.webp (reused cache entry) (+1ms) (3516/4121)
09:05:09   ▶ /_astro/ART_3855-Bearbeitet_web_1.BFPnPhHM_5nL5R.webp (reused cache entry) (+1ms) (3517/4121)
09:05:09   ▶ /_astro/K1024_Unbenannt-24.Ba70DPr4_Z1lnXmq.webp (reused cache entry) (+1ms) (3518/4121)
09:05:09   ▶ /_astro/K1024_Unbenannt-17a.C3zI6bzG_Ihij1.webp (reused cache entry) (+2ms) (3519/4121)
09:05:09   ▶ /_astro/K1024_Ruegen-1.Cm2Gp3MB_1eLwqM.webp (reused cache entry) (+2ms) (3520/4121)
09:05:09   ▶ /_astro/ART_3354_web_1.n3UBZbSv_Z1Le3K8.webp (reused cache entry) (+2ms) (3521/4121)
09:05:09   ▶ /_astro/schweirn-1_web.Dg_Lwxnj_24zrok.webp (reused cache entry) (+2ms) (3522/4121)
09:05:09   ▶ /_astro/ART_7017-Bearbeitet_web.D_-RYfl5_WSIoV.webp (reused cache entry) (+2ms) (3523/4121)
09:05:09   ▶ /_astro/K1024_poel-2.CeLPLC02_Z1wwxdn.webp (reused cache entry) (+2ms) (3524/4121)
09:05:09   ▶ /_astro/K1024_Unbenannt-21.DmsMIEvp_1WeBuq.webp (reused cache entry) (+2ms) (3525/4121)
09:05:09   ▶ /_astro/K1024_Unbenannt-2_web.dUq4aoB4_ZyMbnV.webp (reused cache entry) (+2ms) (3526/4121)
09:05:09   ▶ /_astro/K1024_Unbenannt-25.BucByHwh_11X7II.webp (reused cache entry) (+2ms) (3527/4121)
09:05:09   ▶ /_astro/ART_1204.C5H8WNDF_1Fabek.webp (reused cache entry) (+2ms) (3528/4121)
09:05:09   ▶ /_astro/ART_3855-Bearbeitet_web_1.BFPnPhHM_ZDxxWG.webp (reused cache entry) (+2ms) (3529/4121)
09:05:09   ▶ /_astro/ART_7083-Bearbeitet_web.BSUI80I0_1pf9rL.webp (reused cache entry) (+2ms) (3530/4121)
09:05:09   ▶ /_astro/K1024_Ruegen-1.Cm2Gp3MB_mefQy.webp (reused cache entry) (+2ms) (3531/4121)
09:05:09   ▶ /_astro/K1024_Unbenannt-17a.C3zI6bzG_Z11QVdt.webp (reused cache entry) (+2ms) (3532/4121)
09:05:09   ▶ /_astro/schweirn-1_web.Dg_Lwxnj_1c2aO6.webp (reused cache entry) (+2ms) (3533/4121)
09:05:09   ▶ /_astro/ART_8206-Bearbeitet.DK8CVvbZ_ZRhlP2.webp (reused cache entry) (+2ms) (3534/4121)
09:05:09   ▶ /_astro/ART_3354_web_1.n3UBZbSv_1rv0wH.webp (reused cache entry) (+2ms) (3535/4121)
09:05:09   ▶ /_astro/DSC_4967.ChFqyRIo_ZObJWm.webp (reused cache entry) (+2ms) (3536/4121)
09:05:09   ▶ /_astro/K1024_poel-2.CeLPLC02_Z2aUNHh.webp (reused cache entry) (+2ms) (3537/4121)
09:05:09   ▶ /_astro/ART_0342-Bearbeitet-Bearbeitet-scaled.DB8wm_6y_ZxXrGi.webp (reused cache entry) (+2ms) (3538/4121)
09:05:09   ▶ /_astro/DSC_6240-Bearbeitet.CP2zZ72P_2anUHD.webp (reused cache entry) (+2ms) (3539/4121)
09:05:09   ▶ /_astro/K1024_Unbenannt-25.BucByHwh_ZD2ULf.webp (reused cache entry) (+2ms) (3540/4121)
09:05:09   ▶ /_astro/ART_7083-Bearbeitet_web.BSUI80I0_1vmIOE.webp (reused cache entry) (+2ms) (3541/4121)
09:05:09   ▶ /_astro/ART_3855-Bearbeitet_web_1.BFPnPhHM_1XdDe.webp (reused cache entry) (+2ms) (3542/4121)
09:05:09   ▶ /_astro/ART_7709-Pano.CombzN7w_gw95a.webp (reused cache entry) (+1ms) (3543/4121)
09:05:09   ▶ /_astro/K1024_Ruegen-1.Cm2Gp3MB_1a4FfU.webp (reused cache entry) (+2ms) (3544/4121)
09:05:09   ▶ /_astro/DSC_5764.Cfk1rFNa_ZW4VwX.webp (reused cache entry) (+1ms) (3545/4121)
09:05:09   ▶ /_astro/ART_8206-Bearbeitet.DK8CVvbZ_1fgxwH.webp (reused cache entry) (+1ms) (3546/4121)
09:05:09   ▶ /_astro/schweirn-1_web.Dg_Lwxnj_ziYeG.webp (reused cache entry) (+2ms) (3547/4121)
09:05:09   ▶ /_astro/K1024_poel-2.CeLPLC02_1zwyWX.webp (reused cache entry) (+2ms) (3548/4121)
09:05:09   ▶ /_astro/DSC_4967.ChFqyRIo_28OC17.webp (reused cache entry) (+2ms) (3549/4121)
09:05:09   ▶ /_astro/ART_0342-Bearbeitet-Bearbeitet-scaled.DB8wm_6y_15VIm7.webp (reused cache entry) (+2ms) (3550/4121)
09:05:09   ▶ /_astro/DSC_6240-Bearbeitet.CP2zZ72P_nK1zI.webp (reused cache entry) (+2ms) (3551/4121)
09:05:09   ▶ /_astro/DSC_5328.CW7ytL-2_Z2ahGWM.webp (reused cache entry) (+2ms) (3552/4121)
09:05:09   ▶ /_astro/ART_7709-Pano.CombzN7w_JRpDk.webp (reused cache entry) (+2ms) (3553/4121)
09:05:09   ▶ /_astro/ART_7083-Bearbeitet_web.BSUI80I0_xf0Vj.webp (reused cache entry) (+2ms) (3554/4121)
09:05:09   ▶ /_astro/ART_3855-Bearbeitet_web_1.BFPnPhHM_Z1VhvzL.webp (reused cache entry) (+2ms) (3555/4121)
09:05:09   ▶ /_astro/DSC_5002.Ca_8LbD7_uBHRe.webp (reused cache entry) (+2ms) (3556/4121)
09:05:09   ▶ /_astro/DSC_5764.Cfk1rFNa_1CaQMU.webp (reused cache entry) (+2ms) (3557/4121)
09:05:09   ▶ /_astro/ART_0300-scaled.DHEM4D2x_Z2jx7jY.webp (reused cache entry) (+1ms) (3558/4121)
09:05:09   ▶ /_astro/ART_8206-Bearbeitet.DK8CVvbZ_ZDl6wR.webp (reused cache entry) (+2ms) (3559/4121)
09:05:09   ▶ /_astro/schweirn-1_web.Dg_Lwxnj_kt0Qv.webp (reused cache entry) (+2ms) (3560/4121)
09:05:09   ▶ /_astro/ART_0342-Bearbeitet-Bearbeitet-scaled.DB8wm_6y_Z16mmw4.webp (reused cache entry) (+2ms) (3561/4121)
09:05:09   ▶ /_astro/DSC_6240-Bearbeitet.CP2zZ72P_1X1dC7.webp (reused cache entry) (+2ms) (3562/4121)
09:05:09   ▶ /_astro/DSC_4967.ChFqyRIo_ZesylQ.webp (reused cache entry) (+2ms) (3563/4121)
09:05:09   ▶ /_astro/DSC_5328.CW7ytL-2_2nYgOz.webp (reused cache entry) (+2ms) (3564/4121)
09:05:09   ▶ /_astro/DSC_4999.BRN43fmk_Z2ak1v4.webp (reused cache entry) (+2ms) (3565/4121)
09:05:09   ▶ /_astro/ART_7709-Pano.CombzN7w_16ltWn.webp (reused cache entry) (+3ms) (3566/4121)
09:05:09   ▶ /_astro/ART_7083-Bearbeitet_web.BSUI80I0_F8p9X.webp (reused cache entry) (+2ms) (3567/4121)
09:05:09   ▶ /_astro/DSC_5002.Ca_8LbD7_Z20jBAO.webp (reused cache entry) (+2ms) (3568/4121)
09:05:09   ▶ /_astro/DSC_5764.Cfk1rFNa_2sM5ts.webp (reused cache entry) (+2ms) (3569/4121)
09:05:09   ▶ /_astro/bir-eiffel.BL8GUyCY_1QRSFs.webp (reused cache entry) (+2ms) (3570/4121)
09:05:09   ▶ /_astro/ART_0300-scaled.DHEM4D2x_Zw9HH9.webp (reused cache entry) (+3ms) (3571/4121)
09:05:09   ▶ /_astro/ART_8206-Bearbeitet.DK8CVvbZ_Zpil8T.webp (reused cache entry) (+3ms) (3572/4121)
09:05:09   ▶ /_astro/DSC_4967.ChFqyRIo_2jg79u.webp (reused cache entry) (+2ms) (3573/4121)
09:05:09   ▶ /_astro/ART_0342-Bearbeitet-Bearbeitet-scaled.DB8wm_6y_LHs61.webp (reused cache entry) (+2ms) (3574/4121)
09:05:09   ▶ /_astro/DSC_6240-Bearbeitet.CP2zZ72P_hSlr0.webp (reused cache entry) (+2ms) (3575/4121)
09:05:09   ▶ /_astro/DSC_4999.BRN43fmk_oULOO.webp (reused cache entry) (+2ms) (3576/4121)
09:05:09   ▶ /_astro/ART_8202-Bearbeitet.HfCksCw3_exMSF.webp (reused cache entry) (+2ms) (3577/4121)
09:05:09   ▶ /_astro/ART_7709-Pano.CombzN7w_EuB8l.webp (reused cache entry) (+2ms) (3578/4121)
09:05:09   ▶ /_astro/DSC_5328.CW7ytL-2_Zo5LQ3.webp (reused cache entry) (+3ms) (3579/4121)
09:05:09   ▶ /_astro/DSC_5002.Ca_8LbD7_Z19HnUh.webp (reused cache entry) (+2ms) (3580/4121)
09:05:09   ▶ /_astro/DSC_5764.Cfk1rFNa_G4woX.webp (reused cache entry) (+2ms) (3581/4121)
09:05:09   ▶ /_astro/bir-eiffel.BL8GUyCY_Z8dy7h.webp (reused cache entry) (+2ms) (3582/4121)
09:05:09   ▶ /_astro/ART_0300-scaled.DHEM4D2x_Z7aIIg.webp (reused cache entry) (+2ms) (3583/4121)
09:05:09   ▶ /_astro/DSC_4967.ChFqyRIo_ZbFdjy.webp (reused cache entry) (+2ms) (3584/4121)
09:05:09   ▶ /_astro/ART_8206-Bearbeitet.DK8CVvbZ_2bvbGE.webp (reused cache entry) (+2ms) (3585/4121)
09:05:09   ▶ /_astro/ART_0342-Bearbeitet-Bearbeitet-scaled.DB8wm_6y_1638Ur.webp (reused cache entry) (+2ms) (3586/4121)
09:05:09   ▶ /_astro/ART_8095-HDR-Bearbeitet.C0qOz9_V_Z1CtWat.webp (reused cache entry) (+2ms) (3587/4121)
09:05:09   ▶ /_astro/DSC_6240-Bearbeitet.CP2zZ72P_ZUoW9h.webp (reused cache entry) (+3ms) (3588/4121)
09:05:09   ▶ /_astro/DSC_4999.BRN43fmk_1fx0vm.webp (reused cache entry) (+2ms) (3589/4121)
09:05:09   ▶ /_astro/ART_8202-Bearbeitet.HfCksCw3_2g4lIv.webp (reused cache entry) (+3ms) (3590/4121)
09:05:09   ▶ /_astro/DSC_5328.CW7ytL-2_Z1fPpmn.webp (reused cache entry) (+3ms) (3591/4121)
09:05:09   ▶ /_astro/DSC_5002.Ca_8LbD7_Z2e9l.webp (reused cache entry) (+3ms) (3592/4121)
09:05:09   ▶ /_astro/DSC_5764.Cfk1rFNa_9NrqB.webp (reused cache entry) (+2ms) (3593/4121)
09:05:09   ▶ /_astro/bir-eiffel.BL8GUyCY_1FJ3KX.webp (reused cache entry) (+2ms) (3594/4121)
09:05:09   ▶ /_astro/turm1.CR24rROD_Z22azfA.webp (reused cache entry) (+2ms) (3595/4121)
09:05:09   ▶ /_astro/ART_0300-scaled.DHEM4D2x_Z2sLpIp.webp (reused cache entry) (+3ms) (3596/4121)
09:05:09   ▶ /_astro/DSC_4967.ChFqyRIo_DV0lY.webp (reused cache entry) (+3ms) (3597/4121)
09:05:09   ▶ /_astro/ART_8206-Bearbeitet.DK8CVvbZ_1pWDyM.webp (reused cache entry) (+2ms) (3598/4121)
09:05:09   ▶ /_astro/ART_7987.DfM039zi_ZiGnRR.webp (reused cache entry) (+2ms) (3599/4121)
09:05:09   ▶ /_astro/ART_8095-HDR-Bearbeitet.C0qOz9_V_Z2voBiB.webp (reused cache entry) (+2ms) (3600/4121)
09:05:09   ▶ /_astro/ART_0288-Bearbeitet-scaled.ks2llsoy_Z55Cue.webp (reused cache entry) (+2ms) (3601/4121)
09:05:09   ▶ /_astro/DSC_4999.BRN43fmk_Z1rbXSx.webp (reused cache entry) (+3ms) (3602/4121)
09:05:09   ▶ /_astro/DSC_4968.BPgaKIeM_Zfhr5X.webp (reused cache entry) (+2ms) (3603/4121)
09:05:09   ▶ /_astro/ART_8202-Bearbeitet.HfCksCw3_21u96d.webp (reused cache entry) (+3ms) (3604/4121)
09:05:09   ▶ /_astro/DSC_5002.Ca_8LbD7_Zwij7H.webp (reused cache entry) (+2ms) (3605/4121)
09:05:09   ▶ /_astro/turm1.CR24rROD_ZrOpOU.webp (reused cache entry) (+2ms) (3606/4121)
09:05:09   ▶ /_astro/bir-eiffel.BL8GUyCY_Zdz0jg.webp (reused cache entry) (+3ms) (3607/4121)
09:05:09   ▶ /_astro/ART_7925-Bearbeitet.Dbu__ATR_IlXda.webp (reused cache entry) (+2ms) (3608/4121)
09:05:09   ▶ /_astro/DSC_4967.ChFqyRIo_hMvBv.webp (reused cache entry) (+2ms) (3609/4121)
09:05:09   ▶ /_astro/ART_7987.DfM039zi_28YsD4.webp (reused cache entry) (+3ms) (3610/4121)
09:05:09   ▶ /_astro/ART_8095-HDR-Bearbeitet.C0qOz9_V_ZFH4G2.webp (reused cache entry) (+3ms) (3611/4121)
09:05:09   ▶ /_astro/ART_8206-Bearbeitet.DK8CVvbZ_o002c.webp (reused cache entry) (+3ms) (3612/4121)
09:05:09   ▶ /_astro/ART_0288-Bearbeitet-scaled.ks2llsoy_HGMIh.webp (reused cache entry) (+3ms) (3613/4121)
09:05:09   ▶ /_astro/DSC_4968.BPgaKIeM_2jXmeU.webp (reused cache entry) (+3ms) (3614/4121)
09:05:09   ▶ /_astro/ART_7676.GGQyn4dh_Z1WN9js.webp (reused cache entry) (+2ms) (3615/4121)
09:05:09   ▶ /_astro/DSC_4999.BRN43fmk_Z1Xs3QT.webp (reused cache entry) (+3ms) (3616/4121)
09:05:09   ▶ /_astro/ART_7648.Dswim0WA_11Jlfr.webp (reused cache entry) (+2ms) (3617/4121)
09:05:09   ▶ /_astro/ART_8202-Bearbeitet.HfCksCw3_Z2bNNaA.webp (reused cache entry) (+3ms) (3618/4121)
09:05:09   ▶ /_astro/turm1.CR24rROD_ZrkAmX.webp (reused cache entry) (+3ms) (3619/4121)
09:05:09   ▶ /_astro/DSC_4967.ChFqyRIo_2kPAKp.webp (reused cache entry) (+2ms) (3620/4121)
09:05:09   ▶ /_astro/ART_8095-HDR-Bearbeitet.C0qOz9_V_ZJFQY.webp (reused cache entry) (+2ms) (3621/4121)
09:05:09   ▶ /_astro/ART_7925-Bearbeitet.Dbu__ATR_Z2kjBKV.webp (reused cache entry) (+3ms) (3622/4121)
09:05:09   ▶ /_astro/ART_7987.DfM039zi_Z2fe6Ja.webp (reused cache entry) (+2ms) (3623/4121)
09:05:09   ▶ /_astro/ART_0288-Bearbeitet-scaled.ks2llsoy_1cQWbP.webp (reused cache entry) (+3ms) (3624/4121)
09:05:09   ▶ /_astro/DSC_4968.BPgaKIeM_Z1TBxSt.webp (reused cache entry) (+2ms) (3625/4121)
09:05:09   ▶ /_astro/ART_7676.GGQyn4dh_tRHct.webp (reused cache entry) (+2ms) (3626/4121)
09:05:09   ▶ /_astro/ART_8206-Bearbeitet.DK8CVvbZ_Z1YMGQt.webp (reused cache entry) (+3ms) (3627/4121)
09:05:09   ▶ /_astro/ART_0282-Bearbeitet-scaled.DP-X7_oM_1VWMmN.webp (reused cache entry) (+3ms) (3628/4121)
09:05:09   ▶ /_astro/ART_7648.Dswim0WA_ZgRFyj.webp (reused cache entry) (+3ms) (3629/4121)
09:05:09   ▶ /_astro/ART_0334-Bearbeitet-scaled.BXxTIdxz_1aqUI1.webp (reused cache entry) (+3ms) (3630/4121)
09:05:09   ▶ /_astro/DSC_4967.ChFqyRIo_a1QEc.webp (reused cache entry) (+2ms) (3631/4121)
09:05:09   ▶ /_astro/turm1.CR24rROD_ZsMniF.webp (reused cache entry) (+3ms) (3632/4121)
09:05:09   ▶ /_astro/ART_7987.DfM039zi_1Xdoyr.webp (reused cache entry) (+2ms) (3633/4121)
09:05:09   ▶ /_astro/ART_8095-HDR-Bearbeitet.C0qOz9_V_Z1PSYjS.webp (reused cache entry) (+3ms) (3634/4121)
09:05:09   ▶ /_astro/ART_0288-Bearbeitet-scaled.ks2llsoy_n9CdQ.webp (reused cache entry) (+2ms) (3635/4121)
09:05:09   ▶ /_astro/ART_7925-Bearbeitet.Dbu__ATR_2vijpH.webp (reused cache entry) (+3ms) (3636/4121)
09:05:09   ▶ /_astro/DSC_4968.BPgaKIeM_25UpQe.webp (reused cache entry) (+2ms) (3637/4121)
09:05:09   ▶ /_astro/ART_0282-Bearbeitet-scaled.DP-X7_oM_Z2kXeQ4.webp (reused cache entry) (+2ms) (3638/4121)
09:05:09   ▶ /_astro/ART_8436-HDR.DejdJ39e_4oTHD.webp (reused cache entry) (+2ms) (3639/4121)
09:05:09   ▶ /_astro/ART_7676.GGQyn4dh_sYyxH.webp (reused cache entry) (+3ms) (3640/4121)
09:05:09   ▶ /_astro/ART_8179-Bearbeitet.CYyaC0Hh_1sRbNr.webp (reused cache entry) (+2ms) (3641/4121)
09:05:09   ▶ /_astro/DSC_4967.ChFqyRIo_1QzLd9.webp (reused cache entry) (+2ms) (3642/4121)
09:05:09   ▶ /_astro/ART_7648.Dswim0WA_L8DCS.webp (reused cache entry) (+3ms) (3643/4121)
09:05:09   ▶ /_astro/ART_0334-Bearbeitet-scaled.BXxTIdxz_1XelVw.webp (reused cache entry) (+3ms) (3644/4121)
09:05:09   ▶ /_astro/ART_8249-Bearbeitet.C748NjXQ_Znf4I2.webp (reused cache entry) (+2ms) (3645/4121)
09:05:09   ▶ /_astro/ART_8268.BCa4Igxb_Z14ukIG.webp (reused cache entry) (+2ms) (3646/4121)
09:05:09   ▶ /_astro/ART_8279.DieDdSMR_Hdka2.webp (reused cache entry) (+2ms) (3647/4121)
09:05:09   ▶ /_astro/ART_0282-Bearbeitet-scaled.DP-X7_oM_Z1XpFE7.webp (reused cache entry) (+2ms) (3648/4121)
09:05:09   ▶ /_astro/DSC_4968.BPgaKIeM_1yEkRR.webp (reused cache entry) (+2ms) (3649/4121)
09:05:09   ▶ /_astro/ART_7925-Bearbeitet.Dbu__ATR_Z1H0CQ6.webp (reused cache entry) (+3ms) (3650/4121)
09:05:09   ▶ /_astro/ART_8436-HDR.DejdJ39e_BxEeF.webp (reused cache entry) (+2ms) (3651/4121)
09:05:09   ▶ /_astro/ART_7676.GGQyn4dh_ZScEwr.webp (reused cache entry) (+3ms) (3652/4121)
09:05:09   ▶ /_astro/DSC_4967.ChFqyRIo_B9JIv.webp (reused cache entry) (+2ms) (3653/4121)
09:05:09   ▶ /_astro/ART_8179-Bearbeitet.CYyaC0Hh_1KfILD.webp (reused cache entry) (+2ms) (3654/4121)
09:05:09   ▶ /_astro/ART_7648.Dswim0WA_TpME.webp (reused cache entry) (+3ms) (3655/4121)
09:05:09   ▶ /_astro/ART_8268.BCa4Igxb_Z2n7mxr.webp (reused cache entry) (+2ms) (3656/4121)
09:05:09   ▶ /_astro/ART_8249-Bearbeitet.C748NjXQ_1Dgt6N.webp (reused cache entry) (+3ms) (3657/4121)
09:05:09   ▶ /_astro/ART_0334-Bearbeitet-scaled.BXxTIdxz_2sovp5.webp (reused cache entry) (+3ms) (3658/4121)
09:05:09   ▶ /_astro/ART_8279.DieDdSMR_Z1UhW7X.webp (reused cache entry) (+3ms) (3659/4121)
09:05:09   ▶ /_astro/ART_8298.CmDyG6Do_2bNYMF.webp (reused cache entry) (+2ms) (3660/4121)
09:05:09   ▶ /_astro/ART_0282-Bearbeitet-scaled.DP-X7_oM_sPAiG.webp (reused cache entry) (+3ms) (3661/4121)
09:05:09   ▶ /_astro/ART_8292-Bearbeitet.DWfrv-Sj_Z198IYy.webp (reused cache entry) (+3ms) (3662/4121)
09:05:09   ▶ /_astro/ART_8339-Bearbeitet.y7tHWlf6_Z29FpFJ.webp (reused cache entry) (+2ms) (3663/4121)
09:05:09   ▶ /_astro/ART_8321-Bearbeitet.CHcR34_S_Z2o1uRw.webp (reused cache entry) (+2ms) (3664/4121)
09:05:09   ▶ /_astro/ART_8436-HDR.DejdJ39e_Z1PC0F.webp (reused cache entry) (+3ms) (3665/4121)
09:05:09   ▶ /_astro/ART_8179-Bearbeitet.CYyaC0Hh_Z8lUhV.webp (reused cache entry) (+3ms) (3666/4121)
09:05:09   ▶ /_astro/ART_8268.BCa4Igxb_Z1k62lf.webp (reused cache entry) (+2ms) (3667/4121)
09:05:09   ▶ /_astro/ART_7648.Dswim0WA_Z29CQuD.webp (reused cache entry) (+2ms) (3668/4121)
09:05:09   ▶ /_astro/ART_8249-Bearbeitet.C748NjXQ_1oGgtv.webp (reused cache entry) (+2ms) (3669/4121)
09:05:09   ▶ /_astro/ART_8298.CmDyG6Do_SbWXU.webp (reused cache entry) (+2ms) (3670/4121)
09:05:09   ▶ /_astro/ART_0334-Bearbeitet-scaled.BXxTIdxz_1CGbr6.webp (reused cache entry) (+3ms) (3671/4121)
09:05:09   ▶ /_astro/ART_8347.Hkp0tPmL_Zkx6g2.webp (reused cache entry) (+2ms) (3672/4121)
09:05:09   ▶ /_astro/ART_8279.DieDdSMR_Z1ejnGg.webp (reused cache entry) (+2ms) (3673/4121)
09:05:09   ▶ /_astro/ART_8436-HDR.DejdJ39e_Z259Aan.webp (reused cache entry) (+2ms) (3674/4121)
09:05:09   ▶ /_astro/ART_8339-Bearbeitet.y7tHWlf6_Z27vj0.webp (reused cache entry) (+3ms) (3675/4121)
09:05:09   ▶ /_astro/ART_8321-Bearbeitet.CHcR34_S_Z26CWTk.webp (reused cache entry) (+2ms) (3676/4121)
09:05:09   ▶ /_astro/ART_8292-Bearbeitet.DWfrv-Sj_RmNPh.webp (reused cache entry) (+3ms) (3677/4121)
09:05:09   ▶ /_astro/ART_8373-1.C1N-PnED_1szePh.webp (reused cache entry) (+2ms) (3678/4121)
09:05:09   ▶ /_astro/ART_8268.BCa4Igxb_W1WRJ.webp (reused cache entry) (+3ms) (3679/4121)
09:05:09   ▶ /_astro/ART_8179-Bearbeitet.CYyaC0Hh_4FUYg.webp (reused cache entry) (+3ms) (3680/4121)
09:05:09   ▶ /_astro/ART_8249-Bearbeitet.C748NjXQ_2gzs1D.webp (reused cache entry) (+2ms) (3681/4121)
09:05:09   ▶ /_astro/ART_8298.CmDyG6Do_1Vdib7.webp (reused cache entry) (+2ms) (3682/4121)
09:05:09   ▶ /_astro/ART_8385-1.2fOOFK6w_2rSvFz.webp (reused cache entry) (+2ms) (3683/4121)
09:05:09   ▶ /_astro/ART_8347.Hkp0tPmL_Z1Da84M.webp (reused cache entry) (+2ms) (3684/4121)
09:05:09   ▶ /_astro/ART_8436-HDR.DejdJ39e_1zOYEE.webp (reused cache entry) (+2ms) (3685/4121)
09:05:09   ▶ /_astro/ART_8279.DieDdSMR_Z2641cA.webp (reused cache entry) (+3ms) (3686/4121)
09:05:09   ▶ /_astro/ART_8339-Bearbeitet.y7tHWlf6_Z1UJanz.webp (reused cache entry) (+2ms) (3687/4121)
09:05:09   ▶ /_astro/ART_8321-Bearbeitet.CHcR34_S_14VvP2.webp (reused cache entry) (+3ms) (3688/4121)
09:05:09   ▶ /_astro/ART_8373-1.C1N-PnED_sXipj.webp (reused cache entry) (+2ms) (3689/4121)
09:05:09   ▶ /_astro/ART_8292-Bearbeitet.DWfrv-Sj_CMBcY.webp (reused cache entry) (+3ms) (3690/4121)
09:05:09   ▶ /_astro/ART_8268.BCa4Igxb_Z1dvjpy.webp (reused cache entry) (+2ms) (3691/4121)
09:05:09   ▶ /_astro/ART_8386.DQ8blRms_2a3c2J.webp (reused cache entry) (+2ms) (3692/4121)
09:05:09   ▶ /_astro/ART_8179-Bearbeitet.CYyaC0Hh_Z1kxNjV.webp (reused cache entry) (+3ms) (3693/4121)
09:05:09   ▶ /_astro/ART_8298.CmDyG6Do_wRuWe.webp (reused cache entry) (+3ms) (3694/4121)
09:05:09   ▶ /_astro/ART_8385-1.2fOOFK6w_Z1yE8P6.webp (reused cache entry) (+3ms) (3695/4121)
09:05:09   ▶ /_astro/ART_8387-Bearbeitet.BwP98ggD_2vu5mh.webp (reused cache entry) (+2ms) (3696/4121)
09:05:09   ▶ /_astro/ART_8347.Hkp0tPmL_ZA8MRA.webp (reused cache entry) (+3ms) (3697/4121)
09:05:09   ▶ /_astro/ART_8436-HDR.DejdJ39e_VqIaK.webp (reused cache entry) (+3ms) (3698/4121)
09:05:09   ▶ /_astro/ART_8339-Bearbeitet.y7tHWlf6_q3Q7I.webp (reused cache entry) (+3ms) (3699/4121)
09:05:09   ▶ /_astro/ART_8399.BM7Wrgzg_Z2MFxf.webp (reused cache entry) (+2ms) (3700/4121)
09:05:09   ▶ /_astro/ART_8373-1.C1N-PnED_1B2M6A.webp (reused cache entry) (+3ms) (3701/4121)
09:05:09   ▶ /_astro/ART_8321-Bearbeitet.CHcR34_S_2eEHiH.webp (reused cache entry) (+3ms) (3702/4121)
09:05:09   ▶ /_astro/ART_8402-1.zrfMYjFC_ZjHax5.webp (reused cache entry) (+2ms) (3703/4121)
09:05:09   ▶ /_astro/ART_8386.DQ8blRms_Zss5fg.webp (reused cache entry) (+3ms) (3704/4121)
09:05:09   ▶ /_astro/ART_8292-Bearbeitet.DWfrv-Sj_1uFMK7.webp (reused cache entry) (+3ms) (3705/4121)
09:05:09   ▶ /_astro/ART_8298.CmDyG6Do_Z1CELl4.webp (reused cache entry) (+3ms) (3706/4121)
09:05:09   ▶ /_astro/ART_8387-Bearbeitet.BwP98ggD_Z2hjvts.webp (reused cache entry) (+3ms) (3707/4121)
09:05:09   ▶ /_astro/ART_8385-1.2fOOFK6w_Z1VCvTT.webp (reused cache entry) (+3ms) (3708/4121)
09:05:09   ▶ /_astro/ART_8347.Hkp0tPmL_Z1CmoDB.webp (reused cache entry) (+3ms) (3709/4121)
09:05:09   ▶ /_astro/ART_8436-HDR.DejdJ39e_Z1Arp0U.webp (reused cache entry) (+3ms) (3710/4121)
09:05:09   ▶ /_astro/ART_8399.BM7Wrgzg_Z1lpHm0.webp (reused cache entry) (+2ms) (3711/4121)
09:05:09   ▶ /_astro/ART_8339-Bearbeitet.y7tHWlf6_Z23nO2l.webp (reused cache entry) (+3ms) (3712/4121)
09:05:09   ▶ /_astro/ART_8321-Bearbeitet.CHcR34_S_OpWYv.webp (reused cache entry) (+3ms) (3713/4121)
09:05:09   ▶ /_astro/ART_8373-1.C1N-PnED_PFJBi.webp (reused cache entry) (+3ms) (3714/4121)
09:05:09   ▶ /_astro/ART_8402-1.zrfMYjFC_Z1jj6X3.webp (reused cache entry) (+2ms) (3715/4121)
09:05:09   ▶ /_astro/ART_8386.DQ8blRms_dvtbr.webp (reused cache entry) (+2ms) (3716/4121)
09:05:09   ▶ /_astro/ART_8412.Bg1Yzjv8_26ASJK.webp (reused cache entry) (+2ms) (3717/4121)
09:05:09   ▶ /_astro/ART_8413-HDR-Bearbeitet.CIR4VLfR_FpGFP.webp (reused cache entry) (+2ms) (3718/4121)
09:05:09   ▶ /_astro/ART_8387-Bearbeitet.BwP98ggD_TfXfT.webp (reused cache entry) (+2ms) (3719/4121)
09:05:09   ▶ /_astro/ART_8385-1.2fOOFK6w_1UcHNg.webp (reused cache entry) (+2ms) (3720/4121)
09:05:09   ▶ /_astro/ART_8436-HDR.DejdJ39e_Zni1WV.webp (reused cache entry) (+2ms) (3721/4121)
09:05:09   ▶ /_astro/ART_8347.Hkp0tPmL_1hhrR2.webp (reused cache entry) (+2ms) (3722/4121)
09:05:09   ▶ /_astro/ART_8418.BDVfBwJi_Z2nEfbL.webp (reused cache entry) (+2ms) (3723/4121)
09:05:09   ▶ /_astro/ART_8421.S9eOUTru_WOGCt.webp (reused cache entry) (+2ms) (3724/4121)
09:05:09   ▶ /_astro/ART_8399.BM7Wrgzg_Zion9N.webp (reused cache entry) (+2ms) (3725/4121)
09:05:09   ▶ /_astro/ART_8373-1.C1N-PnED_Z1lepqH.webp (reused cache entry) (+2ms) (3726/4121)
09:05:09   ▶ /_astro/ART_8386.DQ8blRms_ZDe9jS.webp (reused cache entry) (+2ms) (3727/4121)
09:05:09   ▶ /_astro/ART_8412.Bg1Yzjv8_MXQV0.webp (reused cache entry) (+2ms) (3728/4121)
09:05:09   ▶ /_astro/ART_8402-1.zrfMYjFC_ZbeCgL.webp (reused cache entry) (+2ms) (3729/4121)
09:05:09   ▶ /_astro/ART_8436-HDR.DejdJ39e_2eeg9y.webp (reused cache entry) (+2ms) (3730/4121)
09:05:09   ▶ /_astro/ART_8413-HDR-Bearbeitet.CIR4VLfR_ZoHBWr.webp (reused cache entry) (+2ms) (3731/4121)
09:05:09   ▶ /_astro/nrathaus2.4EluSi-I_YhXwB.webp (reused cache entry) (+2ms) (3732/4121)
09:05:09   ▶ /_astro/ART_3528-HDR_print.BDPdR9hl_Z22hB7f.webp (reused cache entry) (+2ms) (3733/4121)
09:05:09   ▶ /_astro/ART_8387-Bearbeitet.BwP98ggD_1SJMgz.webp (reused cache entry) (+2ms) (3734/4121)
09:05:09   ▶ /_astro/ART_8418.BDVfBwJi_1nTQNp.webp (reused cache entry) (+2ms) (3735/4121)
09:05:09   ▶ /_astro/nordleb.BJcfPOVL_aE0zU.webp (reused cache entry) (+1ms) (3736/4121)
09:05:09   ▶ /_astro/ART_8421.S9eOUTru_Z1EFzEw.webp (reused cache entry) (+2ms) (3737/4121)
09:05:09   ▶ /_astro/ART_8399.BM7Wrgzg_2ivvLQ.webp (reused cache entry) (+2ms) (3738/4121)
09:05:09   ▶ /_astro/Rathaus-2.BkAs7D3M_1jDLkT.webp (reused cache entry) (+2ms) (3739/4121)
09:05:09   ▶ /_astro/ART_8412.Bg1Yzjv8_1Q0c8c.webp (reused cache entry) (+2ms) (3740/4121)
09:05:09   ▶ /_astro/ART_8436-HDR.DejdJ39e_Z1s3Fr3.webp (reused cache entry) (+2ms) (3741/4121)
09:05:09   ▶ /_astro/ART_8402-1.zrfMYjFC_1f1qJo.webp (reused cache entry) (+2ms) (3742/4121)
09:05:09   ▶ /_astro/nrathaus2.4EluSi-I_2emgxl.webp (reused cache entry) (+2ms) (3743/4121)
09:05:09   ▶ /_astro/ART_8413-HDR-Bearbeitet.CIR4VLfR_1pXTE8.webp (reused cache entry) (+2ms) (3744/4121)
09:05:09   ▶ /_astro/ART_3528-HDR_print.BDPdR9hl_j0rnp.webp (reused cache entry) (+2ms) (3745/4121)
09:05:09   ▶ /_astro/ART_8418.BDVfBwJi_2qVc0B.webp (reused cache entry) (+2ms) (3746/4121)
09:05:09   ▶ /_astro/nordleb.BJcfPOVL_Z1H0ycq.webp (reused cache entry) (+2ms) (3747/4121)
09:05:09   ▶ /_astro/ART_8387-Bearbeitet.BwP98ggD_tv2Wn.webp (reused cache entry) (+2ms) (3748/4121)
09:05:09   ▶ /_astro/ART_8421.S9eOUTru_ZXH1dO.webp (reused cache entry) (+2ms) (3749/4121)
09:05:09   ▶ /_astro/Rathaus-2.BkAs7D3M_28Jm2u.webp (reused cache entry) (+2ms) (3750/4121)
09:05:09   ▶ /_astro/ART_8399.BM7Wrgzg_7Xety.webp (reused cache entry) (+2ms) (3751/4121)
09:05:09   ▶ /_astro/ART_8412.Bg1Yzjv8_Z26Lywe.webp (reused cache entry) (+2ms) (3752/4121)
09:05:09   ▶ /_astro/ART_8436-HDR.DejdJ39e_aLpv4.webp (reused cache entry) (+8ms) (3753/4121)
09:05:09   ▶ /_astro/nrathaus2.4EluSi-I_1dw6La.webp (reused cache entry) (+8ms) (3754/4121)
09:05:09   ▶ /_astro/ART_8402-1.zrfMYjFC_ZVSIiB.webp (reused cache entry) (+8ms) (3755/4121)
09:05:09   ▶ /_astro/ART_8413-HDR-Bearbeitet.CIR4VLfR_ZHYSK3.webp (reused cache entry) (+8ms) (3756/4121)
09:05:09   ▶ /_astro/ART_3528-HDR_print.BDPdR9hl_Z1gb42T.webp (reused cache entry) (+8ms) (3757/4121)
09:05:09   ▶ /_astro/ART_8418.BDVfBwJi_SzV9F.webp (reused cache entry) (+8ms) (3758/4121)
09:05:09   ▶ /_astro/ART_1881-HDR-Bearbeitet.C83anFRq_Z18Mwf9.webp (reused cache entry) (+8ms) (3759/4121)
09:05:09   ▶ /_astro/nordleb.BJcfPOVL_ZJUWzl.webp (reused cache entry) (+8ms) (3760/4121)
09:05:09   ▶ /_astro/ART_1649-Bearbeitet.Boz43yG6_21RxzD.webp (reused cache entry) (+8ms) (3761/4121)
09:05:09   ▶ /_astro/ART_8421.S9eOUTru_Z1PrDJ9.webp (reused cache entry) (+8ms) (3762/4121)
09:05:09   ▶ /_astro/ART_1608-Bearbeitet-Bearbeitet.D9tZANU6_Z1kTdV9.webp (reused cache entry) (+2ms) (3763/4121)
09:05:09   ▶ /_astro/Rathaus-2.BkAs7D3M_5SIgV.webp (reused cache entry) (+8ms) (3764/4121)
09:05:09   ▶ /_astro/K1600_laseu.BsEz58Ns_Z17UDWA.webp (reused cache entry) (+2ms) (3765/4121)
09:05:09   ▶ /_astro/ART_8412.Bg1Yzjv8_MRhYp.webp (reused cache entry) (+9ms) (3766/4121)
09:05:09   ▶ /_astro/nrathaus2.4EluSi-I_ZOVtL0.webp (reused cache entry) (+3ms) (3767/4121)
09:05:09   ▶ /_astro/ART_3528-HDR_print.BDPdR9hl_1eMkVH.webp (reused cache entry) (+2ms) (3768/4121)
09:05:09   ▶ /_astro/ART_1881-HDR-Bearbeitet.C83anFRq_Z1ACyEI.webp (reused cache entry) (+2ms) (3769/4121)
09:05:09   ▶ /_astro/ART_8413-HDR-Bearbeitet.CIR4VLfR_Z1qgBNV.webp (reused cache entry) (+3ms) (3770/4121)
09:05:09   ▶ /_astro/ART_8418.BDVfBwJi_Z1gWl8C.webp (reused cache entry) (+3ms) (3771/4121)
09:05:09   ▶ /_astro/K1600_klippen.1Gagz3au_PO8zz.webp (reused cache entry) (+4ms) (3772/4121)
09:05:09   ▶ /_astro/nordleb.BJcfPOVL_gsqxu.webp (reused cache entry) (+4ms) (3773/4121)
09:05:09   ▶ /_astro/ART_1649-Bearbeitet.Boz43yG6_ZUKFQy.webp (reused cache entry) (+4ms) (3774/4121)
09:05:09   ▶ /_astro/ART_1608-Bearbeitet-Bearbeitet.D9tZANU6_SzK8I.webp (reused cache entry) (+4ms) (3775/4121)
09:05:09   ▶ /_astro/K1600_oliven.D_4QJvS5_ZibN3F.webp (reused cache entry) (+3ms) (3776/4121)
09:05:09   ▶ /_astro/K1600_laseu.BsEz58Ns_Z2sL2Aq.webp (reused cache entry) (+4ms) (3777/4121)
09:05:09   ▶ /_astro/Rathaus-2.BkAs7D3M_Z1pimxb.webp (reused cache entry) (+4ms) (3778/4121)
09:05:09   ▶ /_astro/nrathaus2.4EluSi-I_ZEq6IF.webp (reused cache entry) (+4ms) (3779/4121)
09:05:09   ▶ /_astro/ART_3528-HDR_print.BDPdR9hl_Zm7dFM.webp (reused cache entry) (+3ms) (3780/4121)
09:05:09   ▶ /_astro/ART_1881-HDR-Bearbeitet.C83anFRq_NBnqF.webp (reused cache entry) (+3ms) (3781/4121)
09:05:09   ▶ /_astro/K1600_Pano.Cj3n65UH_Z1vQwL.webp (reused cache entry) (+3ms) (3782/4121)
09:05:09   ▶ /_astro/K1600_playawasweisich.CJbFTLyV_ZA3V4z.webp (reused cache entry) (+3ms) (3783/4121)
09:05:09   ▶ /_astro/K1600_sagal.D0ynS2BP_Z1OMkzd.webp (reused cache entry) (+1ms) (3784/4121)
09:05:09   ▶ /_astro/K1600_klippen.1Gagz3au_uaqSn.webp (reused cache entry) (+2ms) (3785/4121)
09:05:09   ▶ /_astro/ART_1649-Bearbeitet.Boz43yG6_2fNMRN.webp (reused cache entry) (+2ms) (3786/4121)
09:05:09   ▶ /_astro/ART_1608-Bearbeitet-Bearbeitet.D9tZANU6_Zrbykg.webp (reused cache entry) (+2ms) (3787/4121)
09:05:09   ▶ /_astro/K1600_windrader1.7xuII90R_9VnOI.webp (reused cache entry) (+1ms) (3788/4121)
09:05:09   ▶ /_astro/K1600_wolken.CV-iMRnF_13RicM.webp (reused cache entry) (+1ms) (3789/4121)
09:05:09   ▶ /_astro/K1600_oliven.D_4QJvS5_ZaTAut.webp (reused cache entry) (+2ms) (3790/4121)
09:05:09   ▶ /_astro/K1600_laseu.BsEz58Ns_ZU0n54.webp (reused cache entry) (+2ms) (3791/4121)
09:05:09   ▶ /_astro/ART_1881-HDR-Bearbeitet.C83anFRq_1yRgP9.webp (reused cache entry) (+1ms) (3792/4121)
09:05:09   ▶ /_astro/K1600_Pano.Cj3n65UH_2pHHr9.webp (reused cache entry) (+2ms) (3793/4121)
09:05:09   ▶ /_astro/ART_3528-HDR_print.BDPdR9hl_Z9QF8I.webp (reused cache entry) (+2ms) (3794/4121)
09:05:09   ▶ /_astro/K1600_playawasweisich.CJbFTLyV_Z1nmATq.webp (reused cache entry) (+2ms) (3795/4121)
09:05:09   ▶ /_astro/K1600_sagal.D0ynS2BP_1TypAS.webp (reused cache entry) (+2ms) (3796/4121)
09:05:09   ▶ /_astro/K1600_windrader1.7xuII90R_Y7NI.webp (reused cache entry) (+1ms) (3797/4121)
09:05:09   ▶ /_astro/K1600_klippen.1Gagz3au_Z2dFU5v.webp (reused cache entry) (+2ms) (3798/4121)
09:05:09   ▶ /_astro/ART_1649-Bearbeitet.Boz43yG6_Z1TPLOS.webp (reused cache entry) (+2ms) (3799/4121)
09:05:09   ▶ /_astro/K1600_wolken.CV-iMRnF_1b9uKY.webp (reused cache entry) (+2ms) (3800/4121)
09:05:09   ▶ /_astro/ART_1608-Bearbeitet-Bearbeitet.D9tZANU6_1aeBRj.webp (reused cache entry) (+2ms) (3801/4121)
09:05:09   ▶ /_astro/ART_1881-HDR-Bearbeitet.C83anFRq_FWBH1.webp (reused cache entry) (+2ms) (3802/4121)
09:05:09   ▶ /_astro/K1600_laseu.BsEz58Ns_OXWzo.webp (reused cache entry) (+2ms) (3803/4121)
09:05:09   ▶ /_astro/K1600_oliven.D_4QJvS5_ZOiQYn.webp (reused cache entry) (+2ms) (3804/4121)
09:05:09   ▶ /_astro/K1600_Pano.Cj3n65UH_10zkem.webp (reused cache entry) (+2ms) (3805/4121)
09:05:09   ▶ /_astro/ART_3528-HDR_print.BDPdR9hl_2rAygt.webp (reused cache entry) (+2ms) (3806/4121)
09:05:09   ▶ /_astro/K1600_windrader1.7xuII90R_Z1RffWA.webp (reused cache entry) (+2ms) (3807/4121)
09:05:09   ▶ /_astro/K1600_sagal.D0ynS2BP_Z1BR3GG.webp (reused cache entry) (+2ms) (3808/4121)
09:05:09   ▶ /_astro/K1600_playawasweisich.CJbFTLyV_2amOwS.webp (reused cache entry) (+2ms) (3809/4121)
09:05:09   ▶ /_astro/ART_1649-Bearbeitet.Boz43yG6_FSFNY.webp (reused cache entry) (+2ms) (3810/4121)
09:05:09   ▶ /_astro/ART_1608-Bearbeitet-Bearbeitet.D9tZANU6_Z19x8C2.webp (reused cache entry) (+2ms) (3811/4121)
09:05:09   ▶ /_astro/K1600_wolken.CV-iMRnF_wKeh5.webp (reused cache entry) (+2ms) (3812/4121)
09:05:09   ▶ /_astro/K1600_klippen.1Gagz3au_v8l1h.webp (reused cache entry) (+2ms) (3813/4121)
09:05:09   ▶ /_astro/ART_1881-HDR-Bearbeitet.C83anFRq_2vE9jA.webp (reused cache entry) (+2ms) (3814/4121)
09:05:09   ▶ /_astro/K1600_laseu.BsEz58Ns_fdEEA.webp (reused cache entry) (+2ms) (3815/4121)
09:05:09   ▶ /_astro/K1600_Pano.Cj3n65UH_Z2gx3OO.webp (reused cache entry) (+2ms) (3816/4121)
09:05:09   ▶ /_astro/ART_3528-HDR_print.BDPdR9hl_Z2p1Qm4.webp (reused cache entry) (+2ms) (3817/4121)
09:05:09   ▶ /_astro/K1600_oliven.D_4QJvS5_Zpqc9H.webp (reused cache entry) (+3ms) (3818/4121)
09:05:09   ▶ /_astro/K1600_windrader1.7xuII90R_Z2dLST8.webp (reused cache entry) (+2ms) (3819/4121)
09:05:09   ▶ /_astro/Hauswand_facebook.ir-KYnzK_ZzpQIa.webp (reused cache entry) (+2ms) (3820/4121)
09:05:09   ▶ /_astro/K1600_gorgblau.Bivv2bEJ_3O8ta.webp (reused cache entry) (+2ms) (3821/4121)
09:05:09   ▶ /_astro/K1600_sagal.D0ynS2BP_ZAYBgb.webp (reused cache entry) (+3ms) (3822/4121)
09:05:09   ▶ /_astro/K1600_playawasweisich.CJbFTLyV_Z2iYKXf.webp (reused cache entry) (+3ms) (3823/4121)
09:05:09   ▶ /_astro/K1600_wolken.CV-iMRnF_173OE3.webp (reused cache entry) (+2ms) (3824/4121)
09:05:09   ▶ /_astro/K1600_coast2.DRhXFiBQ_i4akx.webp (reused cache entry) (+2ms) (3825/4121)
09:05:09   ▶ /_astro/ART_1881-HDR-Bearbeitet.C83anFRq_Z2qqrUm.webp (reused cache entry) (+2ms) (3826/4121)
09:05:09   ▶ /_astro/K1600_coast.CMXlnAnK_ZpiESo.webp (reused cache entry) (+2ms) (3827/4121)
09:05:09   ▶ /_astro/K1600_klippen.1Gagz3au_WYoT5.webp (reused cache entry) (+3ms) (3828/4121)
09:05:09   ▶ /_astro/Hauswand_facebook.ir-KYnzK_Zzx8W.webp (reused cache entry) (+2ms) (3829/4121)
09:05:09   ▶ /_astro/K1600_Pano.Cj3n65UH_1bJBRl.webp (reused cache entry) (+3ms) (3830/4121)
09:05:09   ▶ /_astro/K1600_windrader1.7xuII90R_17hUHc.webp (reused cache entry) (+3ms) (3831/4121)
09:05:09   ▶ /_astro/K1600_gorgblau.Bivv2bEJ_xmlPn.webp (reused cache entry) (+2ms) (3832/4121)
09:05:09   ▶ /_astro/K1600_oliven.D_4QJvS5_ZAdOMM.webp (reused cache entry) (+3ms) (3833/4121)
09:05:09   ▶ /_astro/K1600_coast2.DRhXFiBQ_plmSJ.webp (reused cache entry) (+2ms) (3834/4121)
09:05:09   ▶ /_astro/K1600_wolken.CV-iMRnF_Vgc0X.webp (reused cache entry) (+2ms) (3835/4121)
09:05:09   ▶ /_astro/K1600_sagal.D0ynS2BP_Z1bJTaY.webp (reused cache entry) (+3ms) (3836/4121)
09:05:09   ▶ /_astro/K1600_playawasweisich.CJbFTLyV_Z1wHmXp.webp (reused cache entry) (+3ms) (3837/4121)
09:05:09   ▶ /_astro/ART_1881-HDR-Bearbeitet.C83anFRq_I6rSO.webp (reused cache entry) (+3ms) (3838/4121)
09:05:09   ▶ /_astro/K1600_calagal2.DjmD768e_Z1WdPlb.webp (reused cache entry) (+2ms) (3839/4121)
09:05:09   ▶ /_astro/K1600_coast.CMXlnAnK_Z1K93we.webp (reused cache entry) (+3ms) (3840/4121)
09:05:09   ▶ /_astro/K1600_berge1.DSBysY-7_MU2Te.webp (reused cache entry) (+2ms) (3841/4121)
09:05:09   ▶ /_astro/K1600_ART_4253.CoYYwRGK_PG1rT.webp (reused cache entry) (+2ms) (3842/4121)
09:05:09   ▶ /_astro/Hauswand_facebook.ir-KYnzK_1IQ9gd.webp (reused cache entry) (+2ms) (3843/4121)
09:05:09   ▶ /_astro/K1600_gorgblau.Bivv2bEJ_24HV3K.webp (reused cache entry) (+2ms) (3844/4121)
09:05:09   ▶ /_astro/K1024_nachher.Boq69LhC_Z1ALGqL.webp (reused cache entry) (+2ms) (3845/4121)
09:05:09   ▶ /_astro/ART_4418-Bearbeitet-1.Bd8KEmN0_eCoPI.webp (reused cache entry) (+2ms) (3846/4121)
09:05:09   ▶ /_astro/braut-fotoshooting-hamburg.DjxhviRp_Z1jObg3.webp (reused cache entry) (+1ms) (3847/4121)
09:05:09   ▶ /_astro/hochzeitsfotos-hamburg.D5dizYa5_Z1OL4Ts.webp (reused cache entry) (+2ms) (3848/4121)
09:05:09   ▶ /_astro/hochzeitsfotograf-niedersachsen.Ce5A_5KG_26ISFE.webp (reused cache entry) (+1ms) (3849/4121)
09:05:09   ▶ /_astro/K1600_coast2.DRhXFiBQ_Ze2SAa.webp (reused cache entry) (+2ms) (3850/4121)
09:05:09   ▶ /_astro/K1600_calagal2.DjmD768e_Z1KcboL.webp (reused cache entry) (+2ms) (3851/4121)
09:05:09   ▶ /_astro/K1600_berge1.DSBysY-7_Ucfsq.webp (reused cache entry) (+2ms) (3852/4121)
09:05:09   ▶ /_astro/K1600_ART_4253.CoYYwRGK_12HFoj.webp (reused cache entry) (+2ms) (3853/4121)
09:05:09   ▶ /_astro/K1600_coast.CMXlnAnK_Zcno0R.webp (reused cache entry) (+2ms) (3854/4121)
09:05:09   ▶ /_astro/Hauswand_facebook.ir-KYnzK_1DHtfo.webp (reused cache entry) (+2ms) (3855/4121)
09:05:09   ▶ /_astro/ART_4418-Bearbeitet-1.Bd8KEmN0_ZxFfY8.webp (reused cache entry) (+2ms) (3856/4121)
09:05:09   ▶ /_astro/K1600_gorgblau.Bivv2bEJ_AFmmd.webp (reused cache entry) (+2ms) (3857/4121)
09:05:09   ▶ /_astro/K1024_nachher.Boq69LhC_Z1Wqo7X.webp (reused cache entry) (+2ms) (3858/4121)
09:05:09   ▶ /_astro/braut-fotoshooting-hamburg.DjxhviRp_WBrM9.webp (reused cache entry) (+2ms) (3859/4121)
09:05:09   ▶ /_astro/hochzeitsfotograf-niedersachsen.Ce5A_5KG_kbisT.webp (reused cache entry) (+2ms) (3860/4121)
09:05:09   ▶ /_astro/hochzeitsfotos-hamburg.D5dizYa5_ERjob.webp (reused cache entry) (+2ms) (3861/4121)
09:05:09   ▶ /_astro/K1600_coast2.DRhXFiBQ_Z2k6A7P.webp (reused cache entry) (+3ms) (3862/4121)
09:05:09   ▶ /_astro/K1600_calagal2.DjmD768e_2rrFOV.webp (reused cache entry) (+2ms) (3863/4121)
09:05:09   ▶ /_astro/K1600_berge1.DSBysY-7_gMXXw.webp (reused cache entry) (+2ms) (3864/4121)
09:05:09   ▶ /_astro/K1600_ART_4253.CoYYwRGK_aaoO5.webp (reused cache entry) (+2ms) (3865/4121)
09:05:09   ▶ /_astro/Hauswand_facebook.ir-KYnzK_Z26umJB.webp (reused cache entry) (+2ms) (3866/4121)
09:05:09   ▶ /_astro/ART_4418-Bearbeitet-1.Bd8KEmN0_Z257XlK.webp (reused cache entry) (+2ms) (3867/4121)
09:05:09   ▶ /_astro/K1600_coast.CMXlnAnK_Z2pHenb.webp (reused cache entry) (+3ms) (3868/4121)
09:05:09   ▶ /_astro/braut-fotoshooting-hamburg.DjxhviRp_2mg4wn.webp (reused cache entry) (+3ms) (3869/4121)
09:05:09   ▶ /_astro/hochzeitsfotograf-niedersachsen.Ce5A_5KG_oRzIf.webp (reused cache entry) (+2ms) (3870/4121)
09:05:09   ▶ /_astro/K1600_gorgblau.Bivv2bEJ_25YtT8.webp (reused cache entry) (+3ms) (3871/4121)
09:05:09   ▶ /_astro/K1024_nachher.Boq69LhC_oTnH5.webp (reused cache entry) (+3ms) (3872/4121)
09:05:09   ▶ /_astro/hochzeitsfotos-hamburg.D5dizYa5_xfMiB.webp (reused cache entry) (+3ms) (3873/4121)
09:05:09   ▶ /_astro/K1600_coast2.DRhXFiBQ_Zlhqc6.webp (reused cache entry) (+3ms) (3874/4121)
09:05:09   ▶ /_astro/K1600_calagal2.DjmD768e_Z1gjoRR.webp (reused cache entry) (+3ms) (3875/4121)
09:05:09   ▶ /_astro/getting-ready-hamburg.BjFIpmyW_ZpHE1H.webp (reused cache entry) (+2ms) (3876/4121)
09:05:09   ▶ /_astro/K1600_berge1.DSBysY-7_Z1TkMWi.webp (reused cache entry) (+3ms) (3877/4121)
09:05:09   ▶ /_astro/K1600_ART_4253.CoYYwRGK_ZQj1Qd.webp (reused cache entry) (+3ms) (3878/4121)
09:05:09   ▶ /_astro/paarshooting-hamburg.BeE-TjX2_OhObG.webp (reused cache entry) (+2ms) (3879/4121)
09:05:09   ▶ /_astro/conny-alex.BQIfuvYS_ZIPVH5.webp (reused cache entry) (+2ms) (3880/4121)
09:05:09   ▶ /_astro/hochzeitsfotograf-niedersachsen.Ce5A_5KG_RkAF3.webp (reused cache entry) (+2ms) (3881/4121)
09:05:09   ▶ /_astro/ART_4418-Bearbeitet-1.Bd8KEmN0_Z1XsQrL.webp (reused cache entry) (+3ms) (3882/4121)
09:05:09   ▶ /_astro/lovebirds-elbstrand.N2wy4-Y5_18FBxa.webp (reused cache entry) (+2ms) (3883/4121)
09:05:09   ▶ /_astro/K1600_coast.CMXlnAnK_lkYR.webp (reused cache entry) (+3ms) (3884/4121)
09:05:09   ▶ /_astro/getting-ready-hamburg.BjFIpmyW_PlegP.webp (reused cache entry) (+2ms) (3885/4121)
09:05:09   ▶ /_astro/hochzeitsfotos-hamburg.D5dizYa5_GUR6u.webp (reused cache entry) (+2ms) (3886/4121)
09:05:09   ▶ /_astro/K1024_nachher.Boq69LhC_Z12EWyi.webp (reused cache entry) (+3ms) (3887/4121)
09:05:09   ▶ /_astro/paarshooting-hamburg.BeE-TjX2_Z137hN2.webp (reused cache entry) (+2ms) (3888/4121)
09:05:09   ▶ /_astro/K1600_calagal2.DjmD768e_Z1v5j4m.webp (reused cache entry) (+3ms) (3889/4121)
09:05:09   ▶ /_astro/K1600_berge1.DSBysY-7_4tlXr.webp (reused cache entry) (+2ms) (3890/4121)
09:05:09   ▶ /_astro/conny-alex.BQIfuvYS_rOM9V.webp (reused cache entry) (+2ms) (3891/4121)
09:05:09   ▶ /_astro/K1600_ART_4253.CoYYwRGK_ZcCsQX.webp (reused cache entry) (+3ms) (3892/4121)
09:05:09   ▶ /_astro/getting-ready-braut-vorbereitung.BD8QyqJW_2mvnSf.webp (reused cache entry) (+2ms) (3893/4121)
09:05:09   ▶ /_astro/lovebirds-elbstrand.N2wy4-Y5_Z49c8.webp (reused cache entry) (+2ms) (3894/4121)
09:05:09   ▶ /_astro/getting-ready-brautstyling-hamburg.CTrNjNW-_Z23m79f.webp (reused cache entry) (+2ms) (3895/4121)
09:05:09   ▶ /_astro/getting-ready-hamburg.BjFIpmyW_wPcnK.webp (reused cache entry) (+2ms) (3896/4121)
09:05:09   ▶ /_astro/ART_4418-Bearbeitet-1.Bd8KEmN0_4LskS.webp (reused cache entry) (+3ms) (3897/4121)
09:05:09   ▶ /_astro/kennenlernshooting-hamburg-paar.BZjHqoSM_Z6Td3f.webp (reused cache entry) (+2ms) (3898/4121)
09:05:09   ▶ /_astro/ART_0074-Bearbeitet_print.sNQQuQgp_ZnKS5q.webp (reused cache entry) (+2ms) (3899/4121)
09:05:09   ▶ /_astro/ART_3680-Bearbeitet-Wiederhergestellt_web.BLnnY1_G_1Qv2u5.webp (reused cache entry) (+1ms) (3900/4121)
09:05:09   ▶ /_astro/paarshooting-hamburg.BeE-TjX2_Z1cv7To.webp (reused cache entry) (+2ms) (3901/4121)
09:05:09   ▶ /_astro/hochzeitsfotograf-hamburg-ratgeber-art9666.JUSFcCA7_H3G0L.webp (reused cache entry) (+2ms) (3902/4121)
09:05:09   ▶ /_astro/conny-alex.BQIfuvYS_ZTu9PP.webp (reused cache entry) (+1ms) (3903/4121)
09:05:09   ▶ /_astro/standesamt-altona-hochzeitsreportage-01.BA5mrvo9_lCFpS.webp (reused cache entry) (+1ms) (3904/4121)
09:05:09   ▶ /_astro/lovebirds-elbstrand.N2wy4-Y5_vCv1J.webp (reused cache entry) (+1ms) (3905/4121)
09:05:09   ▶ /_astro/standesamt-altona-hochzeitsreportage-02.BCcmMGM6_ZHl9JH.webp (reused cache entry) (+1ms) (3906/4121)
09:05:09   ▶ /_astro/anker-york-augustin.BLuS0e96_Zhw00P.webp (reused cache entry) (+1ms) (3907/4121)
09:05:09   ▶ /_astro/getting-ready-brautstyling-hamburg.CTrNjNW-_2ey3mc.webp (reused cache entry) (+1ms) (3908/4121)
09:05:09   ▶ /_astro/getting-ready-braut-vorbereitung.BD8QyqJW_Zufrpz.webp (reused cache entry) (+2ms) (3909/4121)
09:05:09   ▶ /_astro/floral-art.DWLPJp9L_Z1ypBaQ.webp (reused cache entry) (+1ms) (3910/4121)
09:05:09   ▶ /_astro/kennenlernshooting-hamburg-paar.BZjHqoSM_Z8ypXB.webp (reused cache entry) (+1ms) (3911/4121)
09:05:09   ▶ /_astro/ART_3680-Bearbeitet-Wiederhergestellt_web.BLnnY1_G_Z3Gv0y.webp (reused cache entry) (+1ms) (3912/4121)
09:05:09   ▶ /_astro/paarshooting-hamburg.BeE-TjX2_PDEHL.webp (reused cache entry) (+1ms) (3913/4121)
09:05:09   ▶ /_astro/conny-alex.BQIfuvYS_10lGa8.webp (reused cache entry) (+1ms) (3914/4121)
09:05:09   ▶ /_astro/lovebirds-elbstrand.N2wy4-Y5_6a77W.webp (reused cache entry) (+1ms) (3915/4121)
09:05:09   ▶ /_astro/hochzeitsfotograf-hamburg-ratgeber-art9666.JUSFcCA7_Z15sru1.webp (reused cache entry) (+2ms) (3916/4121)
09:05:09   ▶ /_astro/standesamt-altona-hochzeitsreportage-01.BA5mrvo9_2wOyGA.webp (reused cache entry) (+1ms) (3917/4121)
09:05:09   ▶ /_astro/anker-york-augustin.BLuS0e96_1DFR9M.webp (reused cache entry) (+1ms) (3918/4121)
09:05:09   ▶ /_astro/standesamt-altona-hochzeitsreportage-02.BCcmMGM6_1sPIw0.webp (reused cache entry) (+1ms) (3919/4121)
09:05:09   ▶ /_astro/floral-art.DWLPJp9L_1rPkIe.webp (reused cache entry) (+1ms) (3920/4121)
09:05:09   ▶ /_astro/getting-ready-brautstyling-hamburg.CTrNjNW-_Z1Px9Ut.webp (reused cache entry) (+2ms) (3921/4121)
09:05:09   ▶ /_astro/kennenlernshooting-hamburg-paar.BZjHqoSM_ZtpQ2p.webp (reused cache entry) (+1ms) (3922/4121)
09:05:09   ▶ /_astro/gentlemen.VWg1X7yK_J8rNd.webp (reused cache entry) (+1ms) (3923/4121)
09:05:09   ▶ /_astro/getting-ready-braut-vorbereitung.BD8QyqJW_289mod.webp (reused cache entry) (+2ms) (3924/4121)
09:05:09   ▶ /_astro/barberhouse-hamburg.lAMv3dDr_Zzq7BM.webp (reused cache entry) (+1ms) (3925/4121)
09:05:09   ▶ /_astro/lovebirds-elbstrand.N2wy4-Y5_Z28lp6d.webp (reused cache entry) (+1ms) (3926/4121)
09:05:09   ▶ /_astro/norden-kueste.1rhyYife_ZNGhS6.webp (reused cache entry) (+1ms) (3927/4121)
09:05:09   ▶ /_astro/standesamt-altona-hochzeitsreportage-01.BA5mrvo9_1Sc1cu.webp (reused cache entry) (+2ms) (3928/4121)
09:05:09   ▶ /_astro/trautermin-hamburg-rathaus-blumenstrauss.BGNYxroC_Z1RdVKc.webp (reused cache entry) (+1ms) (3929/4121)
09:05:09   ▶ /_astro/standesamt-altona-hochzeitsreportage-02.BCcmMGM6_Odb1T.webp (reused cache entry) (+1ms) (3930/4121)
09:05:09   ▶ /_astro/hochzeitsfotograf-hamburg-ratgeber-art9666.JUSFcCA7_Z1NP3pG.webp (reused cache entry) (+2ms) (3931/4121)
09:05:09   ▶ /_astro/gentlemen.VWg1X7yK_ekW6c.webp (reused cache entry) (+1ms) (3932/4121)
09:05:09   ▶ /_astro/floral-art.DWLPJp9L_oOfV3.webp (reused cache entry) (+2ms) (3933/4121)
09:05:09   ▶ /_astro/kennenlernshooting-hamburg-paar.BZjHqoSM_Z2wMUfB.webp (reused cache entry) (+2ms) (3934/4121)
09:05:09   ▶ /_astro/getting-ready-brautstyling-hamburg.CTrNjNW-_Z1Sn1QN.webp (reused cache entry) (+2ms) (3935/4121)
09:05:09   ▶ /_astro/lovebirds-elbstrand.N2wy4-Y5_1kVa5e.webp (reused cache entry) (+2ms) (3936/4121)
09:05:09   ▶ /_astro/barberhouse-hamburg.lAMv3dDr_Z1IaSm5.webp (reused cache entry) (+2ms) (3937/4121)
09:05:09   ▶ /_astro/norden-kueste.1rhyYife_zcTke.webp (reused cache entry) (+2ms) (3938/4121)
09:05:09   ▶ /_astro/getting-ready-braut-vorbereitung.BD8QyqJW_14cPjU.webp (reused cache entry) (+2ms) (3939/4121)
09:05:09   ▶ /_astro/standesamt-altona-hochzeitsreportage-01.BA5mrvo9_Z14kE1P.webp (reused cache entry) (+2ms) (3940/4121)
09:05:09   ▶ /_astro/trautermin-hamburg-rathaus-blumenstrauss.BGNYxroC_11kmx4.webp (reused cache entry) (+2ms) (3941/4121)
09:05:09   ▶ /_astro/standesamt-altona-hochzeitsreportage-02.BCcmMGM6_1uDljp.webp (reused cache entry) (+2ms) (3942/4121)
09:05:09   ▶ /_astro/trautermin-hamburg-braeutigam.CGYTK9rc_ZKbI8C.webp (reused cache entry) (+2ms) (3943/4121)
09:05:09   ▶ /_astro/trautermin-hamburg-brautstrauss.Vmg_ExxM_KKK6F.webp (reused cache entry) (+1ms) (3944/4121)
09:05:09   ▶ /_astro/gentlemen.VWg1X7yK_Z1WJ79C.webp (reused cache entry) (+2ms) (3945/4121)
09:05:09   ▶ /_astro/lovebirds-elbstrand.N2wy4-Y5_hDj9H.webp (reused cache entry) (+2ms) (3946/4121)
09:05:09   ▶ /_astro/floral-art.DWLPJp9L_1LR4SG.webp (reused cache entry) (+2ms) (3947/4121)
09:05:09   ▶ /_astro/barberhouse-hamburg.lAMv3dDr_Z1cte8d.webp (reused cache entry) (+2ms) (3948/4121)
09:05:09   ▶ /_astro/trautermin-hamburg-brautmoment.bvGPdRIN_Z27kSQo.webp (reused cache entry) (+2ms) (3949/4121)
09:05:09   ▶ /_astro/norden-kueste.1rhyYife_2d30hl.webp (reused cache entry) (+2ms) (3950/4121)
09:05:09   ▶ /_astro/ART_9955-Bearbeitet-Bearbeitet-Bearbeitet-scaled.aAZI43bF_ZuelMH.webp (reused cache entry) (+1ms) (3951/4121)
09:05:09   ▶ /_astro/ART_0087-Pano-Bearbeitet-Bearbeitet-scaled.yDIhqvCh_Z1cdm0m.webp (reused cache entry) (+1ms) (3952/4121)
09:05:09   ▶ /_astro/ART_0086-Verbessert-RR-scaled.CdU8V3f7_1x2n2c.webp (reused cache entry) (+1ms) (3953/4121)
09:05:09   ▶ /_astro/trautermin-hamburg-braeutigam.CGYTK9rc_2qTPXy.webp (reused cache entry) (+2ms) (3954/4121)
09:05:09   ▶ /_astro/trautermin-hamburg-rathaus-blumenstrauss.BGNYxroC_ZaVIPk.webp (reused cache entry) (+2ms) (3955/4121)
09:05:09   ▶ /_astro/trautermin-hamburg-brautstrauss.Vmg_ExxM_bJpQi.webp (reused cache entry) (+1ms) (3956/4121)
09:05:09   ▶ /_astro/ART_0008-Verbessert-RR-Bearbeitet-scaled.o-kF4XMO_1PcsAi.webp (reused cache entry) (+1ms) (3957/4121)
09:05:09   ▶ /_astro/floral-art.DWLPJp9L_Z13XYzD.webp (reused cache entry) (+2ms) (3958/4121)
09:05:09   ▶ /_astro/lovebirds-elbstrand.N2wy4-Y5_1Rc7tJ.webp (reused cache entry) (+2ms) (3959/4121)
09:05:09   ▶ /_astro/barberhouse-hamburg.lAMv3dDr_Z1BVC20.webp (reused cache entry) (+1ms) (3960/4121)
09:05:09   ▶ /_astro/trautermin-hamburg-brautmoment.bvGPdRIN_Z1dDLKK.webp (reused cache entry) (+2ms) (3961/4121)
09:05:09   ▶ /_astro/norden-kueste.1rhyYife_1nFemV.webp (reused cache entry) (+2ms) (3962/4121)
09:05:09   ▶ /_astro/ART_0087-Pano-Bearbeitet-Bearbeitet-scaled.yDIhqvCh_Z19FOYO.webp (reused cache entry) (+2ms) (3963/4121)
09:05:09   ▶ /_astro/ART_9955-Bearbeitet-Bearbeitet-Bearbeitet-scaled.aAZI43bF_1jewHj.webp (reused cache entry) (+2ms) (3964/4121)
09:05:09   ▶ /_astro/ART_0086-Verbessert-RR-scaled.CdU8V3f7_xDz49.webp (reused cache entry) (+2ms) (3965/4121)
09:05:09   ▶ /_astro/trautermin-hamburg-braeutigam.CGYTK9rc_2l4yem.webp (reused cache entry) (+2ms) (3966/4121)
09:05:09   ▶ /_astro/trautermin-hamburg-brautstrauss.Vmg_ExxM_13dw2p.webp (reused cache entry) (+2ms) (3967/4121)
09:05:09   ▶ /_astro/lovebirds-elbstrand.N2wy4-Y5_2jwRXD.webp (reused cache entry) (+2ms) (3968/4121)
09:05:09   ▶ /_astro/floral-art.DWLPJp9L_tK9tO.webp (reused cache entry) (+2ms) (3969/4121)
09:05:09   ▶ /_astro/ART_0008-Verbessert-RR-Bearbeitet-scaled.o-kF4XMO_Z1yjpmC.webp (reused cache entry) (+2ms) (3970/4121)
09:05:09   ▶ /_astro/barberhouse-hamburg.lAMv3dDr_Aq8NG.webp (reused cache entry) (+2ms) (3971/4121)
09:05:09   ▶ /_astro/trautermin-hamburg-rathaus-blumenstrauss.BGNYxroC_2dTmTC.webp (reused cache entry) (+2ms) (3972/4121)
09:05:09   ▶ /_astro/ART_0030-scaled.D10-eFXh_l1Fng.webp (reused cache entry) (+1ms) (3973/4121)
09:05:09   ▶ /_astro/trautermin-hamburg-brautmoment.bvGPdRIN_Z28UyRv.webp (reused cache entry) (+2ms) (3974/4121)
09:05:09   ▶ /_astro/ART_0087-Pano-Bearbeitet-Bearbeitet-scaled.yDIhqvCh_Z2of8Bt.webp (reused cache entry) (+2ms) (3975/4121)
09:05:09   ▶ /_astro/ART_0086-Verbessert-RR-scaled.CdU8V3f7_Z1Q6xEv.webp (reused cache entry) (+2ms) (3976/4121)
09:05:09   ▶ /_astro/ART_9955-Bearbeitet-Bearbeitet-Bearbeitet-scaled.aAZI43bF_Z6FBcS.webp (reused cache entry) (+2ms) (3977/4121)
09:05:09   ▶ /_astro/lovebirds-elbstrand.N2wy4-Y5_Z29wdoo.webp (reused cache entry) (+2ms) (3978/4121)
09:05:09   ▶ /_astro/trautermin-hamburg-brautstrauss.Vmg_ExxM_Z4x0tJ.webp (reused cache entry) (+2ms) (3979/4121)
09:05:09   ▶ /_astro/trautermin-hamburg-braeutigam.CGYTK9rc_Z1zaoBq.webp (reused cache entry) (+2ms) (3980/4121)
09:05:09   ▶ /_astro/floral-art.DWLPJp9L_Pj8BA.webp (reused cache entry) (+2ms) (3981/4121)
09:05:09   ▶ /_astro/ART_0008-Verbessert-RR-Bearbeitet-scaled.o-kF4XMO_1gk6K1.webp (reused cache entry) (+2ms) (3982/4121)
09:05:09   ▶ /_astro/barberhouse-hamburg.lAMv3dDr_1cybfA.webp (reused cache entry) (+2ms) (3983/4121)
09:05:09   ▶ /_astro/ART_0031-Verbessert-RR-Bearbeitet-scaled.BtT9t2B6_2cfCDM.webp (reused cache entry) (+2ms) (3984/4121)
09:05:09   ▶ /_astro/ART_0030-scaled.D10-eFXh_fltmG.webp (reused cache entry) (+2ms) (3985/4121)
09:05:09   ▶ /_astro/ART_0087-Pano-Bearbeitet-Bearbeitet-scaled.yDIhqvCh_ZatNdN.webp (reused cache entry) (+2ms) (3986/4121)
09:05:09   ▶ /_astro/ART_0086-Verbessert-RR-scaled.CdU8V3f7_1v1bxA.webp (reused cache entry) (+2ms) (3987/4121)
09:05:09   ▶ /_astro/lovebirds-elbstrand.N2wy4-Y5_1ydJrU.webp (reused cache entry) (+2ms) (3988/4121)
09:05:09   ▶ /_astro/ART_9955-Bearbeitet-Bearbeitet-Bearbeitet-scaled.aAZI43bF_Z1rVEox.webp (reused cache entry) (+2ms) (3989/4121)
09:05:09   ▶ /_astro/trautermin-hamburg-brautmoment.bvGPdRIN_2kYt6s.webp (reused cache entry) (+3ms) (3990/4121)
09:05:09   ▶ /_astro/ART_0035-Verbessert-RR-scaled.CWGeC2M6_17WLgY.webp (reused cache entry) (+2ms) (3991/4121)
09:05:09   ▶ /_astro/trautermin-hamburg-brautstrauss.Vmg_ExxM_ZclbO2.webp (reused cache entry) (+2ms) (3992/4121)
09:05:09   ▶ /_astro/floral-art.DWLPJp9L_hQGNj.webp (reused cache entry) (+2ms) (3993/4121)
09:05:09   ▶ /_astro/ART_0008-Verbessert-RR-Bearbeitet-scaled.o-kF4XMO_ZWboGd.webp (reused cache entry) (+3ms) (3994/4121)
09:05:09   ▶ /_astro/barberhouse-hamburg.lAMv3dDr_Z9RYH2.webp (reused cache entry) (+3ms) (3995/4121)
09:05:09   ▶ /_astro/ART_0031-Verbessert-RR-Bearbeitet-scaled.BtT9t2B6_Z1cgfj8.webp (reused cache entry) (+3ms) (3996/4121)
09:05:09   ▶ /_astro/ART_0030-scaled.D10-eFXh_vjmjv.webp (reused cache entry) (+3ms) (3997/4121)
09:05:09   ▶ /_astro/ART_9955-Bearbeitet-Bearbeitet-Bearbeitet-scaled.aAZI43bF_mgwn7.webp (reused cache entry) (+2ms) (3998/4121)
09:05:09   ▶ /_astro/lovebirds-elbstrand.N2wy4-Y5_Z1gM99z.webp (reused cache entry) (+2ms) (3999/4121)
09:05:09   ▶ /_astro/ART_0087-Pano-Bearbeitet-Bearbeitet-scaled.yDIhqvCh_28HSBY.webp (reused cache entry) (+3ms) (4000/4121)
09:05:09   ▶ /_astro/ART_0086-Verbessert-RR-scaled.CdU8V3f7_Z1WL4qT.webp (reused cache entry) (+2ms) (4001/4121)
09:05:09   ▶ /_astro/ART_0036-Bearbeitet-Bearbeitet-scaled.AaR3fHAE_16l2rW.webp (reused cache entry) (+2ms) (4002/4121)
09:05:09   ▶ /_astro/ART_9962-Verbessert-RR-scaled.BG7R0zJZ_102ygj.webp (reused cache entry) (+2ms) (4003/4121)
09:05:09   ▶ /_astro/ART_0035-Verbessert-RR-scaled.CWGeC2M6_8yXiV.webp (reused cache entry) (+2ms) (4004/4121)
09:05:09   ▶ /_astro/ART_9967-Bearbeitet-Bearbeitet-scaled.FpZwyz3H_26e26C.webp (reused cache entry) (+2ms) (4005/4121)
09:05:09   ▶ /_astro/barberhouse-hamburg.lAMv3dDr_25ifup.webp (reused cache entry) (+2ms) (4006/4121)
09:05:09   ▶ /_astro/ART_0031-Verbessert-RR-Bearbeitet-scaled.BtT9t2B6_1CngNv.webp (reused cache entry) (+2ms) (4007/4121)
09:05:09   ▶ /_astro/ART_0008-Verbessert-RR-Bearbeitet-scaled.o-kF4XMO_1KDgrJ.webp (reused cache entry) (+2ms) (4008/4121)
09:05:09   ▶ /_astro/ART_0030-scaled.D10-eFXh_Z1kPoqq.webp (reused cache entry) (+2ms) (4009/4121)
09:05:09   ▶ /_astro/ART_9955-Bearbeitet-Bearbeitet-Bearbeitet-scaled.aAZI43bF_2vG8H5.webp (reused cache entry) (+2ms) (4010/4121)
09:05:09   ▶ /_astro/ART_0041-Verbessert-RR-scaled.Bs1hekcn_jdsem.webp (reused cache entry) (+2ms) (4011/4121)
09:05:09   ▶ /_astro/ART_9968-Bearbeitet-scaled.OuWSsICO_1G9QBK.webp (reused cache entry) (+2ms) (4012/4121)
09:05:09   ▶ /_astro/ART_0040-Bearbeitet-scaled.j1VNS5s3_ZpdENd.webp (reused cache entry) (+2ms) (4013/4121)
09:05:09   ▶ /_astro/ART_0036-Bearbeitet-Bearbeitet-scaled.AaR3fHAE_1rIyn2.webp (reused cache entry) (+2ms) (4014/4121)
09:05:09   ▶ /_astro/ART_9962-Verbessert-RR-scaled.BG7R0zJZ_1FL1Ok.webp (reused cache entry) (+2ms) (4015/4121)
09:05:09   ▶ /_astro/ART_9967-Bearbeitet-Bearbeitet-scaled.FpZwyz3H_Z1k2UDT.webp (reused cache entry) (+2ms) (4016/4121)
09:05:09   ▶ /_astro/ART_0035-Verbessert-RR-scaled.CWGeC2M6_Z2gb9pI.webp (reused cache entry) (+2ms) (4017/4121)
09:05:09   ▶ /_astro/barberhouse-hamburg.lAMv3dDr_1dIYxL.webp (reused cache entry) (+2ms) (4018/4121)
09:05:09   ▶ /_astro/cropped-hochzeitsreportage_hamburg_festpreis-scaled-1.DnOIaXCl_Z7p3Ly.webp (reused cache entry) (+2ms) (4019/4121)
09:05:09   ▶ /_astro/ART_0030-scaled.D10-eFXh_Z2mQMqi.webp (reused cache entry) (+2ms) (4020/4121)
09:05:09   ▶ /_astro/ART_0031-Verbessert-RR-Bearbeitet-scaled.BtT9t2B6_51pra.webp (reused cache entry) (+2ms) (4021/4121)
09:05:09   ▶ /_astro/ART_9955-Bearbeitet-Bearbeitet-Bearbeitet-scaled.aAZI43bF_Z1j1bb1.webp (reused cache entry) (+2ms) (4022/4121)
09:05:09   ▶ /_astro/ART_0041-Verbessert-RR-scaled.Bs1hekcn_YVUMn.webp (reused cache entry) (+2ms) (4023/4121)
09:05:09   ▶ /_astro/ART_0040-Bearbeitet-scaled.j1VNS5s3_nyKpi.webp (reused cache entry) (+2ms) (4024/4121)
09:05:09   ▶ /_astro/ART_0036-Bearbeitet-Bearbeitet-scaled.AaR3fHAE_Z170kvb.webp (reused cache entry) (+2ms) (4025/4121)
09:05:09   ▶ /_astro/ART_9968-Bearbeitet-scaled.OuWSsICO_2tWhPg.webp (reused cache entry) (+3ms) (4026/4121)
09:05:09   ▶ /_astro/ART_9962-Verbessert-RR-scaled.BG7R0zJZ_19fvKN.webp (reused cache entry) (+2ms) (4027/4121)
09:05:09   ▶ /_astro/paris_braut_fotoshooting-17.CalH26ad_5Pc0I.webp (reused cache entry) (+2ms) (4028/4121)
09:05:09   ▶ /_astro/ART_9967-Bearbeitet-Bearbeitet-scaled.FpZwyz3H_1xP7gQ.webp (reused cache entry) (+2ms) (4029/4121)
09:05:09   ▶ /_astro/cropped-hochzeitsreportage_hamburg_festpreis-scaled-1.DnOIaXCl_2cSOvK.webp (reused cache entry) (+2ms) (4030/4121)
09:05:09   ▶ /_astro/paris_braut_fotoshooting-25.CK-NykKC_Zlxw3u.webp (reused cache entry) (+2ms) (4031/4121)
09:05:09   ▶ /_astro/ART_0035-Verbessert-RR-scaled.CWGeC2M6_Z13Uci9.webp (reused cache entry) (+3ms) (4032/4121)
09:05:09   ▶ /_astro/ART_9955-Bearbeitet-Bearbeitet-Bearbeitet-scaled.aAZI43bF_Z1WeyHk.webp (reused cache entry) (+2ms) (4033/4121)
09:05:09   ▶ /_astro/ART_0031-Verbessert-RR-Bearbeitet-scaled.BtT9t2B6_Z2hl3dO.webp (reused cache entry) (+2ms) (4034/4121)
09:05:09   ▶ /_astro/ART_0041-Verbessert-RR-scaled.Bs1hekcn_sqpIQ.webp (reused cache entry) (+2ms) (4035/4121)
09:05:09   ▶ /_astro/ART_0040-Bearbeitet-scaled.j1VNS5s3_RITRQ.webp (reused cache entry) (+2ms) (4036/4121)
09:05:09   ▶ /_astro/paris_braut_fotoshooting-17.CalH26ad_21Ih7J.webp (reused cache entry) (+2ms) (4037/4121)
09:05:09   ▶ /_astro/ART_0036-Bearbeitet-Bearbeitet-scaled.AaR3fHAE_ZGBm52.webp (reused cache entry) (+2ms) (4038/4121)
09:05:09   ▶ /_astro/ART_9962-Verbessert-RR-scaled.BG7R0zJZ_2oUPvx.webp (reused cache entry) (+2ms) (4039/4121)
09:05:09   ▶ /_astro/cropped-hochzeitsreportage_hamburg_festpreis-scaled-1.DnOIaXCl_ZChwmI.webp (reused cache entry) (+2ms) (4040/4121)
09:05:09   ▶ /_astro/paris_braut_fotoshooting-25.CK-NykKC_1zky3w.webp (reused cache entry) (+2ms) (4041/4121)
09:05:09   ▶ /_astro/ART_9968-Bearbeitet-scaled.OuWSsICO_Z264Gv7.webp (reused cache entry) (+3ms) (4042/4121)
09:05:09   ▶ /_astro/ART_9967-Bearbeitet-Bearbeitet-scaled.FpZwyz3H_1PRhQw.webp (reused cache entry) (+3ms) (4043/4121)
09:05:09   ▶ /_astro/paris_braut_fotoshooting-16.XnmBjJsu_Z1y8ogE.webp (reused cache entry) (+2ms) (4044/4121)
09:05:09   ▶ /_astro/ART_0035-Verbessert-RR-scaled.CWGeC2M6_xtFwi.webp (reused cache entry) (+3ms) (4045/4121)
09:05:09   ▶ /_astro/ART_9955-Bearbeitet-Bearbeitet-Bearbeitet-scaled.aAZI43bF_18MKgt.webp (reused cache entry) (+2ms) (4046/4121)
09:05:09   ▶ /_astro/paris_braut_fotoshooting-31.Dzh3ZlbB_1B4y11.webp (reused cache entry) (+2ms) (4047/4121)
09:05:09   ▶ /_astro/ART_0040-Bearbeitet-scaled.j1VNS5s3_31zTR.webp (reused cache entry) (+2ms) (4048/4121)
09:05:09   ▶ /_astro/paris_braut_fotoshooting-17.CalH26ad_oowVT.webp (reused cache entry) (+2ms) (4049/4121)
09:05:09   ▶ /_astro/ART_0041-Verbessert-RR-scaled.Bs1hekcn_1I6JtA.webp (reused cache entry) (+3ms) (4050/4121)
09:05:09   ▶ /_astro/art_3822-verbessert-rr-bearbeitet-bearbeitet-scaled-1.n5-_L2OW_1JWGSz.webp (reused cache entry) (+2ms) (4051/4121)
09:05:09   ▶ /_astro/cropped-hochzeitsreportage_hamburg_festpreis-scaled-1.DnOIaXCl_1WPWQN.webp (reused cache entry) (+2ms) (4052/4121)
09:05:09   ▶ /_astro/paris_braut_fotoshooting-25.CK-NykKC_Z2Yb7j.webp (reused cache entry) (+2ms) (4053/4121)
09:05:09   ▶ /_astro/art_4265-bearbeitet-2_web.B3qG4rVu_RNiQg.webp (reused cache entry) (+1ms) (4054/4121)
09:05:09   ▶ /_astro/paris_braut_fotoshooting-16.XnmBjJsu_mJFPm.webp (reused cache entry) (+2ms) (4055/4121)
09:05:09   ▶ /_astro/ART_9968-Bearbeitet-scaled.OuWSsICO_29p7kP.webp (reused cache entry) (+2ms) (4056/4121)
09:05:09   ▶ /_astro/art_4632.7QaHayVF_Z2wFlkr.webp (reused cache entry) (+2ms) (4057/4121)
09:05:09   ▶ /_astro/ART_9967-Bearbeitet-Bearbeitet-scaled.FpZwyz3H_2acXFW.webp (reused cache entry) (+2ms) (4058/4121)
09:05:09   ▶ /_astro/paris_braut_fotoshooting-31.Dzh3ZlbB_Z1xeuFT.webp (reused cache entry) (+2ms) (4059/4121)
09:05:09   ▶ /_astro/art_3143-bearbeitet-scaled-2.CgYZMTeP_ZTMqlt.webp (reused cache entry) (+2ms) (4060/4121)
09:05:09   ▶ /_astro/getting_ready_hochzeitsfotograf_hamburg2372-scaled-2.2kpuGaUA_1ts1EX.webp (reused cache entry) (+2ms) (4061/4121)
09:05:09   ▶ /_astro/paris_braut_fotoshooting-17.CalH26ad_eXkz.webp (reused cache entry) (+2ms) (4062/4121)
09:05:09   ▶ /_astro/art_3822-verbessert-rr-bearbeitet-bearbeitet-scaled-1.n5-_L2OW_Z2uGgEP.webp (reused cache entry) (+2ms) (4063/4121)
09:05:09   ▶ /_astro/art_4265-bearbeitet-2_web.B3qG4rVu_ZOVfEU.webp (reused cache entry) (+1ms) (4064/4121)
09:05:09   ▶ /_astro/hochzeitsreportage_hamburg_preise.fWDsy8Te_JKHA4.webp (reused cache entry) (+2ms) (4065/4121)
09:05:09   ▶ /_astro/paris_braut_fotoshooting-25.CK-NykKC_Zr8JID.webp (reused cache entry) (+2ms) (4066/4121)
09:05:09   ▶ /_astro/facebook-logo-primary.CmgJh3Hd_WmEzu.png (reused cache entry) (+1ms) (4067/4121)
09:05:09   ▶ /_astro/getting-ready-braut-schleier-hochformat.BAyt0_pa_Z1PUAu4.webp (reused cache entry) (+1ms) (4068/4121)
09:05:09   ▶ /_astro/paris_braut_fotoshooting-16.XnmBjJsu_Z1fz3kt.webp (reused cache entry) (+2ms) (4069/4121)
09:05:09   ▶ /_astro/art_4632.7QaHayVF_Z1IgW60.webp (reused cache entry) (+1ms) (4070/4121)
09:05:09   ▶ /_astro/getting_ready_hochzeitsfotograf_hamburg2372-scaled-2.2kpuGaUA_E2Wnt.webp (reused cache entry) (+1ms) (4071/4121)
09:05:09   ▶ /_astro/art_3143-bearbeitet-scaled-2.CgYZMTeP_1qdQfk.webp (reused cache entry) (+2ms) (4072/4121)
09:05:09   ▶ /_astro/paris_braut_fotoshooting-31.Dzh3ZlbB_1TCSWc.webp (reused cache entry) (+2ms) (4073/4121)
09:05:09   ▶ /_astro/art_4265-bearbeitet-2_web.B3qG4rVu_Z26eXLc.webp (reused cache entry) (+1ms) (4074/4121)
09:05:09   ▶ /_astro/paris_braut_fotoshooting-17.CalH26ad_Z123NUU.webp (reused cache entry) (+2ms) (4075/4121)
09:05:09   ▶ /_astro/art_3822-verbessert-rr-bearbeitet-bearbeitet-scaled-1.n5-_L2OW_Z1bO8bW.webp (reused cache entry) (+2ms) (4076/4121)
09:05:09   ▶ /_astro/hochzeitsreportage_hamburg_preise.fWDsy8Te_ZTrSTP.webp (reused cache entry) (+2ms) (4077/4121)
09:05:09   ▶ /_astro/paris_braut_fotoshooting-25.CK-NykKC_Z1trx08.webp (reused cache entry) (+2ms) (4078/4121)
09:05:09   ▶ /_astro/getting-ready-braut-schleier-hochformat.BAyt0_pa_1eFXAr.webp (reused cache entry) (+2ms) (4079/4121)
09:05:09   ▶ /_astro/instagram-glyph-gradient.CNvVUa0U_Z1NxomJ.png (reused cache entry) (+2ms) (4080/4121)
09:05:09   ▶ /_astro/paris_braut_fotoshooting-16.XnmBjJsu_Z1DIBVN.webp (reused cache entry) (+2ms) (4081/4121)
09:05:09   ▶ /_astro/art_4632.7QaHayVF_UaODc.webp (reused cache entry) (+2ms) (4082/4121)
09:05:09   ▶ /_astro/getting_ready_hochzeitsfotograf_hamburg2372-scaled-2.2kpuGaUA_Zxqtgw.webp (reused cache entry) (+2ms) (4083/4121)
09:05:09   ▶ /_astro/art_3143-bearbeitet-scaled-2.CgYZMTeP_Zc5RUv.webp (reused cache entry) (+2ms) (4084/4121)
09:05:09   ▶ /_astro/art_4265-bearbeitet-2_web.B3qG4rVu_22h7S.webp (reused cache entry) (+2ms) (4085/4121)
09:05:09   ▶ /_astro/paris_braut_fotoshooting-31.Dzh3ZlbB_1vtkkR.webp (reused cache entry) (+2ms) (4086/4121)
09:05:09   ▶ /_astro/paris_braut_fotoshooting-17.CalH26ad_Z8qaQs.webp (reused cache entry) (+2ms) (4087/4121)
09:05:09   ▶ /_astro/art_3822-verbessert-rr-bearbeitet-bearbeitet-scaled-1.n5-_L2OW_sgcj6.webp (reused cache entry) (+2ms) (4088/4121)
09:05:09   ▶ /_astro/paris_braut_fotoshooting-25.CK-NykKC_ZzNSUF.webp (reused cache entry) (+2ms) (4089/4121)
09:05:09   ▶ /_astro/hochzeitsreportage_hamburg_preise.fWDsy8Te_uV8uz.webp (reused cache entry) (+2ms) (4090/4121)
09:05:09   ▶ /_astro/art_4632.7QaHayVF_2wXC75.webp (reused cache entry) (+2ms) (4091/4121)
09:05:09   ▶ /_astro/getting_ready_hochzeitsfotograf_hamburg2372-scaled-2.2kpuGaUA_Z2cfBPv.webp (reused cache entry) (+2ms) (4092/4121)
09:05:09   ▶ /_astro/getting-ready-braut-schleier-hochformat.BAyt0_pa_1pecLA.webp (reused cache entry) (+2ms) (4093/4121)
09:05:09   ▶ /_astro/paris_braut_fotoshooting-16.XnmBjJsu_2o9IAD.webp (reused cache entry) (+2ms) (4094/4121)
09:05:09   ▶ /_astro/pinterest-badge-primary.BX7khWDr_14tBFa.png (reused cache entry) (+2ms) (4095/4121)
09:05:09   ▶ /_astro/art_3143-bearbeitet-scaled-2.CgYZMTeP_ZAfrwP.webp (reused cache entry) (+2ms) (4096/4121)
09:05:09   ▶ /_astro/art_4265-bearbeitet-2_web.B3qG4rVu_13AtIr.webp (reused cache entry) (+2ms) (4097/4121)
09:05:09   ▶ /_astro/paris_braut_fotoshooting-31.Dzh3ZlbB_tax4n.webp (reused cache entry) (+2ms) (4098/4121)
09:05:09   ▶ /_astro/paris_braut_fotoshooting-17.CalH26ad_Dc4S4.webp (reused cache entry) (+2ms) (4099/4121)
09:05:09   ▶ /_astro/art_3822-verbessert-rr-bearbeitet-bearbeitet-scaled-1.n5-_L2OW_16ciyy.webp (reused cache entry) (+2ms) (4100/4121)
09:05:09   ▶ /_astro/paris_braut_fotoshooting-25.CK-NykKC_1XJ7cg.webp (reused cache entry) (+2ms) (4101/4121)
09:05:09   ▶ /_astro/getting_ready_hochzeitsfotograf_hamburg2372-scaled-2.2kpuGaUA_1cHWvT.webp (reused cache entry) (+2ms) (4102/4121)
09:05:09   ▶ /_astro/hochzeitsreportage_hamburg_preise.fWDsy8Te_27dcVt.webp (reused cache entry) (+2ms) (4103/4121)
09:05:09   ▶ /_astro/art_4632.7QaHayVF_Z2fMsNz.webp (reused cache entry) (+2ms) (4104/4121)
09:05:09   ▶ /_astro/getting-ready-braut-schleier-hochformat.BAyt0_pa_1vIvtI.webp (reused cache entry) (+3ms) (4105/4121)
09:05:09   ▶ /_astro/art_4265-bearbeitet-2_web.B3qG4rVu_ZcHemP.webp (reused cache entry) (+2ms) (4106/4121)
09:05:09   ▶ /_astro/art_3143-bearbeitet-scaled-2.CgYZMTeP_So8qX.webp (reused cache entry) (+2ms) (4107/4121)
09:05:09   ▶ /_astro/email-icon.DZNlISRQ_v7quO.webp (reused cache entry) (+2ms) (4108/4121)
09:05:09   ▶ /_astro/paris_braut_fotoshooting-16.XnmBjJsu_Z1MoL8P.webp (reused cache entry) (+3ms) (4109/4121)
09:05:09   ▶ /_astro/weekly-planner-icon.DO-WPgp7_Wbp8n.webp (reused cache entry) (+2ms) (4110/4121)
09:05:09   ▶ /_astro/paris_braut_fotoshooting-31.Dzh3ZlbB_1mNb8P.webp (reused cache entry) (+3ms) (4111/4121)
09:05:09   ▶ /_astro/art_3822-verbessert-rr-bearbeitet-bearbeitet-scaled-1.n5-_L2OW_jT3nB.webp (reused cache entry) (+2ms) (4112/4121)
09:05:09   ▶ /_astro/getting_ready_hochzeitsfotograf_hamburg2372-scaled-2.2kpuGaUA_2ttYrj.webp (reused cache entry) (+2ms) (4113/4121)
09:05:09   ▶ /_astro/art_4632.7QaHayVF_Z1N2pd1.webp (reused cache entry) (+2ms) (4114/4121)
09:05:09   ▶ /_astro/art_4265-bearbeitet-2_web.B3qG4rVu_1VIFK4.webp (reused cache entry) (+2ms) (4115/4121)
09:05:09   ▶ /_astro/art_3143-bearbeitet-scaled-2.CgYZMTeP_ZLJdH7.webp (reused cache entry) (+2ms) (4116/4121)
09:05:09   ▶ /_astro/getting-ready-braut-schleier-hochformat.BAyt0_pa_16Q4Nt.webp (reused cache entry) (+2ms) (4117/4121)
09:05:09   ▶ /_astro/art_4265-bearbeitet-2_web.B3qG4rVu_4jyKl.webp (reused cache entry) (+1ms) (4118/4121)
09:05:09   ▶ /_astro/paris_braut_fotoshooting-31.Dzh3ZlbB_1JGWEN.webp (reused cache entry) (+2ms) (4119/4121)
09:05:09   ▶ /_astro/paris_braut_fotoshooting-16.XnmBjJsu_aT5eI.webp (reused cache entry) (+2ms) (4120/4121)
09:05:09   ▶ /_astro/art_4265-bearbeitet-2_web.B3qG4rVu_2jYKBQ.webp (reused cache entry) (+1ms) (4121/4121)
09:05:09 ✓ Completed in 702ms.

09:05:09 [build] ✓ Completed in 2.08s.
09:05:09 [build] 88 page(s) built in 2.41s
09:05:09 [build] Complete!

> artbild-migration@0.1.0 social:cards
> node scripts/generate-social-cards.mjs

Social cards: 56 indexable pages processed.

> artbild-migration@0.1.0 images:webp
> node scripts/convert-delivered-jpegs-to-webp.mjs

WebP-Auslieferung: 1269 referenzierte JPEG-Dateien konvertiert oder wiederverwendet.
373 nicht referenzierte JPEG-Kopien aus dist entfernt.
77 Textdateien aktualisiert.
Referenzierte Bilder: 143.3 MiB -> 125.9 MiB (12.1 % kleiner).
Prüfung: keine JPEG-Dateien, JPEG-URLs oder ausgehenden image/jpeg-Metatypen in dist.

> artbild-migration@0.1.0 social:cards:validate
> node scripts/validate-social-cards.mjs

Social cards validated: 56 pages, all images 1200 x 630 px.

> artbild-migration@0.1.0 schema:files
> node scripts/normalize-structured-data.mjs

Structured data: 56 pages; shared LocalBusiness, Person, WebSite and photo credits.

> artbild-migration@0.1.0 seo:files
> node scripts/generate-production-seo-files.mjs

Production SEO files: 56 indexable canonical URLs.
Image sitemap: 51 pages, 1128 content image references.
